Timestamp,Output power %,Current Temperature,Target Temperature
2026-05-23T08:31:18.561Z,0,,
2026-05-23T08:31:18.561Z,0,24.34000015258789,0
2026-05-23T08:31:18.561Z,0,24.34000015258789,0
2026-05-23T08:31:18.561Z,0,24.34000015258789,0
2026-05-23T08:31:18.639Z,0,24.34000015258789,0
2026-05-23T08:31:18.639Z,0,24.34000015258789,0
2026-05-23T08:31:18.639Z,0,24.34000015258789,0
2026-05-23T08:31:18.639Z,0,24.34000015258789,0
2026-05-23T08:31:18.644Z,0,24.34000015258789,0
2026-05-23T08:31:18.644Z,0,24.34000015258789,0
2026-05-23T08:31:18.644Z,0,24.34000015258789,0
2026-05-23T08:31:18.644Z,0,24.34000015258789,0
2026-05-23T08:31:18.649Z,0,24.34000015258789,0
2026-05-23T08:31:18.649Z,0,24.34000015258789,0
2026-05-23T08:31:18.649Z,0,24.34000015258789,0
2026-05-23T08:31:18.649Z,0,24.34000015258789,0
2026-05-23T08:31:20.971Z,0,24.34000015258789,0
2026-05-23T08:31:21.575Z,0,24.34000015258789,0
2026-05-23T08:31:21.641Z,0,24.34000015258789,0
2026-05-23T08:31:21.707Z,0,24.34000015258789,0
2026-05-23T08:31:21.773Z,0,24.34000015258789,0
2026-05-23T08:31:21.839Z,0,24.34000015258789,0
2026-05-23T08:31:21.904Z,0,24.34000015258789,0
2026-05-23T08:31:21.970Z,0,24.34000015258789,0
2026-05-23T08:31:22.036Z,0,24.34000015258789,0
2026-05-23T08:31:22.102Z,0,24.34000015258789,0
2026-05-23T08:31:22.168Z,0,24.34000015258789,0
2026-05-23T08:31:22.234Z,0,24.34000015258789,0
2026-05-23T08:31:22.300Z,0,24.34000015258789,0
2026-05-23T08:31:22.367Z,0,24.34000015258789,0
2026-05-23T08:31:22.433Z,0,24.34000015258789,0
2026-05-23T08:31:22.497Z,0,24.34000015258789,0
2026-05-23T08:31:22.563Z,0,24.34000015258789,0
2026-05-23T08:31:22.629Z,0,24.34000015258789,0
2026-05-23T08:31:22.695Z,0,24.34000015258789,0
2026-05-23T08:31:22.761Z,0,24.34000015258789,0
2026-05-23T08:31:22.827Z,0,24.34000015258789,0
2026-05-23T08:31:22.892Z,0,24.34000015258789,0
2026-05-23T08:31:22.958Z,0,24.34000015258789,0
2026-05-23T08:31:23.024Z,0,24.34000015258789,0
2026-05-23T08:31:23.090Z,0,24.34000015258789,0
2026-05-23T08:31:23.156Z,0,24.34000015258789,0
2026-05-23T08:31:23.222Z,0,24.34000015258789,0
2026-05-23T08:31:23.288Z,0,24.34000015258789,0
2026-05-23T08:31:23.354Z,0,24.34000015258789,0
2026-05-23T08:31:23.419Z,0,24.34000015258789,0
2026-05-23T08:31:23.485Z,0,24.34000015258789,0
2026-05-23T08:31:23.551Z,0,24.34000015258789,0
2026-05-23T08:31:23.617Z,0,24.34000015258789,0
2026-05-23T08:31:23.685Z,0,24.34000015258789,0
2026-05-23T08:31:23.750Z,0,24.34000015258789,0
2026-05-23T08:31:23.817Z,0,24.34000015258789,0
2026-05-23T08:31:23.880Z,0,24.34000015258789,0
2026-05-23T08:31:23.946Z,0,24.34000015258789,0
2026-05-23T08:31:24.012Z,0,24.34000015258789,0
2026-05-23T08:31:24.078Z,0,24.34000015258789,0
2026-05-23T08:31:24.144Z,0,24.34000015258789,0
2026-05-23T08:31:24.210Z,0,24.34000015258789,0
2026-05-23T08:31:24.275Z,0,24.34000015258789,0
2026-05-23T08:31:24.342Z,0,24.34000015258789,0
2026-05-23T08:31:24.407Z,0,24.34000015258789,0
2026-05-23T08:31:24.473Z,0,24.34000015258789,0
2026-05-23T08:31:24.539Z,0,24.34000015258789,0
2026-05-23T08:31:24.605Z,0,24.34000015258789,0
2026-05-23T08:31:24.671Z,0,24.34000015258789,0
2026-05-23T08:31:24.737Z,0,24.34000015258789,0
2026-05-23T08:31:24.803Z,0,24.34000015258789,0
2026-05-23T08:31:24.868Z,0,24.34000015258789,0
2026-05-23T08:31:24.934Z,0,24.34000015258789,0
2026-05-23T08:31:25.000Z,0,24.34000015258789,0
2026-05-23T08:31:25.066Z,0,24.34000015258789,0
2026-05-23T08:31:25.133Z,0,24.34000015258789,0
2026-05-23T08:31:25.198Z,0,24.34000015258789,0
2026-05-23T08:31:25.264Z,0,24.34000015258789,0
2026-05-23T08:31:25.330Z,0,24.34000015258789,0
2026-05-23T08:31:25.395Z,0,24.34000015258789,0
2026-05-23T08:31:25.461Z,0,24.34000015258789,0
2026-05-23T08:31:25.527Z,0,24.34000015258789,0
2026-05-23T08:31:25.593Z,0,24.34000015258789,0
2026-05-23T08:31:25.659Z,0,24.34000015258789,0
2026-05-23T08:31:25.725Z,0,24.34000015258789,0
2026-05-23T08:31:25.791Z,0,24.34000015258789,0
2026-05-23T08:31:25.856Z,0,24.34000015258789,0
2026-05-23T08:31:25.922Z,0,24.34000015258789,0
2026-05-23T08:31:25.988Z,0,24.34000015258789,0
2026-05-23T08:31:26.054Z,0,24.34000015258789,0
2026-05-23T08:31:26.120Z,0,24.34000015258789,0
2026-05-23T08:31:26.186Z,0,24.34000015258789,0
2026-05-23T08:31:26.252Z,0,24.34000015258789,0
2026-05-23T08:31:26.317Z,0,24.34000015258789,0
2026-05-23T08:31:26.383Z,0,24.34000015258789,0
2026-05-23T08:31:26.449Z,0,24.34000015258789,0
2026-05-23T08:31:26.515Z,0,24.34000015258789,0
2026-05-23T08:31:26.581Z,0,24.34000015258789,0
2026-05-23T08:31:26.647Z,0,24.34000015258789,0
2026-05-23T08:31:26.713Z,0,24.34000015258789,0
2026-05-23T08:31:26.778Z,0,24.34000015258789,0
2026-05-23T08:31:26.844Z,0,24.34000015258789,0
2026-05-23T08:31:26.910Z,0,24.34000015258789,0
2026-05-23T08:31:26.976Z,0,24.34000015258789,0
2026-05-23T08:31:27.042Z,0,24.34000015258789,0
2026-05-23T08:31:27.108Z,0,24.34000015258789,0
2026-05-23T08:31:27.174Z,0,24.34000015258789,0
2026-05-23T08:31:27.239Z,0,24.34000015258789,0
2026-05-23T08:31:27.305Z,0,24.34000015258789,0
2026-05-23T08:31:27.371Z,0,24.34000015258789,0
2026-05-23T08:31:27.437Z,0,24.34000015258789,0
2026-05-23T08:31:27.503Z,0,24.34000015258789,0
2026-05-23T08:31:27.569Z,0,24.34000015258789,0
2026-05-23T08:31:27.635Z,0,24.34000015258789,0
2026-05-23T08:31:27.701Z,0,24.34000015258789,0
2026-05-23T08:31:27.767Z,0,24.34000015258789,0
2026-05-23T08:31:27.833Z,0,24.34000015258789,0
2026-05-23T08:31:27.898Z,0,24.34000015258789,0
2026-05-23T08:31:27.964Z,0,24.34000015258789,0
2026-05-23T08:31:28.030Z,0,24.34000015258789,0
2026-05-23T08:31:28.096Z,0,24.34000015258789,0
2026-05-23T08:31:28.162Z,0,24.34000015258789,0
2026-05-23T08:31:28.227Z,0,24.34000015258789,0
2026-05-23T08:31:28.293Z,0,24.34000015258789,0
2026-05-23T08:31:28.359Z,0,24.34000015258789,0
2026-05-23T08:31:28.425Z,0,24.34000015258789,0
2026-05-23T08:31:28.491Z,0,24.34000015258789,0
2026-05-23T08:31:28.557Z,0,24.34000015258789,0
2026-05-23T08:31:28.623Z,0,24.34000015258789,0
2026-05-23T08:31:28.689Z,0,24.34000015258789,0
2026-05-23T08:31:28.754Z,0,24.34000015258789,0
2026-05-23T08:31:28.820Z,0,24.34000015258789,0
2026-05-23T08:31:28.886Z,0,24.34000015258789,0
2026-05-23T08:31:28.955Z,0,24.34000015258789,0
2026-05-23T08:31:29.021Z,0,24.34000015258789,0
2026-05-23T08:31:29.084Z,0,24.34000015258789,0
2026-05-23T08:31:29.151Z,0,24.34000015258789,0
2026-05-23T08:31:29.215Z,0,24.34000015258789,0
2026-05-23T08:31:29.281Z,0,24.34000015258789,0
2026-05-23T08:31:29.347Z,0,24.34000015258789,0
2026-05-23T08:31:29.413Z,0,24.34000015258789,0
2026-05-23T08:31:29.479Z,0,24.34000015258789,0
2026-05-23T08:31:29.545Z,0,24.34000015258789,0
2026-05-23T08:31:29.611Z,0,24.34000015258789,0
2026-05-23T08:31:29.676Z,0,24.34000015258789,0
2026-05-23T08:31:29.742Z,0,24.34000015258789,0
2026-05-23T08:31:29.808Z,0,24.34000015258789,0
2026-05-23T08:31:29.874Z,0,24.34000015258789,0
2026-05-23T08:31:29.940Z,0,24.34000015258789,0
2026-05-23T08:31:30.006Z,0,24.34000015258789,0
2026-05-23T08:31:30.072Z,0,24.34000015258789,0
2026-05-23T08:31:30.138Z,0,24.34000015258789,0
2026-05-23T08:31:30.203Z,0,24.34000015258789,0
2026-05-23T08:31:30.270Z,0,24.34000015258789,0
2026-05-23T08:31:30.335Z,0,24.34000015258789,0
2026-05-23T08:31:30.401Z,0,24.34000015258789,0
2026-05-23T08:31:30.468Z,0,24.34000015258789,0
2026-05-23T08:31:30.533Z,0,24.34000015258789,0
2026-05-23T08:31:30.599Z,0,24.34000015258789,0
2026-05-23T08:31:30.664Z,0,24.34000015258789,0
2026-05-23T08:31:30.730Z,0,24.34000015258789,0
2026-05-23T08:31:30.796Z,0,24.34000015258789,0
2026-05-23T08:31:30.862Z,0,24.34000015258789,0
2026-05-23T08:31:30.928Z,0,24.34000015258789,0
2026-05-23T08:31:30.994Z,0,24.34000015258789,0
2026-05-23T08:31:31.060Z,0,24.34000015258789,0
2026-05-23T08:31:31.125Z,0,24.34000015258789,0
2026-05-23T08:31:31.191Z,0,24.34000015258789,0
2026-05-23T08:31:31.257Z,0,24.34000015258789,0
2026-05-23T08:31:31.323Z,0,24.34000015258789,0
2026-05-23T08:31:31.389Z,0,24.34000015258789,0
2026-05-23T08:31:31.455Z,0,24.34000015258789,0
2026-05-23T08:31:31.521Z,0,24.34000015258789,0
2026-05-23T08:31:31.587Z,0,24.34000015258789,0
2026-05-23T08:31:31.653Z,0,24.34000015258789,0
2026-05-23T08:31:31.720Z,0,24.34000015258789,0
2026-05-23T08:31:31.786Z,0,24.34000015258789,0
2026-05-23T08:31:31.853Z,0,24.34000015258789,0
2026-05-23T08:31:31.916Z,0,24.34000015258789,0
2026-05-23T08:31:32.009Z,0,24.34000015258789,0
2026-05-23T08:31:32.048Z,0,24.34000015258789,0
2026-05-23T08:31:32.113Z,0,24.34000015258789,0
2026-05-23T08:31:32.179Z,0,24.34000015258789,0
2026-05-23T08:31:32.245Z,0,24.34000015258789,0
2026-05-23T08:31:32.311Z,0,24.34000015258789,0
2026-05-23T08:31:32.377Z,0,24.34000015258789,0
2026-05-23T08:31:32.443Z,0,24.34000015258789,0
2026-05-23T08:31:32.509Z,0,24.34000015258789,0
2026-05-23T08:31:32.574Z,0,24.34000015258789,0
2026-05-23T08:31:32.640Z,0,24.34000015258789,0
2026-05-23T08:31:32.706Z,0,24.34000015258789,0
2026-05-23T08:31:32.772Z,0,24.34000015258789,0
2026-05-23T08:31:32.838Z,0,24.34000015258789,0
2026-05-23T08:31:32.904Z,0,24.34000015258789,0
2026-05-23T08:31:32.970Z,0,24.34000015258789,0
2026-05-23T08:31:33.036Z,0,24.34000015258789,0
2026-05-23T08:31:33.102Z,0,24.34000015258789,0
2026-05-23T08:31:33.169Z,0,24.34000015258789,0
2026-05-23T08:31:33.233Z,0,24.34000015258789,0
2026-05-23T08:31:33.299Z,0,24.34000015258789,0
2026-05-23T08:31:33.365Z,0,24.34000015258789,0
2026-05-23T08:31:33.431Z,0,24.34000015258789,0
2026-05-23T08:31:33.497Z,0,24.34000015258789,0
2026-05-23T08:31:33.562Z,0,24.34000015258789,0
2026-05-23T08:31:33.628Z,0,24.34000015258789,0
2026-05-23T08:31:33.694Z,0,24.34000015258789,0
2026-05-23T08:31:33.760Z,0,24.34000015258789,0
2026-05-23T08:31:33.826Z,0,24.34000015258789,0
2026-05-23T08:31:33.892Z,0,24.34000015258789,0
2026-05-23T08:31:33.958Z,0,24.34000015258789,0
2026-05-23T08:31:34.023Z,0,24.34000015258789,0
2026-05-23T08:31:34.089Z,0,24.34000015258789,0
2026-05-23T08:31:34.155Z,0,24.34000015258789,0
2026-05-23T08:31:34.221Z,0,24.34000015258789,0
2026-05-23T08:31:34.287Z,0,24.34000015258789,0
2026-05-23T08:31:34.353Z,0,24.34000015258789,0
2026-05-23T08:31:34.419Z,0,24.34000015258789,0
2026-05-23T08:31:34.485Z,0,24.34000015258789,0
2026-05-23T08:31:34.551Z,0,24.34000015258789,0
2026-05-23T08:31:34.616Z,0,24.34000015258789,0
2026-05-23T08:31:34.682Z,0,24.34000015258789,0
2026-05-23T08:31:34.748Z,0,24.34000015258789,0
2026-05-23T08:31:34.814Z,0,24.34000015258789,0
2026-05-23T08:31:34.880Z,0,24.34000015258789,0
2026-05-23T08:31:34.946Z,0,24.34000015258789,0
2026-05-23T08:31:35.011Z,0,24.34000015258789,0
2026-05-23T08:31:35.077Z,0,24.34000015258789,0
2026-05-23T08:31:35.143Z,0,24.34000015258789,0
2026-05-23T08:31:35.209Z,0,24.34000015258789,0
2026-05-23T08:31:35.275Z,0,24.34000015258789,0
2026-05-23T08:31:35.341Z,0,24.34000015258789,0
2026-05-23T08:31:35.407Z,0,24.34000015258789,0
2026-05-23T08:31:35.473Z,0,24.34000015258789,0
2026-05-23T08:31:35.539Z,0,24.34000015258789,0
2026-05-23T08:31:35.605Z,0,24.34000015258789,0
2026-05-23T08:31:35.670Z,0,24.34000015258789,0
2026-05-23T08:31:35.737Z,0,24.34000015258789,0
2026-05-23T08:31:35.802Z,0,24.34000015258789,0
2026-05-23T08:31:35.868Z,0,24.34000015258789,0
2026-05-23T08:31:35.934Z,0,24.34000015258789,0
2026-05-23T08:31:35.999Z,0,24.34000015258789,0
2026-05-23T08:31:36.065Z,0,24.34000015258789,0
2026-05-23T08:31:36.131Z,0,24.34000015258789,0
2026-05-23T08:31:36.197Z,0,24.34000015258789,0
2026-05-23T08:31:36.263Z,0,24.34000015258789,0
2026-05-23T08:31:36.329Z,0,24.34000015258789,0
2026-05-23T08:31:36.395Z,0,24.34000015258789,0
2026-05-23T08:31:36.460Z,0,24.34000015258789,0
2026-05-23T08:31:36.528Z,0,24.34000015258789,0
2026-05-23T08:31:36.592Z,0,24.34000015258789,0
2026-05-23T08:31:36.659Z,0,24.34000015258789,0
2026-05-23T08:31:36.724Z,0,24.34000015258789,0
2026-05-23T08:31:36.790Z,0,24.34000015258789,0
2026-05-23T08:31:36.856Z,0,24.34000015258789,0
2026-05-23T08:31:36.922Z,0,24.34000015258789,0
2026-05-23T08:31:36.987Z,0,24.34000015258789,0
2026-05-23T08:31:37.053Z,0,24.34000015258789,0
2026-05-23T08:31:37.120Z,0,24.34000015258789,0
2026-05-23T08:31:37.185Z,0,24.34000015258789,0
2026-05-23T08:31:37.251Z,0,24.34000015258789,0
2026-05-23T08:31:37.317Z,0,24.34000015258789,0
2026-05-23T08:31:37.383Z,0,24.34000015258789,0
2026-05-23T08:31:37.448Z,0,24.34000015258789,0
2026-05-23T08:31:37.514Z,0,24.34000015258789,0
2026-05-23T08:31:37.580Z,0,24.34000015258789,0
2026-05-23T08:31:37.646Z,0,24.34000015258789,0
2026-05-23T08:31:37.712Z,0,24.34000015258789,0
2026-05-23T08:31:37.778Z,0,24.34000015258789,0
2026-05-23T08:31:37.844Z,0,24.34000015258789,0
2026-05-23T08:31:37.910Z,0,24.34000015258789,0
2026-05-23T08:31:37.975Z,0,24.34000015258789,0
2026-05-23T08:31:38.041Z,0,24.34000015258789,0
2026-05-23T08:31:38.107Z,0,24.34000015258789,0
2026-05-23T08:31:38.173Z,0,24.34000015258789,0
2026-05-23T08:31:38.239Z,0,24.34000015258789,0
2026-05-23T08:31:38.305Z,0,24.34000015258789,0
2026-05-23T08:31:38.371Z,0,24.34000015258789,0
2026-05-23T08:31:38.437Z,0,24.34000015258789,0
2026-05-23T08:31:38.503Z,0,24.34000015258789,0
2026-05-23T08:31:38.568Z,0,24.34000015258789,0
2026-05-23T08:31:38.634Z,0,24.34000015258789,0
2026-05-23T08:31:38.700Z,0,24.34000015258789,0
2026-05-23T08:31:38.766Z,0,24.34000015258789,0
2026-05-23T08:31:38.832Z,0,24.34000015258789,0
2026-05-23T08:31:38.898Z,0,24.34000015258789,0
2026-05-23T08:31:38.963Z,0,24.34000015258789,0
2026-05-23T08:31:39.029Z,0,24.34000015258789,0
2026-05-23T08:31:39.095Z,0,24.34000015258789,0
2026-05-23T08:31:39.161Z,0,24.34000015258789,0
2026-05-23T08:31:39.227Z,0,24.34000015258789,0
2026-05-23T08:31:39.293Z,0,24.34000015258789,0
2026-05-23T08:31:39.359Z,0,24.34000015258789,0
2026-05-23T08:31:39.425Z,0,24.34000015258789,0
2026-05-23T08:31:39.490Z,0,24.34000015258789,0
2026-05-23T08:31:39.556Z,0,24.34000015258789,0
2026-05-23T08:31:39.622Z,0,24.34000015258789,0
2026-05-23T08:31:39.688Z,0,24.34000015258789,0
2026-05-23T08:31:39.754Z,0,24.34000015258789,0
2026-05-23T08:31:39.821Z,0,24.34000015258789,0
2026-05-23T08:31:39.887Z,0,24.34000015258789,0
2026-05-23T08:31:39.951Z,0,24.34000015258789,0
2026-05-23T08:31:40.017Z,0,24.34000015258789,0
2026-05-23T08:31:40.083Z,0,24.34000015258789,0
2026-05-23T08:31:40.149Z,0,24.34000015258789,0
2026-05-23T08:31:40.215Z,0,24.34000015258789,0
2026-05-23T08:31:40.281Z,0,24.34000015258789,0
2026-05-23T08:31:40.347Z,0,24.34000015258789,0
2026-05-23T08:31:40.412Z,0,24.34000015258789,0
2026-05-23T08:31:40.478Z,0,24.34000015258789,0
2026-05-23T08:31:40.544Z,0,24.34000015258789,0
2026-05-23T08:31:40.610Z,0,24.34000015258789,0
2026-05-23T08:31:40.676Z,0,24.34000015258789,0
2026-05-23T08:31:40.742Z,0,24.34000015258789,0
2026-05-23T08:31:40.808Z,0,24.34000015258789,0
2026-05-23T08:31:40.873Z,0,24.34000015258789,0
2026-05-23T08:31:40.939Z,0,24.34000015258789,0
2026-05-23T08:31:41.005Z,0,24.34000015258789,0
2026-05-23T08:31:41.071Z,0,24.34000015258789,0
2026-05-23T08:31:41.137Z,0,24.34000015258789,0
2026-05-23T08:31:41.226Z,0,24.34000015258789,0
2026-05-23T08:31:41.275Z,0,24.34000015258789,0
2026-05-23T08:31:41.334Z,0,24.34000015258789,0
2026-05-23T08:31:41.400Z,0,24.34000015258789,0
2026-05-23T08:31:41.466Z,0,24.34000015258789,0
2026-05-23T08:31:41.532Z,0,24.34000015258789,0
2026-05-23T08:31:41.598Z,0,24.34000015258789,0
2026-05-23T08:31:41.664Z,0,24.34000015258789,0
2026-05-23T08:31:41.730Z,0,24.34000015258789,0
2026-05-23T08:31:41.795Z,0,24.34000015258789,0
2026-05-23T08:31:41.861Z,0,24.34000015258789,0
2026-05-23T08:31:41.927Z,0,24.34000015258789,0
2026-05-23T08:31:41.993Z,0,24.34000015258789,0
2026-05-23T08:31:42.059Z,0,24.34000015258789,0
2026-05-23T08:31:42.125Z,0,24.34000015258789,0
2026-05-23T08:31:42.191Z,0,24.34000015258789,0
2026-05-23T08:31:42.257Z,0,24.34000015258789,0
2026-05-23T08:31:42.323Z,0,24.34000015258789,0
2026-05-23T08:31:42.388Z,0,24.34000015258789,0
2026-05-23T08:31:42.454Z,0,24.34000015258789,0
2026-05-23T08:31:42.521Z,0,24.34000015258789,0
2026-05-23T08:31:42.586Z,0,24.34000015258789,0
2026-05-23T08:31:42.652Z,0,24.34000015258789,0
2026-05-23T08:31:42.718Z,0,24.34000015258789,0
2026-05-23T08:31:42.784Z,0,24.34000015258789,0
2026-05-23T08:31:42.849Z,0,24.34000015258789,0
2026-05-23T08:31:42.915Z,0,24.34000015258789,0
2026-05-23T08:31:42.981Z,0,24.34000015258789,0
2026-05-23T08:31:43.047Z,0,24.34000015258789,0
2026-05-23T08:31:43.113Z,0,24.34000015258789,0
2026-05-23T08:31:43.179Z,0,24.34000015258789,0
2026-05-23T08:31:43.245Z,0,24.34000015258789,0
2026-05-23T08:31:43.310Z,0,24.34000015258789,0
2026-05-23T08:31:43.388Z,0,24.34000015258789,0
2026-05-23T08:31:43.442Z,0,24.34000015258789,0
2026-05-23T08:31:43.508Z,0,24.34000015258789,0
2026-05-23T08:31:43.574Z,0,24.34000015258789,0
2026-05-23T08:31:43.640Z,0,24.34000015258789,0
2026-05-23T08:31:43.706Z,0,24.34000015258789,0
2026-05-23T08:31:43.772Z,0,24.34000015258789,0
2026-05-23T08:31:43.837Z,0,24.34000015258789,0
2026-05-23T08:31:43.903Z,0,24.34000015258789,0
2026-05-23T08:31:43.969Z,0,24.34000015258789,0
2026-05-23T08:31:44.035Z,0,24.34000015258789,0
2026-05-23T08:31:44.101Z,0,24.34000015258789,0
2026-05-23T08:31:44.167Z,0,24.34000015258789,0
2026-05-23T08:31:44.232Z,0,24.34000015258789,0
2026-05-23T08:31:44.298Z,0,24.34000015258789,0
2026-05-23T08:31:44.364Z,0,24.34000015258789,0
2026-05-23T08:31:44.430Z,0,24.34000015258789,0
2026-05-23T08:31:44.496Z,0,24.34000015258789,0
2026-05-23T08:31:44.562Z,0,24.34000015258789,0
2026-05-23T08:31:44.628Z,0,24.34000015258789,0
2026-05-23T08:31:44.693Z,0,24.34000015258789,0
2026-05-23T08:31:44.759Z,0,24.34000015258789,0
2026-05-23T08:31:44.825Z,0,24.34000015258789,0
2026-05-23T08:31:44.891Z,0,24.34000015258789,0
2026-05-23T08:31:44.957Z,0,24.34000015258789,0
2026-05-23T08:31:45.023Z,0,24.34000015258789,0
2026-05-23T08:31:45.089Z,0,24.34000015258789,0
2026-05-23T08:31:45.155Z,0,24.34000015258789,0
2026-05-23T08:31:45.221Z,0,24.34000015258789,0
2026-05-23T08:31:45.286Z,0,24.34000015258789,0
2026-05-23T08:31:45.352Z,0,24.34000015258789,0
2026-05-23T08:31:45.418Z,0,24.34000015258789,0
2026-05-23T08:31:45.484Z,0,24.34000015258789,0
2026-05-23T08:31:45.550Z,0,24.34000015258789,0
2026-05-23T08:31:45.616Z,0,24.34000015258789,0
2026-05-23T08:31:45.681Z,0,24.34000015258789,0
2026-05-23T08:31:45.747Z,0,24.34000015258789,0
2026-05-23T08:31:45.813Z,0,24.34000015258789,0
2026-05-23T08:31:45.893Z,0,24.34000015258789,0
2026-05-23T08:31:45.945Z,0,24.34000015258789,0
2026-05-23T08:31:46.011Z,0,24.34000015258789,0
2026-05-23T08:31:46.077Z,0,24.34000015258789,0
2026-05-23T08:31:46.143Z,0,24.34000015258789,0
2026-05-23T08:31:46.208Z,0,24.34000015258789,0
2026-05-23T08:31:46.274Z,0,24.34000015258789,0
2026-05-23T08:31:46.340Z,0,24.34000015258789,0
2026-05-23T08:31:46.406Z,0,24.34000015258789,0
2026-05-23T08:31:46.472Z,0,24.34000015258789,0
2026-05-23T08:31:46.538Z,0,24.34000015258789,0
2026-05-23T08:31:46.604Z,0,24.34000015258789,0
2026-05-23T08:31:46.669Z,0,24.34000015258789,0
2026-05-23T08:31:46.735Z,0,24.34000015258789,0
2026-05-23T08:31:46.801Z,0,24.34000015258789,0
2026-05-23T08:31:46.867Z,0,24.34000015258789,0
2026-05-23T08:31:46.933Z,0,24.34000015258789,0
2026-05-23T08:31:46.999Z,0,24.34000015258789,0
2026-05-23T08:31:47.065Z,0,24.34000015258789,0
2026-05-23T08:31:47.130Z,0,24.34000015258789,0
2026-05-23T08:31:47.196Z,0,24.34000015258789,0
2026-05-23T08:31:47.262Z,0,24.34000015258789,0
2026-05-23T08:31:47.328Z,0,24.34000015258789,0
2026-05-23T08:31:47.394Z,0,24.34000015258789,0
2026-05-23T08:31:47.460Z,0,24.34000015258789,0
2026-05-23T08:31:47.526Z,0,24.34000015258789,0
2026-05-23T08:31:47.592Z,0,24.34000015258789,0
2026-05-23T08:31:47.658Z,0,24.34000015258789,0
2026-05-23T08:31:47.723Z,0,24.34000015258789,0
2026-05-23T08:31:47.790Z,0,24.34000015258789,0
2026-05-23T08:31:47.856Z,0,24.34000015258789,0
2026-05-23T08:31:47.921Z,0,24.34000015258789,0
2026-05-23T08:31:47.987Z,0,24.34000015258789,0
2026-05-23T08:31:48.053Z,0,24.34000015258789,0
2026-05-23T08:31:48.118Z,0,24.34000015258789,0
2026-05-23T08:31:48.184Z,0,24.34000015258789,0
2026-05-23T08:31:48.250Z,0,24.34000015258789,0
2026-05-23T08:31:48.316Z,0,24.34000015258789,0
2026-05-23T08:31:48.382Z,0,24.34000015258789,0
2026-05-23T08:31:48.448Z,0,24.34000015258789,0
2026-05-23T08:31:48.514Z,0,24.34000015258789,0
2026-05-23T08:31:48.580Z,0,24.34000015258789,0
2026-05-23T08:31:48.646Z,0,24.34000015258789,0
2026-05-23T08:31:48.711Z,0,24.34000015258789,0
2026-05-23T08:31:48.777Z,0,24.34000015258789,0
2026-05-23T08:31:48.843Z,0,24.34000015258789,0
2026-05-23T08:31:48.909Z,0,24.34000015258789,0
2026-05-23T08:31:48.980Z,0,24.34000015258789,0
2026-05-23T08:31:49.042Z,0,24.34000015258789,0
2026-05-23T08:31:49.107Z,0,24.34000015258789,0
2026-05-23T08:31:49.173Z,0,24.34000015258789,0
2026-05-23T08:31:49.240Z,0,24.34000015258789,0
2026-05-23T08:31:49.304Z,0,24.34000015258789,0
2026-05-23T08:31:49.370Z,0,24.34000015258789,0
2026-05-23T08:31:49.436Z,0,24.34000015258789,0
2026-05-23T08:31:49.502Z,0,24.34000015258789,0
2026-05-23T08:31:49.567Z,0,24.34000015258789,0
2026-05-23T08:31:49.633Z,0,24.34000015258789,0
2026-05-23T08:31:49.699Z,0,24.34000015258789,0
2026-05-23T08:31:49.765Z,0,24.34000015258789,0
2026-05-23T08:31:49.831Z,0,24.34000015258789,0
2026-05-23T08:31:49.897Z,0,24.34000015258789,0
2026-05-23T08:31:49.966Z,0,24.34000015258789,0
2026-05-23T08:31:50.029Z,0,24.34000015258789,0
2026-05-23T08:31:50.094Z,0,24.34000015258789,0
2026-05-23T08:31:50.160Z,0,24.34000015258789,0
2026-05-23T08:31:50.226Z,0,24.34000015258789,0
2026-05-23T08:31:50.292Z,0,24.34000015258789,0
2026-05-23T08:31:50.358Z,0,24.34000015258789,0
2026-05-23T08:31:50.424Z,0,24.34000015258789,0
2026-05-23T08:31:50.490Z,0,24.34000015258789,0
2026-05-23T08:31:50.556Z,0,24.34000015258789,0
2026-05-23T08:31:50.622Z,0,24.34000015258789,0
2026-05-23T08:31:50.687Z,0,24.34000015258789,0
2026-05-23T08:31:50.753Z,0,24.34000015258789,0
2026-05-23T08:31:50.819Z,0,24.34000015258789,0
2026-05-23T08:31:50.885Z,0,24.34000015258789,0
2026-05-23T08:31:50.951Z,0,24.34000015258789,0
2026-05-23T08:31:51.017Z,0,24.34000015258789,0
2026-05-23T08:31:51.100Z,0,24.34000015258789,0
2026-05-23T08:31:51.150Z,0,24.34000015258789,0
2026-05-23T08:31:51.214Z,0,24.34000015258789,0
2026-05-23T08:31:51.280Z,0,24.34000015258789,0
2026-05-23T08:31:51.346Z,0,24.34000015258789,0
2026-05-23T08:31:51.412Z,0,24.34000015258789,0
2026-05-23T08:31:51.478Z,0,24.34000015258789,0
2026-05-23T08:31:51.543Z,0,24.34000015258789,0
2026-05-23T08:31:51.609Z,0,24.34000015258789,0
2026-05-23T08:31:51.675Z,0,24.34000015258789,0
2026-05-23T08:31:51.741Z,0,24.34000015258789,0
2026-05-23T08:31:51.808Z,0,24.34000015258789,0
2026-05-23T08:31:51.873Z,0,24.34000015258789,0
2026-05-23T08:31:51.939Z,0,24.34000015258789,0
2026-05-23T08:31:52.004Z,0,24.34000015258789,0
2026-05-23T08:31:52.070Z,0,24.34000015258789,0
2026-05-23T08:31:52.136Z,0,24.34000015258789,0
2026-05-23T08:31:52.202Z,0,24.34000015258789,0
2026-05-23T08:31:52.268Z,0,24.34000015258789,0
2026-05-23T08:31:52.334Z,0,24.34000015258789,0
2026-05-23T08:31:52.400Z,0,24.34000015258789,0
2026-05-23T08:31:52.466Z,0,24.34000015258789,0
2026-05-23T08:31:52.531Z,0,24.34000015258789,0
2026-05-23T08:31:52.597Z,0,24.34000015258789,0
2026-05-23T08:31:52.663Z,0,24.34000015258789,0
2026-05-23T08:31:52.729Z,0,24.34000015258789,0
2026-05-23T08:31:52.795Z,0,24.34000015258789,0
2026-05-23T08:31:52.861Z,0,24.34000015258789,0
2026-05-23T08:31:52.927Z,0,24.34000015258789,0
2026-05-23T08:31:52.993Z,0,24.34000015258789,0
2026-05-23T08:31:53.058Z,0,24.34000015258789,0
2026-05-23T08:31:53.125Z,0,24.34000015258789,0
2026-05-23T08:31:53.190Z,0,24.34000015258789,0
2026-05-23T08:31:53.257Z,0,24.34000015258789,0
2026-05-23T08:31:53.322Z,0,24.34000015258789,0
2026-05-23T08:31:53.388Z,0,24.34000015258789,0
2026-05-23T08:31:53.453Z,0,24.34000015258789,0
2026-05-23T08:31:53.519Z,0,24.34000015258789,0
2026-05-23T08:31:53.585Z,0,24.34000015258789,0
2026-05-23T08:31:53.651Z,0,24.34000015258789,0
2026-05-23T08:31:53.717Z,0,24.34000015258789,0
2026-05-23T08:31:53.783Z,0,24.34000015258789,0
2026-05-23T08:31:53.849Z,0,24.34000015258789,0
2026-05-23T08:31:53.914Z,0,24.34000015258789,0
2026-05-23T08:31:53.980Z,0,24.34000015258789,0
2026-05-23T08:31:54.046Z,0,24.34000015258789,0
2026-05-23T08:31:54.112Z,0,24.34000015258789,0
2026-05-23T08:31:54.178Z,0,24.34000015258789,0
2026-05-23T08:31:54.244Z,0,24.34000015258789,0
2026-05-23T08:31:54.310Z,0,24.34000015258789,0
2026-05-23T08:31:54.376Z,0,24.34000015258789,0
2026-05-23T08:31:54.442Z,0,24.34000015258789,0
2026-05-23T08:31:54.550Z,0,24.34000015258789,0
2026-05-23T08:31:54.595Z,0,24.34000015258789,0
2026-05-23T08:31:54.639Z,0,24.34000015258789,0
2026-05-23T08:31:54.705Z,0,24.34000015258789,0
2026-05-23T08:31:54.771Z,0,24.34000015258789,0
2026-05-23T08:31:54.837Z,0,24.34000015258789,0
2026-05-23T08:31:54.903Z,0,24.34000015258789,0
2026-05-23T08:31:54.968Z,0,24.34000015258789,0
2026-05-23T08:31:55.034Z,0,24.34000015258789,0
2026-05-23T08:31:55.100Z,0,24.34000015258789,0
2026-05-23T08:31:55.166Z,0,24.34000015258789,0
2026-05-23T08:31:55.232Z,0,24.34000015258789,0
2026-05-23T08:31:55.298Z,0,24.34000015258789,0
2026-05-23T08:31:55.364Z,0,24.34000015258789,0
2026-05-23T08:31:55.429Z,0,24.34000015258789,0
2026-05-23T08:31:55.495Z,0,24.34000015258789,0
2026-05-23T08:31:55.561Z,0,24.34000015258789,0
2026-05-23T08:31:55.627Z,0,24.34000015258789,0
2026-05-23T08:31:55.693Z,0,24.34000015258789,0
2026-05-23T08:31:55.759Z,0,24.34000015258789,0
2026-05-23T08:31:55.825Z,0,24.34000015258789,0
2026-05-23T08:31:55.891Z,0,24.34000015258789,0
2026-05-23T08:31:55.958Z,0,24.34000015258789,0
2026-05-23T08:31:56.022Z,0,24.34000015258789,0
2026-05-23T08:31:56.088Z,0,24.34000015258789,0
2026-05-23T08:31:56.154Z,0,24.34000015258789,0
2026-05-23T08:31:56.220Z,0,24.43000030517578,0
2026-05-23T08:31:56.286Z,0,24.34000015258789,0
2026-05-23T08:31:56.352Z,0,24.43000030517578,0
2026-05-23T08:31:56.417Z,0,24.43000030517578,0
2026-05-23T08:31:56.483Z,0,24.43000030517578,0
2026-05-23T08:31:56.549Z,0,24.43000030517578,0
2026-05-23T08:31:56.615Z,0,24.43000030517578,0
2026-05-23T08:31:56.681Z,0,24.43000030517578,0
2026-05-23T08:31:56.747Z,0,24.43000030517578,0
2026-05-23T08:31:56.813Z,0,24.43000030517578,0
2026-05-23T08:31:56.878Z,0,24.43000030517578,0
2026-05-23T08:31:56.944Z,0,24.43000030517578,0
2026-05-23T08:31:57.010Z,0,24.43000030517578,0
2026-05-23T08:31:57.076Z,0,24.43000030517578,0
2026-05-23T08:31:57.142Z,0,24.43000030517578,0
2026-05-23T08:31:57.208Z,0,24.43000030517578,0
2026-05-23T08:31:57.274Z,0,24.43000030517578,0
2026-05-23T08:31:57.339Z,0,24.43000030517578,0
2026-05-23T08:31:57.406Z,0,24.43000030517578,0
2026-05-23T08:31:57.471Z,0,24.43000030517578,0
2026-05-23T08:31:57.549Z,0,24.43000030517578,0
2026-05-23T08:31:57.603Z,0,24.43000030517578,0
2026-05-23T08:31:57.669Z,0,24.43000030517578,0
2026-05-23T08:31:57.738Z,0,24.43000030517578,0
2026-05-23T08:31:57.801Z,0,24.43000030517578,0
2026-05-23T08:31:57.866Z,0,24.43000030517578,0
2026-05-23T08:31:57.932Z,0,24.43000030517578,0
2026-05-23T08:31:57.998Z,0,24.43000030517578,0
2026-05-23T08:31:58.064Z,0,24.43000030517578,0
2026-05-23T08:31:58.130Z,0,24.43000030517578,0
2026-05-23T08:31:58.196Z,0,24.43000030517578,0
2026-05-23T08:31:58.262Z,0,24.43000030517578,0
2026-05-23T08:31:58.328Z,0,24.43000030517578,0
2026-05-23T08:31:58.393Z,0,24.43000030517578,0
2026-05-23T08:31:58.459Z,0,24.43000030517578,0
2026-05-23T08:31:58.525Z,0,24.43000030517578,0
2026-05-23T08:31:58.593Z,0,24.43000030517578,0
2026-05-23T08:31:58.657Z,0,24.43000030517578,0
2026-05-23T08:31:58.723Z,0,24.43000030517578,0
2026-05-23T08:31:58.789Z,0,24.43000030517578,0
2026-05-23T08:31:58.854Z,0,24.43000030517578,0
2026-05-23T08:31:58.920Z,0,24.43000030517578,0
2026-05-23T08:31:58.986Z,0,24.43000030517578,0
2026-05-23T08:31:59.052Z,0,24.43000030517578,0
2026-05-23T08:31:59.118Z,0,24.43000030517578,0
2026-05-23T08:31:59.184Z,0,24.43000030517578,0
2026-05-23T08:31:59.250Z,0,24.43000030517578,0
2026-05-23T08:31:59.315Z,0,24.43000030517578,0
2026-05-23T08:31:59.381Z,0,24.43000030517578,0
2026-05-23T08:31:59.447Z,0,24.43000030517578,0
2026-05-23T08:31:59.513Z,0,24.43000030517578,0
2026-05-23T08:31:59.579Z,0,24.43000030517578,0
2026-05-23T08:31:59.645Z,0,24.43000030517578,0
2026-05-23T08:31:59.711Z,0,24.43000030517578,0
2026-05-23T08:31:59.777Z,0,24.43000030517578,0
2026-05-23T08:31:59.843Z,0,24.43000030517578,0
2026-05-23T08:31:59.909Z,0,24.43000030517578,0
2026-05-23T08:31:59.974Z,0,24.43000030517578,0
2026-05-23T08:32:00.040Z,0,24.43000030517578,0
2026-05-23T08:32:00.106Z,0,24.43000030517578,0
2026-05-23T08:32:00.172Z,0,24.43000030517578,0
2026-05-23T08:32:00.238Z,0,24.43000030517578,0
2026-05-23T08:32:00.303Z,0,24.43000030517578,0
2026-05-23T08:32:00.369Z,0,24.43000030517578,0
2026-05-23T08:32:00.435Z,0,24.43000030517578,0
2026-05-23T08:32:00.501Z,0,24.43000030517578,0
2026-05-23T08:32:00.567Z,0,24.43000030517578,0
2026-05-23T08:32:00.633Z,0,24.43000030517578,0
2026-05-23T08:32:00.699Z,0,24.43000030517578,0
2026-05-23T08:32:00.765Z,0,24.43000030517578,0
2026-05-23T08:32:00.830Z,0,24.43000030517578,0
2026-05-23T08:32:00.896Z,0,24.43000030517578,0
2026-05-23T08:32:00.962Z,0,24.43000030517578,0
2026-05-23T08:32:01.028Z,0,24.43000030517578,0
2026-05-23T08:32:01.094Z,0,24.43000030517578,0
2026-05-23T08:32:01.160Z,0,24.43000030517578,0
2026-05-23T08:32:01.226Z,0,24.43000030517578,0
2026-05-23T08:32:01.292Z,0,24.43000030517578,0
2026-05-23T08:32:01.357Z,0,24.43000030517578,0
2026-05-23T08:32:01.423Z,0,24.43000030517578,0
2026-05-23T08:32:01.489Z,0,24.43000030517578,0
2026-05-23T08:32:01.555Z,0,24.43000030517578,0
2026-05-23T08:32:01.621Z,0,24.43000030517578,0
2026-05-23T08:32:01.687Z,0,24.43000030517578,0
2026-05-23T08:32:01.752Z,0,24.43000030517578,0
2026-05-23T08:32:01.818Z,0,24.43000030517578,0
2026-05-23T08:32:01.884Z,0,24.43000030517578,0
2026-05-23T08:32:01.950Z,0,24.43000030517578,0
2026-05-23T08:32:02.016Z,0,24.43000030517578,0
2026-05-23T08:32:02.082Z,0,24.43000030517578,0
2026-05-23T08:32:02.148Z,0,24.43000030517578,0
2026-05-23T08:32:02.214Z,0,24.43000030517578,0
2026-05-23T08:32:02.279Z,0,24.43000030517578,0
2026-05-23T08:32:02.346Z,0,24.43000030517578,0
2026-05-23T08:32:02.411Z,0,24.43000030517578,0
2026-05-23T08:32:02.477Z,0,24.43000030517578,0
2026-05-23T08:32:02.543Z,0,24.43000030517578,0
2026-05-23T08:32:02.609Z,0,24.43000030517578,0
2026-05-23T08:32:02.675Z,0,24.43000030517578,0
2026-05-23T08:32:02.740Z,0,24.43000030517578,0
2026-05-23T08:32:02.806Z,0,24.43000030517578,0
2026-05-23T08:32:02.872Z,0,24.43000030517578,0
2026-05-23T08:32:02.938Z,0,24.43000030517578,0
2026-05-23T08:32:03.004Z,0,24.43000030517578,0
2026-05-23T08:32:03.070Z,0,24.43000030517578,0
2026-05-23T08:32:03.136Z,0,24.43000030517578,0
2026-05-23T08:32:03.201Z,0,24.43000030517578,0
2026-05-23T08:32:03.267Z,0,24.43000030517578,0
2026-05-23T08:32:03.333Z,0,24.43000030517578,0
2026-05-23T08:32:03.399Z,0,24.43000030517578,0
2026-05-23T08:32:03.465Z,0,24.43000030517578,0
2026-05-23T08:32:03.531Z,0,24.43000030517578,0
2026-05-23T08:32:03.597Z,0,24.43000030517578,0
2026-05-23T08:32:03.663Z,0,24.43000030517578,0
2026-05-23T08:32:03.729Z,0,24.43000030517578,0
2026-05-23T08:32:03.798Z,0,24.43000030517578,0
2026-05-23T08:32:03.860Z,0,24.43000030517578,0
2026-05-23T08:32:03.926Z,0,24.43000030517578,0
2026-05-23T08:32:03.992Z,0,24.43000030517578,0
2026-05-23T08:32:04.058Z,0,24.43000030517578,0
2026-05-23T08:32:04.124Z,0,24.43000030517578,0
2026-05-23T08:32:04.189Z,0,24.43000030517578,0
2026-05-23T08:32:04.255Z,0,24.43000030517578,0
2026-05-23T08:32:04.321Z,0,24.43000030517578,0
2026-05-23T08:32:04.387Z,0,24.43000030517578,0
2026-05-23T08:32:04.453Z,0,24.43000030517578,0
2026-05-23T08:32:04.519Z,0,24.43000030517578,0
2026-05-23T08:32:04.585Z,0,24.43000030517578,0
2026-05-23T08:32:04.650Z,0,24.43000030517578,0
2026-05-23T08:32:04.716Z,0,24.43000030517578,0
2026-05-23T08:32:04.782Z,0,24.43000030517578,0
2026-05-23T08:32:04.848Z,0,24.520000457763672,0
2026-05-23T08:32:04.914Z,0,24.520000457763672,0
2026-05-23T08:32:04.980Z,0,24.520000457763672,0
2026-05-23T08:32:05.046Z,0,24.520000457763672,0
2026-05-23T08:32:05.112Z,0,24.520000457763672,0
2026-05-23T08:32:05.178Z,0,24.520000457763672,0
2026-05-23T08:32:05.244Z,0,24.520000457763672,0
2026-05-23T08:32:05.309Z,0,24.520000457763672,0
2026-05-23T08:32:05.375Z,0,24.520000457763672,0
2026-05-23T08:32:05.441Z,0,24.520000457763672,0
2026-05-23T08:32:05.507Z,0,24.520000457763672,0
2026-05-23T08:32:05.573Z,0,24.520000457763672,0
2026-05-23T08:32:05.639Z,0,24.520000457763672,0
2026-05-23T08:32:05.704Z,0,24.520000457763672,0
2026-05-23T08:32:05.770Z,0,24.43000030517578,0
2026-05-23T08:32:05.836Z,0,24.43000030517578,0
2026-05-23T08:32:05.902Z,0,24.43000030517578,0
2026-05-23T08:32:05.968Z,0,24.520000457763672,0
2026-05-23T08:32:06.034Z,0,24.520000457763672,0
2026-05-23T08:32:06.099Z,0,24.520000457763672,0
2026-05-23T08:32:06.165Z,0,24.520000457763672,0
2026-05-23T08:32:06.231Z,0,24.520000457763672,0
2026-05-23T08:32:06.297Z,0,24.520000457763672,0
2026-05-23T08:32:06.363Z,0,24.520000457763672,0
2026-05-23T08:32:06.429Z,0,24.520000457763672,0
2026-05-23T08:32:06.495Z,0,24.520000457763672,0
2026-05-23T08:32:06.561Z,0,24.520000457763672,0
2026-05-23T08:32:06.627Z,0,24.520000457763672,0
2026-05-23T08:32:06.692Z,0,24.520000457763672,0
2026-05-23T08:32:06.758Z,0,24.520000457763672,0
2026-05-23T08:32:06.824Z,0,24.520000457763672,0
2026-05-23T08:32:06.890Z,0,24.520000457763672,0
2026-05-23T08:32:06.956Z,0,24.520000457763672,0
2026-05-23T08:32:07.022Z,0,24.520000457763672,0
2026-05-23T08:32:07.088Z,0,24.520000457763672,0
2026-05-23T08:32:07.153Z,0,24.520000457763672,0
2026-05-23T08:32:07.219Z,0,24.520000457763672,0
2026-05-23T08:32:07.285Z,0,24.520000457763672,0
2026-05-23T08:32:07.351Z,0,24.520000457763672,0
2026-05-23T08:32:07.417Z,0,24.520000457763672,0
2026-05-23T08:32:07.483Z,0,24.520000457763672,0
2026-05-23T08:32:07.549Z,0,24.520000457763672,0
2026-05-23T08:32:07.614Z,0,24.520000457763672,0
2026-05-23T08:32:07.680Z,0,24.520000457763672,0
2026-05-23T08:32:07.746Z,0,24.520000457763672,0
2026-05-23T08:32:07.812Z,0,24.520000457763672,0
2026-05-23T08:32:07.878Z,0,24.520000457763672,0
2026-05-23T08:32:07.944Z,0,24.520000457763672,0
2026-05-23T08:32:08.010Z,0,24.520000457763672,0
2026-05-23T08:32:08.076Z,0,24.520000457763672,0
2026-05-23T08:32:08.141Z,0,24.520000457763672,0
2026-05-23T08:32:08.207Z,0,24.520000457763672,0
2026-05-23T08:32:08.273Z,0,24.520000457763672,0
2026-05-23T08:32:08.339Z,0,24.520000457763672,0
2026-05-23T08:32:08.405Z,0,24.520000457763672,0
2026-05-23T08:32:08.471Z,0,24.600000381469727,0
2026-05-23T08:32:08.537Z,0,24.600000381469727,0
2026-05-23T08:32:08.602Z,0,24.600000381469727,0
2026-05-23T08:32:08.668Z,0,24.600000381469727,0
2026-05-23T08:32:08.734Z,0,24.600000381469727,0
2026-05-23T08:32:08.800Z,0,24.600000381469727,0
2026-05-23T08:32:08.866Z,0,24.600000381469727,0
2026-05-23T08:32:08.932Z,0,24.600000381469727,0
2026-05-23T08:32:08.998Z,0,24.600000381469727,0
2026-05-23T08:32:09.064Z,0,24.600000381469727,0
2026-05-23T08:32:09.130Z,0,24.600000381469727,0
2026-05-23T08:32:09.196Z,0,24.600000381469727,0
2026-05-23T08:32:09.261Z,0,24.600000381469727,0
2026-05-23T08:32:09.327Z,0,24.600000381469727,0
2026-05-23T08:32:09.393Z,0,24.600000381469727,0
2026-05-23T08:32:09.459Z,0,24.600000381469727,0
2026-05-23T08:32:09.524Z,0,24.600000381469727,0
2026-05-23T08:32:09.590Z,0,24.600000381469727,0
2026-05-23T08:32:09.656Z,0,24.600000381469727,0
2026-05-23T08:32:09.722Z,0,24.600000381469727,0
2026-05-23T08:32:09.788Z,0,24.600000381469727,0
2026-05-23T08:32:09.854Z,0,24.600000381469727,0
2026-05-23T08:32:09.920Z,0,24.600000381469727,0
2026-05-23T08:32:09.986Z,0,24.600000381469727,0
2026-05-23T08:32:10.051Z,0,24.600000381469727,0
2026-05-23T08:32:10.118Z,0,24.600000381469727,0
2026-05-23T08:32:10.183Z,0,24.600000381469727,0
2026-05-23T08:32:10.249Z,0,24.600000381469727,0
2026-05-23T08:32:10.315Z,0,24.600000381469727,0
2026-05-23T08:32:10.381Z,0,24.600000381469727,0
2026-05-23T08:32:10.447Z,0,24.600000381469727,0
2026-05-23T08:32:10.513Z,0,24.600000381469727,0
2026-05-23T08:32:10.578Z,0,24.600000381469727,0
2026-05-23T08:32:10.645Z,0,24.600000381469727,0
2026-05-23T08:32:10.710Z,0,24.600000381469727,0
2026-05-23T08:32:10.776Z,0,24.600000381469727,0
2026-05-23T08:32:10.842Z,0,24.600000381469727,0
2026-05-23T08:32:10.908Z,0,24.600000381469727,0
2026-05-23T08:32:10.974Z,0,24.600000381469727,0
2026-05-23T08:32:11.039Z,0,24.600000381469727,0
2026-05-23T08:32:11.105Z,0,24.600000381469727,0
2026-05-23T08:32:11.171Z,0,24.600000381469727,0
2026-05-23T08:32:11.237Z,0,24.600000381469727,0
2026-05-23T08:32:11.303Z,0,24.600000381469727,0
2026-05-23T08:32:11.369Z,0,24.600000381469727,0
2026-05-23T08:32:11.435Z,0,24.600000381469727,0
2026-05-23T08:32:11.500Z,0,24.600000381469727,0
2026-05-23T08:32:11.566Z,0,24.600000381469727,0
2026-05-23T08:32:11.632Z,0,24.600000381469727,0
2026-05-23T08:32:11.706Z,0,24.600000381469727,0
2026-05-23T08:32:11.764Z,0,24.690000534057617,0
2026-05-23T08:32:11.830Z,0,24.690000534057617,0
2026-05-23T08:32:11.896Z,0,24.690000534057617,0
2026-05-23T08:32:11.962Z,0,24.690000534057617,0
2026-05-23T08:32:12.028Z,0,24.690000534057617,0
2026-05-23T08:32:12.093Z,0,24.690000534057617,0
2026-05-23T08:32:12.159Z,0,24.690000534057617,0
2026-05-23T08:32:12.225Z,0,24.690000534057617,0
2026-05-23T08:32:12.291Z,0,24.690000534057617,0
2026-05-23T08:32:12.357Z,0,24.690000534057617,0
2026-05-23T08:32:12.423Z,0,24.690000534057617,0
2026-05-23T08:32:12.488Z,0,24.690000534057617,0
2026-05-23T08:32:12.554Z,0,24.690000534057617,0
2026-05-23T08:32:12.620Z,0,24.690000534057617,0
2026-05-23T08:32:12.686Z,0,24.690000534057617,0
2026-05-23T08:32:12.752Z,0,24.690000534057617,0
2026-05-23T08:32:12.818Z,0,24.690000534057617,0
2026-05-23T08:32:12.884Z,0,24.690000534057617,0
2026-05-23T08:32:12.950Z,0,24.690000534057617,0
2026-05-23T08:32:13.015Z,0,24.690000534057617,0
2026-05-23T08:32:13.081Z,0,24.690000534057617,0
2026-05-23T08:32:13.147Z,0,24.690000534057617,0
2026-05-23T08:32:13.213Z,0,24.690000534057617,0
2026-05-23T08:32:13.279Z,0,24.690000534057617,0
2026-05-23T08:32:13.345Z,0,24.690000534057617,0
2026-05-23T08:32:13.411Z,0,24.690000534057617,0
2026-05-23T08:32:13.476Z,0,24.690000534057617,0
2026-05-23T08:32:13.542Z,0,24.690000534057617,0
2026-05-23T08:32:13.608Z,0,24.690000534057617,0
2026-05-23T08:32:13.674Z,0,24.690000534057617,0
2026-05-23T08:32:13.740Z,0,24.690000534057617,0
2026-05-23T08:32:13.806Z,0,24.690000534057617,0
2026-05-23T08:32:13.872Z,0,24.690000534057617,0
2026-05-23T08:32:13.937Z,0,24.690000534057617,0
2026-05-23T08:32:14.003Z,0,24.690000534057617,0
2026-05-23T08:32:14.069Z,0,24.690000534057617,0
2026-05-23T08:32:14.135Z,0,24.690000534057617,0
2026-05-23T08:32:14.201Z,0,24.690000534057617,0
2026-05-23T08:32:14.267Z,0,24.690000534057617,0
2026-05-23T08:32:14.333Z,0,24.690000534057617,0
2026-05-23T08:32:14.399Z,0,24.690000534057617,0
2026-05-23T08:32:14.464Z,0,24.690000534057617,0
2026-05-23T08:32:14.530Z,0,24.690000534057617,0
2026-05-23T08:32:14.596Z,0,24.690000534057617,0
2026-05-23T08:32:14.662Z,0,24.690000534057617,0
2026-05-23T08:32:14.728Z,0,24.690000534057617,0
2026-05-23T08:32:14.794Z,0,24.690000534057617,0
2026-05-23T08:32:14.860Z,0,24.690000534057617,0
2026-05-23T08:32:14.925Z,0,24.690000534057617,0
2026-05-23T08:32:14.991Z,0,24.690000534057617,0
2026-05-23T08:32:15.057Z,0,24.690000534057617,0
2026-05-23T08:32:15.123Z,0,24.690000534057617,0
2026-05-23T08:32:15.189Z,0,24.690000534057617,0
2026-05-23T08:32:15.255Z,0,24.690000534057617,0
2026-05-23T08:32:15.321Z,0,24.690000534057617,0
2026-05-23T08:32:15.387Z,0,24.690000534057617,0
2026-05-23T08:32:15.452Z,0,24.690000534057617,0
2026-05-23T08:32:15.518Z,0,24.690000534057617,0
2026-05-23T08:32:15.584Z,0,24.690000534057617,0
2026-05-23T08:32:15.650Z,0,24.690000534057617,0
2026-05-23T08:32:15.716Z,0,24.690000534057617,0
2026-05-23T08:32:15.782Z,0,24.690000534057617,0
2026-05-23T08:32:15.848Z,0,24.690000534057617,0
2026-05-23T08:32:15.914Z,0,24.690000534057617,0
2026-05-23T08:32:15.980Z,0,24.690000534057617,0
2026-05-23T08:32:16.045Z,0,24.690000534057617,0
2026-05-23T08:32:16.111Z,0,24.690000534057617,0
2026-05-23T08:32:16.177Z,0,24.690000534057617,0
2026-05-23T08:32:16.243Z,0,24.690000534057617,0
2026-05-23T08:32:16.309Z,0,24.690000534057617,0
2026-05-23T08:32:16.374Z,0,24.690000534057617,0
2026-05-23T08:32:16.440Z,0,24.690000534057617,0
2026-05-23T08:32:16.506Z,0,24.690000534057617,0
2026-05-23T08:32:16.572Z,0,24.690000534057617,0
2026-05-23T08:32:16.638Z,0,24.690000534057617,0
2026-05-23T08:32:16.704Z,0,24.780000686645508,0
2026-05-23T08:32:16.770Z,0,24.780000686645508,0
2026-05-23T08:32:16.836Z,0,24.780000686645508,0
2026-05-23T08:32:16.901Z,0,24.780000686645508,0
2026-05-23T08:32:16.967Z,0,24.780000686645508,0
2026-05-23T08:32:17.033Z,0,24.780000686645508,0
2026-05-23T08:32:17.099Z,0,24.780000686645508,0
2026-05-23T08:32:17.165Z,0,24.780000686645508,0
2026-05-23T08:32:17.231Z,0,24.780000686645508,0
2026-05-23T08:32:17.297Z,0,24.780000686645508,0
2026-05-23T08:32:17.363Z,0,24.780000686645508,0
2026-05-23T08:32:17.428Z,0,24.780000686645508,0
2026-05-23T08:32:17.494Z,0,24.780000686645508,0
2026-05-23T08:32:17.560Z,0,24.780000686645508,0
2026-05-23T08:32:17.626Z,0,24.780000686645508,0
2026-05-23T08:32:17.692Z,0,24.780000686645508,0
2026-05-23T08:32:17.758Z,0,24.780000686645508,0
2026-05-23T08:32:17.823Z,0,24.780000686645508,0
2026-05-23T08:32:17.889Z,0,24.780000686645508,0
2026-05-23T08:32:17.955Z,0,24.780000686645508,0
2026-05-23T08:32:18.021Z,0,24.780000686645508,0
2026-05-23T08:32:18.087Z,0,24.780000686645508,0
2026-05-23T08:32:18.153Z,0,24.780000686645508,0
2026-05-23T08:32:18.219Z,0,24.780000686645508,0
2026-05-23T08:32:18.284Z,0,24.780000686645508,0
2026-05-23T08:32:18.350Z,0,24.780000686645508,0
2026-05-23T08:32:18.417Z,0,24.780000686645508,0
2026-05-23T08:32:18.482Z,0,24.780000686645508,0
2026-05-23T08:32:18.548Z,0,24.780000686645508,0
2026-05-23T08:32:18.614Z,0,24.780000686645508,0
2026-05-23T08:32:18.680Z,0,24.780000686645508,0
2026-05-23T08:32:18.746Z,0,24.780000686645508,0
2026-05-23T08:32:18.811Z,0,24.780000686645508,0
2026-05-23T08:32:18.877Z,0,24.780000686645508,0
2026-05-23T08:32:18.943Z,0,24.780000686645508,0
2026-05-23T08:32:19.009Z,0,24.780000686645508,0
2026-05-23T08:32:19.075Z,0,24.780000686645508,0
2026-05-23T08:32:19.141Z,0,24.780000686645508,0
2026-05-23T08:32:19.207Z,0,24.780000686645508,0
2026-05-23T08:32:19.272Z,0,24.780000686645508,0
2026-05-23T08:32:19.338Z,0,24.780000686645508,0
2026-05-23T08:32:19.404Z,0,24.780000686645508,0
2026-05-23T08:32:19.470Z,0,24.780000686645508,0
2026-05-23T08:32:19.536Z,0,24.780000686645508,0
2026-05-23T08:32:19.602Z,0,24.780000686645508,0
2026-05-23T08:32:19.668Z,0,24.780000686645508,0
2026-05-23T08:32:19.734Z,0,24.780000686645508,0
2026-05-23T08:32:19.801Z,0,24.780000686645508,85
2026-05-23T08:32:19.868Z,80,24.780000686645508,85
2026-05-23T08:32:19.936Z,80,24.780000686645508,85
2026-05-23T08:32:20.004Z,80,24.780000686645508,85
2026-05-23T08:32:20.072Z,80,24.780000686645508,85
2026-05-23T08:32:20.140Z,80,24.780000686645508,85
2026-05-23T08:32:20.208Z,80,24.780000686645508,85
2026-05-23T08:32:20.276Z,80,24.780000686645508,85
2026-05-23T08:32:20.344Z,80,24.780000686645508,85
2026-05-23T08:32:20.412Z,80,24.780000686645508,85
2026-05-23T08:32:20.480Z,80,24.780000686645508,85
2026-05-23T08:32:20.548Z,80,24.780000686645508,85
2026-05-23T08:32:20.616Z,80,24.780000686645508,85
2026-05-23T08:32:20.684Z,80,24.780000686645508,85
2026-05-23T08:32:20.752Z,80,24.780000686645508,85
2026-05-23T08:32:20.820Z,80,24.780000686645508,85
2026-05-23T08:32:20.888Z,80,24.780000686645508,85
2026-05-23T08:32:20.956Z,80,24.780000686645508,85
2026-05-23T08:32:21.024Z,80,24.780000686645508,85
2026-05-23T08:32:21.092Z,80,24.780000686645508,85
2026-05-23T08:32:21.160Z,80,24.780000686645508,85
2026-05-23T08:32:21.228Z,80,24.780000686645508,85
2026-05-23T08:32:21.295Z,80,24.780000686645508,85
2026-05-23T08:32:21.365Z,80,24.8700008392334,85
2026-05-23T08:32:21.432Z,80,24.8700008392334,85
2026-05-23T08:32:21.500Z,80,24.8700008392334,85
2026-05-23T08:32:21.567Z,80,24.8700008392334,85
2026-05-23T08:32:21.635Z,80,24.8700008392334,85
2026-05-23T08:32:21.703Z,80,24.8700008392334,85
2026-05-23T08:32:21.771Z,80,24.8700008392334,85
2026-05-23T08:32:21.839Z,80,24.8700008392334,85
2026-05-23T08:32:21.907Z,80,24.8700008392334,85
2026-05-23T08:32:21.975Z,80,24.8700008392334,85
2026-05-23T08:32:22.043Z,80,24.8700008392334,85
2026-05-23T08:32:22.111Z,80,24.8700008392334,85
2026-05-23T08:32:22.179Z,80,24.959999084472656,85
2026-05-23T08:32:22.248Z,80,24.959999084472656,85
2026-05-23T08:32:22.315Z,80,24.959999084472656,85
2026-05-23T08:32:22.383Z,80,24.959999084472656,85
2026-05-23T08:32:22.451Z,80,24.959999084472656,85
2026-05-23T08:32:22.519Z,80,24.959999084472656,85
2026-05-23T08:32:22.587Z,80,24.959999084472656,85
2026-05-23T08:32:22.655Z,80,24.959999084472656,85
2026-05-23T08:32:22.723Z,80,24.959999084472656,85
2026-05-23T08:32:22.791Z,80,25.040000915527344,85
2026-05-23T08:32:22.858Z,80,25.040000915527344,85
2026-05-23T08:32:22.926Z,80,25.040000915527344,85
2026-05-23T08:32:22.994Z,80,25.040000915527344,85
2026-05-23T08:32:23.062Z,80,25.040000915527344,85
2026-05-23T08:32:23.131Z,80,25.1299991607666,85
2026-05-23T08:32:23.202Z,80,25.1299991607666,85
2026-05-23T08:32:23.267Z,80,25.1299991607666,85
2026-05-23T08:32:23.334Z,80,25.1299991607666,85
2026-05-23T08:32:23.402Z,80,25.219999313354492,85
2026-05-23T08:32:23.470Z,80,25.219999313354492,85
2026-05-23T08:32:23.538Z,80,25.219999313354492,85
2026-05-23T08:32:23.606Z,80,25.219999313354492,85
2026-05-23T08:32:23.674Z,80,25.219999313354492,85
2026-05-23T08:32:23.742Z,80,25.309999465942383,85
2026-05-23T08:32:23.810Z,80,25.309999465942383,85
2026-05-23T08:32:23.878Z,80,25.309999465942383,85
2026-05-23T08:32:23.946Z,80,25.309999465942383,85
2026-05-23T08:32:24.014Z,80,25.399999618530273,85
2026-05-23T08:32:24.082Z,80,25.399999618530273,85
2026-05-23T08:32:24.150Z,80,25.399999618530273,85
2026-05-23T08:32:24.218Z,80,25.399999618530273,85
2026-05-23T08:32:24.286Z,80,25.479999542236328,85
2026-05-23T08:32:24.353Z,80,25.479999542236328,85
2026-05-23T08:32:24.422Z,80,25.479999542236328,85
2026-05-23T08:32:24.489Z,80,25.479999542236328,85
2026-05-23T08:32:24.557Z,80,25.56999969482422,85
2026-05-23T08:32:24.625Z,80,25.56999969482422,85
2026-05-23T08:32:24.693Z,80,25.56999969482422,85
2026-05-23T08:32:24.761Z,80,25.65999984741211,85
2026-05-23T08:32:24.829Z,80,25.65999984741211,85
2026-05-23T08:32:24.897Z,80,25.65999984741211,85
2026-05-23T08:32:24.966Z,80,25.75,85
2026-05-23T08:32:25.033Z,80,25.75,85
2026-05-23T08:32:25.101Z,80,25.84000015258789,85
2026-05-23T08:32:25.169Z,80,25.84000015258789,85
2026-05-23T08:32:25.237Z,80,25.84000015258789,85
2026-05-23T08:32:25.305Z,80,25.93000030517578,85
2026-05-23T08:32:25.373Z,80,25.93000030517578,85
2026-05-23T08:32:25.441Z,80,25.93000030517578,85
2026-05-23T08:32:25.509Z,80,26.020000457763672,85
2026-05-23T08:32:25.577Z,80,26.020000457763672,85
2026-05-23T08:32:25.645Z,80,26.100000381469727,85
2026-05-23T08:32:25.713Z,80,26.100000381469727,85
2026-05-23T08:32:25.781Z,80,26.190000534057617,85
2026-05-23T08:32:25.849Z,80,26.190000534057617,85
2026-05-23T08:32:25.917Z,80,26.190000534057617,85
2026-05-23T08:32:25.985Z,80,26.280000686645508,85
2026-05-23T08:32:26.052Z,80,26.280000686645508,85
2026-05-23T08:32:26.121Z,80,26.3700008392334,85
2026-05-23T08:32:26.188Z,80,26.3700008392334,85
2026-05-23T08:32:26.256Z,80,26.459999084472656,85
2026-05-23T08:32:26.324Z,80,26.459999084472656,85
2026-05-23T08:32:26.392Z,80,26.459999084472656,85
2026-05-23T08:32:26.460Z,80,26.549999237060547,85
2026-05-23T08:32:26.528Z,80,26.549999237060547,85
2026-05-23T08:32:26.596Z,80,26.639999389648438,85
2026-05-23T08:32:26.664Z,80,26.639999389648438,85
2026-05-23T08:32:26.734Z,80,26.729999542236328,85
2026-05-23T08:32:26.802Z,80,26.81999969482422,85
2026-05-23T08:32:26.868Z,80,26.81999969482422,85
2026-05-23T08:32:26.938Z,80,26.90999984741211,85
2026-05-23T08:32:27.004Z,80,26.90999984741211,85
2026-05-23T08:32:27.072Z,80,26.989999771118164,85
2026-05-23T08:32:27.140Z,80,26.989999771118164,85
2026-05-23T08:32:27.208Z,80,27.079999923706055,85
2026-05-23T08:32:27.276Z,80,27.079999923706055,85
2026-05-23T08:32:27.343Z,80,27.170000076293945,85
2026-05-23T08:32:27.411Z,80,27.170000076293945,85
2026-05-23T08:32:27.480Z,80,27.260000228881836,85
2026-05-23T08:32:27.547Z,80,27.350000381469727,85
2026-05-23T08:32:27.616Z,80,27.350000381469727,85
2026-05-23T08:32:27.683Z,80,27.440000534057617,85
2026-05-23T08:32:27.751Z,80,27.440000534057617,85
2026-05-23T08:32:27.819Z,80,27.530000686645508,85
2026-05-23T08:32:27.887Z,80,27.530000686645508,85
2026-05-23T08:32:27.955Z,80,27.6200008392334,85
2026-05-23T08:32:28.023Z,80,27.6200008392334,85
2026-05-23T08:32:28.091Z,80,27.709999084472656,85
2026-05-23T08:32:28.159Z,80,27.709999084472656,85
2026-05-23T08:32:28.227Z,80,27.799999237060547,85
2026-05-23T08:32:28.295Z,80,27.889999389648438,85
2026-05-23T08:32:28.363Z,80,27.889999389648438,85
2026-05-23T08:32:28.431Z,80,27.979999542236328,85
2026-05-23T08:32:28.502Z,80,27.979999542236328,85
2026-05-23T08:32:28.571Z,80,28.06999969482422,85
2026-05-23T08:32:28.635Z,80,28.15999984741211,85
2026-05-23T08:32:28.703Z,80,28.15999984741211,85
2026-05-23T08:32:28.771Z,80,28.25,85
2026-05-23T08:32:28.839Z,80,28.25,85
2026-05-23T08:32:28.906Z,80,28.34000015258789,85
2026-05-23T08:32:28.974Z,80,28.34000015258789,85
2026-05-23T08:32:29.042Z,80,28.43000030517578,85
2026-05-23T08:32:29.110Z,80,28.43000030517578,85
2026-05-23T08:32:29.178Z,80,28.520000457763672,85
2026-05-23T08:32:29.246Z,80,28.610000610351562,85
2026-05-23T08:32:29.314Z,80,28.610000610351562,85
2026-05-23T08:32:29.383Z,80,28.709999084472656,85
2026-05-23T08:32:29.450Z,80,28.799999237060547,85
2026-05-23T08:32:29.518Z,80,28.799999237060547,85
2026-05-23T08:32:29.586Z,80,28.889999389648438,85
2026-05-23T08:32:29.654Z,80,28.889999389648438,85
2026-05-23T08:32:29.723Z,80,28.979999542236328,85
2026-05-23T08:32:29.790Z,80,28.979999542236328,85
2026-05-23T08:32:29.858Z,80,29.06999969482422,85
2026-05-23T08:32:29.926Z,80,29.15999984741211,85
2026-05-23T08:32:29.994Z,80,29.15999984741211,85
2026-05-23T08:32:30.062Z,80,29.25,85
2026-05-23T08:32:30.130Z,80,29.25,85
2026-05-23T08:32:30.198Z,80,29.34000015258789,85
2026-05-23T08:32:30.266Z,80,29.34000015258789,85
2026-05-23T08:32:30.334Z,80,29.43000030517578,85
2026-05-23T08:32:30.402Z,80,29.530000686645508,85
2026-05-23T08:32:30.470Z,80,29.530000686645508,85
2026-05-23T08:32:30.538Z,80,29.6200008392334,85
2026-05-23T08:32:30.605Z,80,29.6200008392334,85
2026-05-23T08:32:30.673Z,80,29.709999084472656,85
2026-05-23T08:32:30.741Z,80,29.709999084472656,85
2026-05-23T08:32:30.809Z,80,29.799999237060547,85
2026-05-23T08:32:30.877Z,80,29.889999389648438,85
2026-05-23T08:32:30.945Z,80,29.889999389648438,85
2026-05-23T08:32:31.013Z,80,29.989999771118164,85
2026-05-23T08:32:31.081Z,80,29.989999771118164,85
2026-05-23T08:32:31.149Z,80,30.079999923706055,85
2026-05-23T08:32:31.217Z,80,30.170000076293945,85
2026-05-23T08:32:31.285Z,80,30.170000076293945,85
2026-05-23T08:32:31.353Z,80,30.260000228881836,85
2026-05-23T08:32:31.421Z,80,30.260000228881836,85
2026-05-23T08:32:31.489Z,80,30.350000381469727,85
2026-05-23T08:32:31.557Z,80,30.450000762939453,85
2026-05-23T08:32:31.625Z,80,30.450000762939453,85
2026-05-23T08:32:31.693Z,80,30.540000915527344,85
2026-05-23T08:32:31.761Z,80,30.540000915527344,85
2026-05-23T08:32:31.829Z,80,30.6299991607666,85
2026-05-23T08:32:31.896Z,80,30.6299991607666,85
2026-05-23T08:32:31.964Z,80,30.719999313354492,85
2026-05-23T08:32:32.033Z,80,30.81999969482422,85
2026-05-23T08:32:32.101Z,80,30.81999969482422,85
2026-05-23T08:32:32.169Z,80,30.90999984741211,85
2026-05-23T08:32:32.236Z,80,30.90999984741211,85
2026-05-23T08:32:32.304Z,80,31,85
2026-05-23T08:32:32.372Z,80,31,85
2026-05-23T08:32:32.440Z,80,31.100000381469727,85
2026-05-23T08:32:32.508Z,80,31.100000381469727,85
2026-05-23T08:32:32.576Z,80,31.190000534057617,85
2026-05-23T08:32:32.644Z,80,31.190000534057617,85
2026-05-23T08:32:32.712Z,80,31.280000686645508,85
2026-05-23T08:32:32.780Z,80,31.280000686645508,85
2026-05-23T08:32:32.848Z,80,31.3799991607666,85
2026-05-23T08:32:32.916Z,80,31.469999313354492,85
2026-05-23T08:32:32.984Z,80,31.469999313354492,85
2026-05-23T08:32:33.052Z,80,31.559999465942383,85
2026-05-23T08:32:33.120Z,80,31.65999984741211,85
2026-05-23T08:32:33.188Z,80,31.65999984741211,85
2026-05-23T08:32:33.256Z,80,31.75,85
2026-05-23T08:32:33.324Z,80,31.75,85
2026-05-23T08:32:33.392Z,80,31.850000381469727,85
2026-05-23T08:32:33.460Z,80,31.850000381469727,85
2026-05-23T08:32:33.528Z,80,31.940000534057617,85
2026-05-23T08:32:33.595Z,80,31.940000534057617,85
2026-05-23T08:32:33.663Z,80,32.029998779296875,85
2026-05-23T08:32:33.731Z,80,32.130001068115234,85
2026-05-23T08:32:33.799Z,80,32.130001068115234,85
2026-05-23T08:32:33.868Z,80,32.220001220703125,85
2026-05-23T08:32:33.936Z,80,32.220001220703125,85
2026-05-23T08:32:34.003Z,80,32.31999969482422,85
2026-05-23T08:32:34.071Z,80,32.31999969482422,85
2026-05-23T08:32:34.139Z,80,32.40999984741211,85
2026-05-23T08:32:34.207Z,80,32.40999984741211,85
2026-05-23T08:32:34.275Z,80,32.5099983215332,85
2026-05-23T08:32:34.343Z,80,32.599998474121094,85
2026-05-23T08:32:34.411Z,80,32.599998474121094,85
2026-05-23T08:32:34.479Z,80,32.70000076293945,85
2026-05-23T08:32:34.547Z,80,32.70000076293945,85
2026-05-23T08:32:34.615Z,80,32.790000915527344,85
2026-05-23T08:32:34.683Z,80,32.790000915527344,85
2026-05-23T08:32:34.751Z,80,32.88999938964844,85
2026-05-23T08:32:34.819Z,80,32.88999938964844,85
2026-05-23T08:32:34.887Z,80,32.97999954223633,85
2026-05-23T08:32:34.955Z,80,33.08000183105469,85
2026-05-23T08:32:35.022Z,80,33.08000183105469,85
2026-05-23T08:32:35.091Z,80,33.18000030517578,85
2026-05-23T08:32:35.158Z,80,33.18000030517578,85
2026-05-23T08:32:35.226Z,80,33.27000045776367,85
2026-05-23T08:32:35.294Z,80,33.27000045776367,85
2026-05-23T08:32:35.362Z,80,33.369998931884766,85
2026-05-23T08:32:35.430Z,80,33.369998931884766,85
2026-05-23T08:32:35.498Z,80,33.459999084472656,85
2026-05-23T08:32:35.566Z,80,33.459999084472656,85
2026-05-23T08:32:35.635Z,80,33.560001373291016,85
2026-05-23T08:32:35.702Z,80,33.65999984741211,85
2026-05-23T08:32:35.780Z,80,33.65999984741211,85
2026-05-23T08:32:35.838Z,80,33.75,85
2026-05-23T08:32:35.906Z,80,33.75,85
2026-05-23T08:32:35.974Z,80,33.849998474121094,85
2026-05-23T08:32:36.042Z,80,33.849998474121094,85
2026-05-23T08:32:36.110Z,80,33.95000076293945,85
2026-05-23T08:32:36.178Z,80,33.95000076293945,85
2026-05-23T08:32:36.246Z,80,34.040000915527344,85
2026-05-23T08:32:36.314Z,80,34.040000915527344,85
2026-05-23T08:32:36.382Z,80,34.13999938964844,85
2026-05-23T08:32:36.450Z,80,34.13999938964844,85
2026-05-23T08:32:36.518Z,80,34.2400016784668,85
2026-05-23T08:32:36.586Z,80,34.2400016784668,85
2026-05-23T08:32:36.653Z,80,34.33000183105469,85
2026-05-23T08:32:36.722Z,80,34.33000183105469,85
2026-05-23T08:32:36.789Z,80,34.43000030517578,85
2026-05-23T08:32:36.857Z,80,34.529998779296875,85
2026-05-23T08:32:36.925Z,80,34.529998779296875,85
2026-05-23T08:32:36.993Z,80,34.630001068115234,85
2026-05-23T08:32:37.061Z,80,34.630001068115234,85
2026-05-23T08:32:37.129Z,80,34.72999954223633,85
2026-05-23T08:32:37.197Z,80,34.72999954223633,85
2026-05-23T08:32:37.265Z,80,34.81999969482422,85
2026-05-23T08:32:37.333Z,80,34.81999969482422,85
2026-05-23T08:32:37.401Z,80,34.91999816894531,85
2026-05-23T08:32:37.469Z,80,35.02000045776367,85
2026-05-23T08:32:37.537Z,80,35.02000045776367,85
2026-05-23T08:32:37.605Z,80,35.119998931884766,85
2026-05-23T08:32:37.673Z,80,35.119998931884766,85
2026-05-23T08:32:37.741Z,80,35.220001220703125,85
2026-05-23T08:32:37.809Z,80,35.220001220703125,85
2026-05-23T08:32:37.877Z,80,35.31999969482422,85
2026-05-23T08:32:37.945Z,80,35.31999969482422,85
2026-05-23T08:32:38.012Z,80,35.41999816894531,85
2026-05-23T08:32:38.080Z,80,35.41999816894531,85
2026-05-23T08:32:38.148Z,80,35.5099983215332,85
2026-05-23T08:32:38.216Z,80,35.5099983215332,85
2026-05-23T08:32:38.285Z,80,35.61000061035156,85
2026-05-23T08:32:38.353Z,80,35.61000061035156,85
2026-05-23T08:32:38.420Z,80,35.709999084472656,85
2026-05-23T08:32:38.489Z,80,35.709999084472656,85
2026-05-23T08:32:38.556Z,80,35.810001373291016,85
2026-05-23T08:32:38.624Z,80,35.810001373291016,85
2026-05-23T08:32:38.692Z,80,35.90999984741211,85
2026-05-23T08:32:38.760Z,80,35.90999984741211,85
2026-05-23T08:32:38.828Z,80,36.0099983215332,85
2026-05-23T08:32:38.896Z,80,36.0099983215332,85
2026-05-23T08:32:38.964Z,80,36.11000061035156,85
2026-05-23T08:32:39.032Z,80,36.11000061035156,85
2026-05-23T08:32:39.100Z,80,36.209999084472656,85
2026-05-23T08:32:39.168Z,80,36.209999084472656,85
2026-05-23T08:32:39.236Z,80,36.310001373291016,85
2026-05-23T08:32:39.304Z,80,36.310001373291016,85
2026-05-23T08:32:39.372Z,80,36.40999984741211,85
2026-05-23T08:32:39.440Z,80,36.40999984741211,85
2026-05-23T08:32:39.508Z,80,36.5099983215332,85
2026-05-23T08:32:39.575Z,80,36.5099983215332,85
2026-05-23T08:32:39.643Z,80,36.619998931884766,85
2026-05-23T08:32:39.711Z,80,36.619998931884766,85
2026-05-23T08:32:39.779Z,80,36.720001220703125,85
2026-05-23T08:32:39.847Z,80,36.720001220703125,85
2026-05-23T08:32:39.915Z,80,36.81999969482422,85
2026-05-23T08:32:39.983Z,80,36.81999969482422,85
2026-05-23T08:32:40.051Z,80,36.91999816894531,85
2026-05-23T08:32:40.119Z,80,36.91999816894531,85
2026-05-23T08:32:40.188Z,80,37.02000045776367,85
2026-05-23T08:32:40.255Z,80,37.02000045776367,85
2026-05-23T08:32:40.323Z,80,37.119998931884766,85
2026-05-23T08:32:40.391Z,80,37.119998931884766,85
2026-05-23T08:32:40.459Z,80,37.220001220703125,85
2026-05-23T08:32:40.527Z,80,37.220001220703125,85
2026-05-23T08:32:40.595Z,80,37.220001220703125,85
2026-05-23T08:32:40.663Z,80,37.33000183105469,85
2026-05-23T08:32:40.731Z,80,37.33000183105469,85
2026-05-23T08:32:40.799Z,80,37.43000030517578,85
2026-05-23T08:32:40.867Z,80,37.43000030517578,85
2026-05-23T08:32:40.935Z,80,37.529998779296875,85
2026-05-23T08:32:41.003Z,80,37.529998779296875,85
2026-05-23T08:32:41.071Z,80,37.630001068115234,85
2026-05-23T08:32:41.138Z,80,37.630001068115234,85
2026-05-23T08:32:41.206Z,80,37.7400016784668,85
2026-05-23T08:32:41.274Z,80,37.7400016784668,85
2026-05-23T08:32:41.342Z,80,37.84000015258789,85
2026-05-23T08:32:41.410Z,80,37.84000015258789,85
2026-05-23T08:32:41.478Z,80,37.939998626708984,85
2026-05-23T08:32:41.546Z,80,37.939998626708984,85
2026-05-23T08:32:41.614Z,80,38.04999923706055,85
2026-05-23T08:32:41.682Z,80,38.04999923706055,85
2026-05-23T08:32:41.750Z,80,38.150001525878906,85
2026-05-23T08:32:41.818Z,80,38.150001525878906,85
2026-05-23T08:32:41.886Z,80,38.25,85
2026-05-23T08:32:41.954Z,80,38.25,85
2026-05-23T08:32:42.022Z,80,38.36000061035156,85
2026-05-23T08:32:42.090Z,80,38.36000061035156,85
2026-05-23T08:32:42.158Z,80,38.36000061035156,85
2026-05-23T08:32:42.226Z,80,38.459999084472656,85
2026-05-23T08:32:42.294Z,80,38.459999084472656,85
2026-05-23T08:32:42.362Z,80,38.56999969482422,85
2026-05-23T08:32:42.430Z,80,38.56999969482422,85
2026-05-23T08:32:42.498Z,80,38.66999816894531,85
2026-05-23T08:32:42.566Z,80,38.66999816894531,85
2026-05-23T08:32:42.633Z,80,38.77000045776367,85
2026-05-23T08:32:42.701Z,80,38.77000045776367,85
2026-05-23T08:32:42.770Z,80,38.880001068115234,85
2026-05-23T08:32:42.838Z,80,38.880001068115234,85
2026-05-23T08:32:42.905Z,80,38.880001068115234,85
2026-05-23T08:32:42.974Z,80,38.97999954223633,85
2026-05-23T08:32:43.041Z,80,38.97999954223633,85
2026-05-23T08:32:43.110Z,80,39.09000015258789,85
2026-05-23T08:32:43.177Z,80,39.09000015258789,85
2026-05-23T08:32:43.245Z,80,39.20000076293945,85
2026-05-23T08:32:43.313Z,80,39.20000076293945,85
2026-05-23T08:32:43.381Z,80,39.29999923706055,85
2026-05-23T08:32:43.449Z,80,39.29999923706055,85
2026-05-23T08:32:43.517Z,80,39.40999984741211,85
2026-05-23T08:32:43.585Z,80,39.40999984741211,85
2026-05-23T08:32:43.653Z,80,39.5099983215332,85
2026-05-23T08:32:43.721Z,80,39.5099983215332,85
2026-05-23T08:32:43.789Z,80,39.5099983215332,85
2026-05-23T08:32:43.857Z,80,39.619998931884766,85
2026-05-23T08:32:43.925Z,80,39.619998931884766,85
2026-05-23T08:32:43.993Z,80,39.72999954223633,85
2026-05-23T08:32:44.061Z,80,39.72999954223633,85
2026-05-23T08:32:44.128Z,80,39.83000183105469,85
2026-05-23T08:32:44.197Z,80,39.83000183105469,85
2026-05-23T08:32:44.264Z,80,39.939998626708984,85
2026-05-23T08:32:44.332Z,80,39.939998626708984,85
2026-05-23T08:32:44.400Z,80,39.939998626708984,85
2026-05-23T08:32:44.468Z,80,40.04999923706055,85
2026-05-23T08:32:44.537Z,80,40.04999923706055,85
2026-05-23T08:32:44.605Z,80,40.150001525878906,85
2026-05-23T08:32:44.672Z,80,40.150001525878906,85
2026-05-23T08:32:44.740Z,80,40.2599983215332,85
2026-05-23T08:32:44.808Z,80,40.2599983215332,85
2026-05-23T08:32:44.876Z,80,40.2599983215332,85
2026-05-23T08:32:44.944Z,80,40.369998931884766,85
2026-05-23T08:32:45.012Z,80,40.369998931884766,85
2026-05-23T08:32:45.080Z,80,40.47999954223633,85
2026-05-23T08:32:45.148Z,80,40.47999954223633,85
2026-05-23T08:32:45.216Z,80,40.47999954223633,85
2026-05-23T08:32:45.284Z,80,40.59000015258789,85
2026-05-23T08:32:45.352Z,80,40.59000015258789,85
2026-05-23T08:32:45.420Z,80,40.689998626708984,85
2026-05-23T08:32:45.488Z,80,40.689998626708984,85
2026-05-23T08:32:45.556Z,80,40.79999923706055,85
2026-05-23T08:32:45.624Z,80,40.79999923706055,85
2026-05-23T08:32:45.691Z,80,40.90999984741211,85
2026-05-23T08:32:45.759Z,80,40.90999984741211,85
2026-05-23T08:32:45.827Z,80,40.90999984741211,85
2026-05-23T08:32:45.895Z,80,41.02000045776367,85
2026-05-23T08:32:45.963Z,80,41.02000045776367,85
2026-05-23T08:32:46.031Z,80,41.130001068115234,85
2026-05-23T08:32:46.099Z,80,41.130001068115234,85
2026-05-23T08:32:46.167Z,80,41.2400016784668,85
2026-05-23T08:32:46.235Z,80,41.2400016784668,85
2026-05-23T08:32:46.303Z,80,41.2400016784668,85
2026-05-23T08:32:46.371Z,80,41.349998474121094,85
2026-05-23T08:32:46.439Z,80,41.349998474121094,85
2026-05-23T08:32:46.507Z,80,41.459999084472656,85
2026-05-23T08:32:46.575Z,80,41.459999084472656,85
2026-05-23T08:32:46.643Z,80,41.459999084472656,85
2026-05-23T08:32:46.711Z,80,41.56999969482422,85
2026-05-23T08:32:46.779Z,80,41.56999969482422,85
2026-05-23T08:32:46.847Z,80,41.56999969482422,85
2026-05-23T08:32:46.915Z,80,41.68000030517578,85
2026-05-23T08:32:46.993Z,80,41.68000030517578,85
2026-05-23T08:32:47.051Z,80,41.790000915527344,85
2026-05-23T08:32:47.119Z,80,41.790000915527344,85
2026-05-23T08:32:47.186Z,80,41.900001525878906,85
2026-05-23T08:32:47.258Z,80,41.900001525878906,85
2026-05-23T08:32:47.322Z,80,42.0099983215332,85
2026-05-23T08:32:47.390Z,80,42.0099983215332,85
2026-05-23T08:32:47.458Z,80,42.0099983215332,85
2026-05-23T08:32:47.526Z,80,42.130001068115234,85
2026-05-23T08:32:47.594Z,80,42.130001068115234,85
2026-05-23T08:32:47.662Z,80,42.2400016784668,85
2026-05-23T08:32:47.730Z,80,42.2400016784668,85
2026-05-23T08:32:47.798Z,80,42.2400016784668,85
2026-05-23T08:32:47.866Z,80,42.349998474121094,85
2026-05-23T08:32:47.934Z,80,42.349998474121094,85
2026-05-23T08:32:48.002Z,80,42.459999084472656,85
2026-05-23T08:32:48.070Z,80,42.459999084472656,85
2026-05-23T08:32:48.138Z,80,42.56999969482422,85
2026-05-23T08:32:48.206Z,80,42.56999969482422,85
2026-05-23T08:32:48.274Z,80,42.56999969482422,85
2026-05-23T08:32:48.342Z,80,42.689998626708984,85
2026-05-23T08:32:48.410Z,80,42.689998626708984,85
2026-05-23T08:32:48.478Z,80,42.689998626708984,85
2026-05-23T08:32:48.546Z,80,42.79999923706055,85
2026-05-23T08:32:48.614Z,80,42.79999923706055,85
2026-05-23T08:32:48.682Z,80,42.90999984741211,85
2026-05-23T08:32:48.749Z,80,42.90999984741211,85
2026-05-23T08:32:48.818Z,80,42.90999984741211,85
2026-05-23T08:32:48.885Z,80,43.029998779296875,85
2026-05-23T08:32:48.953Z,80,43.029998779296875,85
2026-05-23T08:32:49.021Z,80,43.029998779296875,85
2026-05-23T08:32:49.090Z,80,43.13999938964844,85
2026-05-23T08:32:49.158Z,80,43.13999938964844,85
2026-05-23T08:32:49.225Z,80,43.2599983215332,85
2026-05-23T08:32:49.293Z,80,43.2599983215332,85
2026-05-23T08:32:49.361Z,80,43.2599983215332,85
2026-05-23T08:32:49.429Z,80,43.369998931884766,85
2026-05-23T08:32:49.497Z,80,43.369998931884766,85
2026-05-23T08:32:49.565Z,80,43.47999954223633,85
2026-05-23T08:32:49.633Z,80,43.47999954223633,85
2026-05-23T08:32:49.701Z,80,43.47999954223633,85
2026-05-23T08:32:49.769Z,80,43.599998474121094,85
2026-05-23T08:32:49.837Z,80,43.599998474121094,85
2026-05-23T08:32:49.905Z,80,43.720001220703125,85
2026-05-23T08:32:49.973Z,80,43.720001220703125,85
2026-05-23T08:32:50.041Z,80,43.720001220703125,85
2026-05-23T08:32:50.109Z,80,43.83000183105469,85
2026-05-23T08:32:50.177Z,80,43.83000183105469,85
2026-05-23T08:32:50.244Z,80,43.83000183105469,85
2026-05-23T08:32:50.312Z,80,43.95000076293945,85
2026-05-23T08:32:50.380Z,80,43.95000076293945,85
2026-05-23T08:32:50.448Z,80,44.060001373291016,85
2026-05-23T08:32:50.516Z,80,44.060001373291016,85
2026-05-23T08:32:50.584Z,80,44.060001373291016,85
2026-05-23T08:32:50.652Z,80,44.18000030517578,85
2026-05-23T08:32:50.720Z,80,44.18000030517578,85
2026-05-23T08:32:50.789Z,80,44.18000030517578,85
2026-05-23T08:32:50.856Z,80,44.29999923706055,85
2026-05-23T08:32:50.924Z,80,44.29999923706055,85
2026-05-23T08:32:50.992Z,80,44.29999923706055,85
2026-05-23T08:32:51.060Z,80,44.40999984741211,85
2026-05-23T08:32:51.128Z,80,44.40999984741211,85
2026-05-23T08:32:51.196Z,80,44.40999984741211,85
2026-05-23T08:32:51.264Z,80,44.529998779296875,85
2026-05-23T08:32:51.332Z,80,44.529998779296875,85
2026-05-23T08:32:51.400Z,80,44.650001525878906,85
2026-05-23T08:32:51.468Z,80,44.650001525878906,85
2026-05-23T08:32:51.536Z,80,44.650001525878906,85
2026-05-23T08:32:51.604Z,80,44.77000045776367,85
2026-05-23T08:32:51.673Z,80,44.77000045776367,85
2026-05-23T08:32:51.740Z,80,44.880001068115234,85
2026-05-23T08:32:51.808Z,80,44.880001068115234,85
2026-05-23T08:32:51.875Z,80,44.880001068115234,85
2026-05-23T08:32:51.943Z,80,45,85
2026-05-23T08:32:52.011Z,80,45,85
2026-05-23T08:32:52.079Z,80,45,85
2026-05-23T08:32:52.147Z,80,45.119998931884766,85
2026-05-23T08:32:52.215Z,80,45.119998931884766,85
2026-05-23T08:32:52.283Z,80,45.119998931884766,85
2026-05-23T08:32:52.351Z,80,45.2400016784668,85
2026-05-23T08:32:52.419Z,80,45.2400016784668,85
2026-05-23T08:32:52.487Z,80,45.2400016784668,85
2026-05-23T08:32:52.555Z,80,45.36000061035156,85
2026-05-23T08:32:52.624Z,80,45.36000061035156,85
2026-05-23T08:32:52.691Z,80,45.47999954223633,85
2026-05-23T08:32:52.759Z,80,45.47999954223633,85
2026-05-23T08:32:52.827Z,80,45.47999954223633,85
2026-05-23T08:32:52.895Z,80,45.599998474121094,85
2026-05-23T08:32:52.963Z,80,45.599998474121094,85
2026-05-23T08:32:53.031Z,80,45.599998474121094,85
2026-05-23T08:32:53.099Z,80,45.720001220703125,85
2026-05-23T08:32:53.167Z,80,45.720001220703125,85
2026-05-23T08:32:53.235Z,80,45.720001220703125,85
2026-05-23T08:32:53.302Z,80,45.84000015258789,85
2026-05-23T08:32:53.371Z,80,45.84000015258789,85
2026-05-23T08:32:53.438Z,80,45.84000015258789,85
2026-05-23T08:32:53.507Z,80,45.959999084472656,85
2026-05-23T08:32:53.574Z,80,45.959999084472656,85
2026-05-23T08:32:53.642Z,80,46.08000183105469,85
2026-05-23T08:32:53.710Z,80,46.08000183105469,85
2026-05-23T08:32:53.778Z,80,46.08000183105469,85
2026-05-23T08:32:53.846Z,80,46.20000076293945,85
2026-05-23T08:32:53.914Z,80,46.20000076293945,85
2026-05-23T08:32:53.982Z,80,46.20000076293945,85
2026-05-23T08:32:54.050Z,80,46.33000183105469,85
2026-05-23T08:32:54.118Z,80,46.33000183105469,85
2026-05-23T08:32:54.186Z,80,46.33000183105469,85
2026-05-23T08:32:54.254Z,80,46.45000076293945,85
2026-05-23T08:32:54.322Z,80,46.45000076293945,85
2026-05-23T08:32:54.390Z,80,46.45000076293945,85
2026-05-23T08:32:54.458Z,80,46.56999969482422,85
2026-05-23T08:32:54.526Z,80,46.56999969482422,85
2026-05-23T08:32:54.594Z,80,46.56999969482422,85
2026-05-23T08:32:54.662Z,80,46.689998626708984,85
2026-05-23T08:32:54.730Z,80,46.689998626708984,85
2026-05-23T08:32:54.797Z,80,46.689998626708984,85
2026-05-23T08:32:54.865Z,80,46.81999969482422,85
2026-05-23T08:32:54.933Z,80,46.81999969482422,85
2026-05-23T08:32:55.001Z,80,46.81999969482422,85
2026-05-23T08:32:55.069Z,80,46.939998626708984,85
2026-05-23T08:32:55.137Z,80,46.939998626708984,85
2026-05-23T08:32:55.205Z,80,46.939998626708984,85
2026-05-23T08:32:55.273Z,80,47.060001373291016,85
2026-05-23T08:32:55.346Z,80,47.060001373291016,85
2026-05-23T08:32:55.409Z,80,47.060001373291016,85
2026-05-23T08:32:55.477Z,80,47.189998626708984,85
2026-05-23T08:32:55.545Z,80,47.189998626708984,85
2026-05-23T08:32:55.613Z,80,47.189998626708984,85
2026-05-23T08:32:55.681Z,80,47.310001373291016,85
2026-05-23T08:32:55.749Z,80,47.310001373291016,85
2026-05-23T08:32:55.817Z,80,47.310001373291016,85
2026-05-23T08:32:55.885Z,80,47.439998626708984,85
2026-05-23T08:32:55.953Z,80,47.439998626708984,85
2026-05-23T08:32:56.021Z,80,47.439998626708984,85
2026-05-23T08:32:56.089Z,80,47.560001373291016,85
2026-05-23T08:32:56.157Z,80,47.560001373291016,85
2026-05-23T08:32:56.225Z,80,47.689998626708984,85
2026-05-23T08:32:56.293Z,80,47.689998626708984,85
2026-05-23T08:32:56.361Z,80,47.689998626708984,85
2026-05-23T08:32:56.428Z,80,47.81999969482422,85
2026-05-23T08:32:56.496Z,80,47.81999969482422,85
2026-05-23T08:32:56.564Z,80,47.81999969482422,85
2026-05-23T08:32:56.632Z,80,47.81999969482422,85
2026-05-23T08:32:56.700Z,80,47.939998626708984,85
2026-05-23T08:32:56.768Z,80,47.939998626708984,85
2026-05-23T08:32:56.836Z,80,47.939998626708984,85
2026-05-23T08:32:56.904Z,80,48.06999969482422,85
2026-05-23T08:32:56.972Z,80,48.06999969482422,85
2026-05-23T08:32:57.041Z,80,48.06999969482422,85
2026-05-23T08:32:57.108Z,80,48.20000076293945,85
2026-05-23T08:32:57.176Z,80,48.20000076293945,85
2026-05-23T08:32:57.244Z,80,48.20000076293945,85
2026-05-23T08:32:57.312Z,80,48.31999969482422,85
2026-05-23T08:32:57.380Z,80,48.31999969482422,85
2026-05-23T08:32:57.448Z,80,48.31999969482422,85
2026-05-23T08:32:57.516Z,80,48.45000076293945,85
2026-05-23T08:32:57.584Z,80,48.45000076293945,85
2026-05-23T08:32:57.652Z,80,48.45000076293945,85
2026-05-23T08:32:57.720Z,80,48.58000183105469,85
2026-05-23T08:32:57.787Z,80,48.58000183105469,85
2026-05-23T08:32:57.855Z,80,48.58000183105469,85
2026-05-23T08:32:57.924Z,80,48.709999084472656,85
2026-05-23T08:32:57.996Z,80,48.709999084472656,85
2026-05-23T08:32:58.060Z,80,48.709999084472656,85
2026-05-23T08:32:58.127Z,80,48.84000015258789,85
2026-05-23T08:32:58.195Z,80,48.84000015258789,85
2026-05-23T08:32:58.263Z,80,48.84000015258789,85
2026-05-23T08:32:58.331Z,80,48.970001220703125,85
2026-05-23T08:32:58.399Z,80,48.970001220703125,85
2026-05-23T08:32:58.467Z,80,48.970001220703125,85
2026-05-23T08:32:58.535Z,80,49.099998474121094,85
2026-05-23T08:32:58.603Z,80,49.099998474121094,85
2026-05-23T08:32:58.671Z,80,49.099998474121094,85
2026-05-23T08:32:58.739Z,80,49.099998474121094,85
2026-05-23T08:32:58.807Z,80,49.22999954223633,85
2026-05-23T08:32:58.875Z,80,49.22999954223633,85
2026-05-23T08:32:58.943Z,80,49.22999954223633,85
2026-05-23T08:32:59.011Z,80,49.36000061035156,85
2026-05-23T08:32:59.079Z,80,49.36000061035156,85
2026-05-23T08:32:59.147Z,80,49.36000061035156,85
2026-05-23T08:32:59.215Z,80,49.36000061035156,85
2026-05-23T08:32:59.283Z,80,49.4900016784668,85
2026-05-23T08:32:59.351Z,80,49.4900016784668,85
2026-05-23T08:32:59.418Z,80,49.4900016784668,85
2026-05-23T08:32:59.487Z,80,49.619998931884766,85
2026-05-23T08:32:59.554Z,80,49.619998931884766,85
2026-05-23T08:32:59.622Z,80,49.619998931884766,85
2026-05-23T08:32:59.691Z,80,49.75,85
2026-05-23T08:32:59.758Z,80,49.75,85
2026-05-23T08:32:59.826Z,80,49.75,85
2026-05-23T08:32:59.894Z,80,49.88999938964844,85
2026-05-23T08:32:59.962Z,80,49.88999938964844,85
2026-05-23T08:33:00.030Z,80,49.88999938964844,85
2026-05-23T08:33:00.105Z,80,50.02000045776367,85
2026-05-23T08:33:00.166Z,80,50.02000045776367,85
2026-05-23T08:33:00.234Z,80,50.02000045776367,85
2026-05-23T08:33:00.302Z,80,50.150001525878906,85
2026-05-23T08:33:00.370Z,80,50.150001525878906,85
2026-05-23T08:33:00.438Z,80,50.150001525878906,85
2026-05-23T08:33:00.506Z,80,50.290000915527344,85
2026-05-23T08:33:00.574Z,80,50.290000915527344,85
2026-05-23T08:33:00.642Z,80,50.290000915527344,85
2026-05-23T08:33:00.710Z,80,50.290000915527344,85
2026-05-23T08:33:00.778Z,80,50.41999816894531,85
2026-05-23T08:33:00.846Z,80,50.41999816894531,85
2026-05-23T08:33:00.913Z,80,50.41999816894531,85
2026-05-23T08:33:00.981Z,80,50.41999816894531,85
2026-05-23T08:33:01.049Z,80,50.54999923706055,85
2026-05-23T08:33:01.117Z,80,50.54999923706055,85
2026-05-23T08:33:01.185Z,80,50.54999923706055,85
2026-05-23T08:33:01.253Z,80,50.689998626708984,85
2026-05-23T08:33:01.321Z,80,50.689998626708984,85
2026-05-23T08:33:01.389Z,80,50.689998626708984,85
2026-05-23T08:33:01.457Z,80,50.81999969482422,85
2026-05-23T08:33:01.529Z,80,50.81999969482422,85
2026-05-23T08:33:01.593Z,80,50.81999969482422,85
2026-05-23T08:33:01.661Z,80,50.959999084472656,85
2026-05-23T08:33:01.729Z,80,50.959999084472656,85
2026-05-23T08:33:01.802Z,80,50.959999084472656,85
2026-05-23T08:33:01.865Z,80,50.959999084472656,85
2026-05-23T08:33:01.935Z,80,51.099998474121094,85
2026-05-23T08:33:02.001Z,80,51.099998474121094,85
2026-05-23T08:33:02.069Z,80,51.099998474121094,85
2026-05-23T08:33:02.137Z,80,51.22999954223633,85
2026-05-23T08:33:02.205Z,80,51.22999954223633,85
2026-05-23T08:33:02.273Z,80,51.22999954223633,85
2026-05-23T08:33:02.340Z,80,51.369998931884766,85
2026-05-23T08:33:02.409Z,80,51.369998931884766,85
2026-05-23T08:33:02.476Z,80,51.369998931884766,85
2026-05-23T08:33:02.544Z,80,51.5099983215332,85
2026-05-23T08:33:02.612Z,80,51.5099983215332,85
2026-05-23T08:33:02.680Z,80,51.5099983215332,85
2026-05-23T08:33:02.748Z,80,51.5099983215332,85
2026-05-23T08:33:02.816Z,80,51.650001525878906,85
2026-05-23T08:33:02.884Z,80,51.650001525878906,85
2026-05-23T08:33:02.952Z,80,51.650001525878906,85
2026-05-23T08:33:03.020Z,80,51.650001525878906,85
2026-05-23T08:33:03.088Z,80,51.790000915527344,85
2026-05-23T08:33:03.156Z,80,51.790000915527344,85
2026-05-23T08:33:03.224Z,80,51.790000915527344,85
2026-05-23T08:33:03.292Z,80,51.790000915527344,85
2026-05-23T08:33:03.360Z,80,51.91999816894531,85
2026-05-23T08:33:03.428Z,80,51.91999816894531,85
2026-05-23T08:33:03.496Z,80,51.91999816894531,85
2026-05-23T08:33:03.564Z,80,52.060001373291016,85
2026-05-23T08:33:03.632Z,80,52.060001373291016,85
2026-05-23T08:33:03.700Z,80,52.060001373291016,85
2026-05-23T08:33:03.768Z,80,52.060001373291016,85
2026-05-23T08:33:03.836Z,80,52.20000076293945,85
2026-05-23T08:33:03.904Z,80,52.20000076293945,85
2026-05-23T08:33:03.971Z,80,52.20000076293945,85
2026-05-23T08:33:04.039Z,80,52.34000015258789,85
2026-05-23T08:33:04.107Z,80,52.34000015258789,85
2026-05-23T08:33:04.176Z,80,52.34000015258789,85
2026-05-23T08:33:04.244Z,80,52.4900016784668,85
2026-05-23T08:33:04.311Z,80,52.4900016784668,85
2026-05-23T08:33:04.379Z,80,52.4900016784668,85
2026-05-23T08:33:04.447Z,80,52.4900016784668,85
2026-05-23T08:33:04.515Z,80,52.630001068115234,85
2026-05-23T08:33:04.583Z,80,52.630001068115234,85
2026-05-23T08:33:04.651Z,80,52.630001068115234,85
2026-05-23T08:33:04.719Z,80,52.630001068115234,85
2026-05-23T08:33:04.787Z,80,52.77000045776367,85
2026-05-23T08:33:04.855Z,80,52.77000045776367,85
2026-05-23T08:33:04.923Z,80,52.77000045776367,85
2026-05-23T08:33:04.991Z,80,52.90999984741211,85
2026-05-23T08:33:05.061Z,80,52.90999984741211,85
2026-05-23T08:33:05.127Z,80,52.90999984741211,85
2026-05-23T08:33:05.195Z,80,52.90999984741211,85
2026-05-23T08:33:05.263Z,80,53.060001373291016,85
2026-05-23T08:33:05.331Z,80,53.060001373291016,85
2026-05-23T08:33:05.399Z,80,53.060001373291016,85
2026-05-23T08:33:05.466Z,80,53.060001373291016,85
2026-05-23T08:33:05.534Z,80,53.20000076293945,85
2026-05-23T08:33:05.602Z,80,53.20000076293945,85
2026-05-23T08:33:05.670Z,80,53.20000076293945,85
2026-05-23T08:33:05.738Z,80,53.20000076293945,85
2026-05-23T08:33:05.806Z,80,53.34000015258789,85
2026-05-23T08:33:05.875Z,80,53.34000015258789,85
2026-05-23T08:33:05.944Z,80,53.34000015258789,85
2026-05-23T08:33:06.010Z,80,53.4900016784668,85
2026-05-23T08:33:06.078Z,80,53.4900016784668,85
2026-05-23T08:33:06.146Z,80,53.4900016784668,85
2026-05-23T08:33:06.214Z,80,53.4900016784668,85
2026-05-23T08:33:06.282Z,80,53.630001068115234,85
2026-05-23T08:33:06.350Z,80,53.630001068115234,85
2026-05-23T08:33:06.418Z,80,53.630001068115234,85
2026-05-23T08:33:06.486Z,80,53.779998779296875,85
2026-05-23T08:33:06.554Z,80,53.779998779296875,85
2026-05-23T08:33:06.622Z,80,53.779998779296875,85
2026-05-23T08:33:06.690Z,80,53.779998779296875,85
2026-05-23T08:33:06.758Z,80,53.93000030517578,85
2026-05-23T08:33:06.827Z,80,53.93000030517578,85
2026-05-23T08:33:06.894Z,80,53.93000030517578,85
2026-05-23T08:33:06.962Z,80,53.93000030517578,85
2026-05-23T08:33:07.029Z,80,54.06999969482422,85
2026-05-23T08:33:07.097Z,80,54.06999969482422,85
2026-05-23T08:33:07.165Z,80,54.06999969482422,85
2026-05-23T08:33:07.233Z,80,54.06999969482422,85
2026-05-23T08:33:07.301Z,80,54.06999969482422,85
2026-05-23T08:33:07.369Z,80,54.220001220703125,85
2026-05-23T08:33:07.437Z,80,54.220001220703125,85
2026-05-23T08:33:07.505Z,80,54.220001220703125,85
2026-05-23T08:33:07.573Z,80,54.369998931884766,85
2026-05-23T08:33:07.641Z,80,54.369998931884766,85
2026-05-23T08:33:07.709Z,80,54.369998931884766,85
2026-05-23T08:33:07.777Z,80,54.369998931884766,85
2026-05-23T08:33:07.845Z,80,54.52000045776367,85
2026-05-23T08:33:07.913Z,80,54.52000045776367,85
2026-05-23T08:33:07.981Z,80,54.52000045776367,85
2026-05-23T08:33:08.049Z,80,54.66999816894531,85
2026-05-23T08:33:08.117Z,80,54.66999816894531,85
2026-05-23T08:33:08.185Z,80,54.66999816894531,85
2026-05-23T08:33:08.253Z,80,54.66999816894531,85
2026-05-23T08:33:08.321Z,80,54.810001373291016,85
2026-05-23T08:33:08.389Z,80,54.810001373291016,85
2026-05-23T08:33:08.456Z,80,54.810001373291016,85
2026-05-23T08:33:08.524Z,80,54.810001373291016,85
2026-05-23T08:33:08.592Z,80,54.970001220703125,85
2026-05-23T08:33:08.661Z,80,54.970001220703125,85
2026-05-23T08:33:08.729Z,80,54.970001220703125,85
2026-05-23T08:33:08.796Z,80,54.970001220703125,85
2026-05-23T08:33:08.864Z,80,55.119998931884766,85
2026-05-23T08:33:08.932Z,80,55.119998931884766,85
2026-05-23T08:33:09.000Z,80,55.119998931884766,85
2026-05-23T08:33:09.068Z,80,55.119998931884766,85
2026-05-23T08:33:09.136Z,80,55.119998931884766,85
2026-05-23T08:33:09.204Z,80,55.27000045776367,85
2026-05-23T08:33:09.272Z,80,55.27000045776367,85
2026-05-23T08:33:09.340Z,80,55.27000045776367,85
2026-05-23T08:33:09.408Z,80,55.27000045776367,85
2026-05-23T08:33:09.476Z,80,55.41999816894531,85
2026-05-23T08:33:09.544Z,80,55.41999816894531,85
2026-05-23T08:33:09.612Z,80,55.41999816894531,85
2026-05-23T08:33:09.680Z,80,55.41999816894531,85
2026-05-23T08:33:09.748Z,80,55.56999969482422,85
2026-05-23T08:33:09.816Z,80,55.56999969482422,85
2026-05-23T08:33:09.884Z,80,55.56999969482422,85
2026-05-23T08:33:09.952Z,80,55.56999969482422,85
2026-05-23T08:33:10.020Z,80,55.72999954223633,85
2026-05-23T08:33:10.087Z,80,55.72999954223633,85
2026-05-23T08:33:10.155Z,80,55.72999954223633,85
2026-05-23T08:33:10.223Z,80,55.72999954223633,85
2026-05-23T08:33:10.291Z,80,55.880001068115234,85
2026-05-23T08:33:10.359Z,80,55.880001068115234,85
2026-05-23T08:33:10.428Z,80,55.880001068115234,85
2026-05-23T08:33:10.495Z,80,55.880001068115234,85
2026-05-23T08:33:10.563Z,80,56.029998779296875,85
2026-05-23T08:33:10.631Z,80,56.029998779296875,85
2026-05-23T08:33:10.699Z,80,56.029998779296875,85
2026-05-23T08:33:10.767Z,80,56.029998779296875,85
2026-05-23T08:33:10.835Z,80,56.189998626708984,85
2026-05-23T08:33:10.903Z,80,56.189998626708984,85
2026-05-23T08:33:10.971Z,80,56.189998626708984,85
2026-05-23T08:33:11.039Z,80,56.189998626708984,85
2026-05-23T08:33:11.107Z,80,56.189998626708984,85
2026-05-23T08:33:11.175Z,80,56.34000015258789,85
2026-05-23T08:33:11.243Z,80,56.34000015258789,85
2026-05-23T08:33:11.312Z,80,56.34000015258789,85
2026-05-23T08:33:11.379Z,80,56.34000015258789,85
2026-05-23T08:33:11.453Z,80,56.5,85
2026-05-23T08:33:11.515Z,80,56.5,85
2026-05-23T08:33:11.582Z,80,56.5,85
2026-05-23T08:33:11.650Z,80,56.5,85
2026-05-23T08:33:11.718Z,80,56.5,85
2026-05-23T08:33:11.786Z,80,56.65999984741211,85
2026-05-23T08:33:11.854Z,80,56.65999984741211,85
2026-05-23T08:33:11.922Z,80,56.65999984741211,85
2026-05-23T08:33:11.990Z,80,56.65999984741211,85
2026-05-23T08:33:12.058Z,80,56.81999969482422,85
2026-05-23T08:33:12.126Z,80,56.81999969482422,85
2026-05-23T08:33:12.194Z,80,56.81999969482422,85
2026-05-23T08:33:12.262Z,80,56.970001220703125,85
2026-05-23T08:33:12.330Z,80,56.970001220703125,85
2026-05-23T08:33:12.398Z,80,56.970001220703125,85
2026-05-23T08:33:12.466Z,80,56.970001220703125,85
2026-05-23T08:33:12.534Z,80,56.970001220703125,85
2026-05-23T08:33:12.602Z,80,57.130001068115234,85
2026-05-23T08:33:12.670Z,80,57.130001068115234,85
2026-05-23T08:33:12.738Z,80,57.130001068115234,85
2026-05-23T08:33:12.806Z,80,57.130001068115234,85
2026-05-23T08:33:12.874Z,80,57.290000915527344,85
2026-05-23T08:33:12.942Z,80,57.290000915527344,85
2026-05-23T08:33:13.010Z,80,57.290000915527344,85
2026-05-23T08:33:13.083Z,80,57.290000915527344,85
2026-05-23T08:33:13.149Z,80,57.290000915527344,85
2026-05-23T08:33:13.214Z,80,57.45000076293945,85
2026-05-23T08:33:13.281Z,80,57.45000076293945,85
2026-05-23T08:33:13.349Z,80,57.45000076293945,85
2026-05-23T08:33:13.417Z,80,57.45000076293945,85
2026-05-23T08:33:13.485Z,80,57.45000076293945,85
2026-05-23T08:33:13.553Z,80,57.61000061035156,85
2026-05-23T08:33:13.621Z,80,57.61000061035156,85
2026-05-23T08:33:13.689Z,80,57.61000061035156,85
2026-05-23T08:33:13.757Z,80,57.61000061035156,85
2026-05-23T08:33:13.825Z,80,57.779998779296875,85
2026-05-23T08:33:13.893Z,80,57.779998779296875,85
2026-05-23T08:33:13.961Z,80,57.779998779296875,85
2026-05-23T08:33:14.029Z,80,57.779998779296875,85
2026-05-23T08:33:14.098Z,80,57.939998626708984,85
2026-05-23T08:33:14.165Z,80,57.939998626708984,85
2026-05-23T08:33:14.233Z,80,57.939998626708984,85
2026-05-23T08:33:14.301Z,80,57.939998626708984,85
2026-05-23T08:33:14.369Z,80,57.939998626708984,85
2026-05-23T08:33:14.437Z,80,58.099998474121094,85
2026-05-23T08:33:14.505Z,80,58.099998474121094,85
2026-05-23T08:33:14.572Z,80,58.099998474121094,85
2026-05-23T08:33:14.640Z,80,58.099998474121094,85
2026-05-23T08:33:14.708Z,80,58.27000045776367,85
2026-05-23T08:33:14.776Z,80,58.27000045776367,85
2026-05-23T08:33:14.845Z,80,58.27000045776367,85
2026-05-23T08:33:14.912Z,80,58.27000045776367,85
2026-05-23T08:33:14.980Z,80,58.27000045776367,85
2026-05-23T08:33:15.048Z,80,58.43000030517578,85
2026-05-23T08:33:15.116Z,80,58.43000030517578,85
2026-05-23T08:33:15.184Z,80,58.43000030517578,85
2026-05-23T08:33:15.252Z,80,58.43000030517578,85
2026-05-23T08:33:15.320Z,80,58.43000030517578,85
2026-05-23T08:33:15.388Z,80,58.43000030517578,85
2026-05-23T08:33:15.456Z,80,58.599998474121094,85
2026-05-23T08:33:15.524Z,80,58.599998474121094,85
2026-05-23T08:33:15.592Z,80,58.599998474121094,85
2026-05-23T08:33:15.660Z,80,58.599998474121094,85
2026-05-23T08:33:15.728Z,80,58.7599983215332,85
2026-05-23T08:33:15.796Z,80,58.7599983215332,85
2026-05-23T08:33:15.864Z,80,58.7599983215332,85
2026-05-23T08:33:15.932Z,80,58.7599983215332,85
2026-05-23T08:33:16.000Z,80,58.7599983215332,85
2026-05-23T08:33:16.067Z,80,58.93000030517578,85
2026-05-23T08:33:16.136Z,80,58.93000030517578,85
2026-05-23T08:33:16.203Z,80,58.93000030517578,85
2026-05-23T08:33:16.271Z,80,58.93000030517578,85
2026-05-23T08:33:16.339Z,80,59.099998474121094,85
2026-05-23T08:33:16.407Z,80,59.099998474121094,85
2026-05-23T08:33:16.475Z,80,59.099998474121094,85
2026-05-23T08:33:16.543Z,80,59.099998474121094,85
2026-05-23T08:33:16.611Z,80,59.27000045776367,85
2026-05-23T08:33:16.679Z,80,59.27000045776367,85
2026-05-23T08:33:16.747Z,80,59.27000045776367,85
2026-05-23T08:33:16.815Z,80,59.27000045776367,85
2026-05-23T08:33:16.883Z,80,59.27000045776367,85
2026-05-23T08:33:16.951Z,80,59.43000030517578,85
2026-05-23T08:33:17.019Z,80,59.43000030517578,85
2026-05-23T08:33:17.087Z,80,59.43000030517578,85
2026-05-23T08:33:17.155Z,80,59.43000030517578,85
2026-05-23T08:33:17.223Z,80,59.43000030517578,85
2026-05-23T08:33:17.291Z,80,59.43000030517578,85
2026-05-23T08:33:17.359Z,80,59.599998474121094,85
2026-05-23T08:33:17.427Z,80,59.599998474121094,85
2026-05-23T08:33:17.495Z,80,59.599998474121094,85
2026-05-23T08:33:17.563Z,80,59.599998474121094,85
2026-05-23T08:33:17.631Z,80,59.599998474121094,85
2026-05-23T08:33:17.698Z,80,59.779998779296875,85
2026-05-23T08:33:17.767Z,80,59.779998779296875,85
2026-05-23T08:33:17.834Z,80,59.779998779296875,85
2026-05-23T08:33:17.902Z,80,59.779998779296875,85
2026-05-23T08:33:17.970Z,80,59.779998779296875,85
2026-05-23T08:33:18.038Z,80,59.95000076293945,85
2026-05-23T08:33:18.106Z,80,59.95000076293945,85
2026-05-23T08:33:18.174Z,80,59.95000076293945,85
2026-05-23T08:33:18.242Z,80,59.95000076293945,85
2026-05-23T08:33:18.310Z,80,60.119998931884766,85
2026-05-23T08:33:18.378Z,80,60.119998931884766,85
2026-05-23T08:33:18.446Z,80,60.119998931884766,85
2026-05-23T08:33:18.514Z,80,60.119998931884766,85
2026-05-23T08:33:18.582Z,80,60.119998931884766,85
2026-05-23T08:33:18.650Z,80,60.290000915527344,85
2026-05-23T08:33:18.718Z,80,60.290000915527344,85
2026-05-23T08:33:18.786Z,80,60.290000915527344,85
2026-05-23T08:33:18.854Z,80,60.290000915527344,85
2026-05-23T08:33:18.922Z,80,60.290000915527344,85
2026-05-23T08:33:18.990Z,80,60.470001220703125,85
2026-05-23T08:33:19.058Z,80,60.470001220703125,85
2026-05-23T08:33:19.126Z,80,60.470001220703125,85
2026-05-23T08:33:19.193Z,80,60.470001220703125,85
2026-05-23T08:33:19.261Z,80,60.470001220703125,85
2026-05-23T08:33:19.330Z,80,60.470001220703125,85
2026-05-23T08:33:19.398Z,80,60.63999938964844,85
2026-05-23T08:33:19.465Z,80,60.63999938964844,85
2026-05-23T08:33:19.533Z,80,60.63999938964844,85
2026-05-23T08:33:19.601Z,80,60.63999938964844,85
2026-05-23T08:33:19.669Z,80,60.63999938964844,85
2026-05-23T08:33:19.737Z,80,60.81999969482422,85
2026-05-23T08:33:19.805Z,80,60.81999969482422,85
2026-05-23T08:33:19.873Z,80,60.81999969482422,85
2026-05-23T08:33:19.941Z,80,60.81999969482422,85
2026-05-23T08:33:20.009Z,80,60.81999969482422,85
2026-05-23T08:33:20.077Z,80,60.9900016784668,85
2026-05-23T08:33:20.145Z,80,60.9900016784668,85
2026-05-23T08:33:20.213Z,80,60.9900016784668,85
2026-05-23T08:33:20.281Z,80,60.9900016784668,85
2026-05-23T08:33:20.349Z,80,61.16999816894531,85
2026-05-23T08:33:20.417Z,80,61.16999816894531,85
2026-05-23T08:33:20.485Z,80,61.16999816894531,85
2026-05-23T08:33:20.553Z,80,61.16999816894531,85
2026-05-23T08:33:20.620Z,80,61.16999816894531,85
2026-05-23T08:33:20.689Z,80,61.349998474121094,85
2026-05-23T08:33:20.756Z,80,61.349998474121094,85
2026-05-23T08:33:20.824Z,80,61.349998474121094,85
2026-05-23T08:33:20.892Z,80,61.349998474121094,85
2026-05-23T08:33:20.960Z,80,61.349998474121094,85
2026-05-23T08:33:21.028Z,80,61.349998474121094,85
2026-05-23T08:33:21.097Z,80,61.529998779296875,85
2026-05-23T08:33:21.164Z,80,61.529998779296875,85
2026-05-23T08:33:21.232Z,80,61.529998779296875,85
2026-05-23T08:33:21.300Z,80,61.529998779296875,85
2026-05-23T08:33:21.368Z,80,61.529998779296875,85
2026-05-23T08:33:21.436Z,80,61.529998779296875,85
2026-05-23T08:33:21.504Z,80,61.709999084472656,85
2026-05-23T08:33:21.572Z,80,61.709999084472656,85
2026-05-23T08:33:21.640Z,80,61.709999084472656,85
2026-05-23T08:33:21.708Z,80,61.709999084472656,85
2026-05-23T08:33:21.776Z,80,61.709999084472656,85
2026-05-23T08:33:21.844Z,80,61.88999938964844,85
2026-05-23T08:33:21.912Z,80,61.88999938964844,85
2026-05-23T08:33:21.980Z,80,61.88999938964844,85
2026-05-23T08:33:22.048Z,80,61.88999938964844,85
2026-05-23T08:33:22.116Z,80,61.88999938964844,85
2026-05-23T08:33:22.184Z,80,62.06999969482422,85
2026-05-23T08:33:22.252Z,80,62.06999969482422,85
2026-05-23T08:33:22.319Z,80,62.06999969482422,85
2026-05-23T08:33:22.387Z,80,62.06999969482422,85
2026-05-23T08:33:22.455Z,80,62.06999969482422,85
2026-05-23T08:33:22.523Z,80,62.2599983215332,85
2026-05-23T08:33:22.591Z,80,62.2599983215332,85
2026-05-23T08:33:22.659Z,80,62.2599983215332,85
2026-05-23T08:33:22.727Z,80,62.2599983215332,85
2026-05-23T08:33:22.795Z,80,62.2599983215332,85
2026-05-23T08:33:22.864Z,80,62.439998626708984,85
2026-05-23T08:33:22.932Z,80,62.439998626708984,85
2026-05-23T08:33:22.999Z,80,62.439998626708984,85
2026-05-23T08:33:23.067Z,80,62.439998626708984,85
2026-05-23T08:33:23.135Z,80,62.439998626708984,85
2026-05-23T08:33:23.203Z,80,62.439998626708984,85
2026-05-23T08:33:23.271Z,80,62.439998626708984,85
2026-05-23T08:33:23.339Z,80,62.619998931884766,85
2026-05-23T08:33:23.407Z,80,62.619998931884766,85
2026-05-23T08:33:23.475Z,80,62.619998931884766,85
2026-05-23T08:33:23.543Z,80,62.619998931884766,85
2026-05-23T08:33:23.611Z,80,62.619998931884766,85
2026-05-23T08:33:23.679Z,80,62.619998931884766,85
2026-05-23T08:33:23.747Z,80,62.810001373291016,85
2026-05-23T08:33:23.815Z,80,62.810001373291016,85
2026-05-23T08:33:23.883Z,80,62.810001373291016,85
2026-05-23T08:33:23.951Z,80,62.810001373291016,85
2026-05-23T08:33:24.018Z,80,62.810001373291016,85
2026-05-23T08:33:24.086Z,80,63,85
2026-05-23T08:33:24.154Z,80,63,85
2026-05-23T08:33:24.222Z,80,63,85
2026-05-23T08:33:24.290Z,80,63,85
2026-05-23T08:33:24.358Z,80,63,85
2026-05-23T08:33:24.426Z,80,63.18000030517578,85
2026-05-23T08:33:24.494Z,80,63.18000030517578,85
2026-05-23T08:33:24.562Z,80,63.18000030517578,85
2026-05-23T08:33:24.630Z,80,63.18000030517578,85
2026-05-23T08:33:24.698Z,80,63.18000030517578,85
2026-05-23T08:33:24.766Z,80,63.369998931884766,85
2026-05-23T08:33:24.834Z,80,63.369998931884766,85
2026-05-23T08:33:24.902Z,80,63.369998931884766,85
2026-05-23T08:33:24.970Z,80,63.369998931884766,85
2026-05-23T08:33:25.038Z,80,63.369998931884766,85
2026-05-23T08:33:25.106Z,80,63.369998931884766,85
2026-05-23T08:33:25.174Z,80,63.560001373291016,85
2026-05-23T08:33:25.242Z,80,63.560001373291016,85
2026-05-23T08:33:25.309Z,80,63.560001373291016,85
2026-05-23T08:33:25.377Z,80,63.560001373291016,85
2026-05-23T08:33:25.445Z,80,63.560001373291016,85
2026-05-23T08:33:25.513Z,80,63.560001373291016,85
2026-05-23T08:33:25.582Z,80,63.560001373291016,85
2026-05-23T08:33:25.656Z,80,63.75,85
2026-05-23T08:33:25.717Z,80,63.75,85
2026-05-23T08:33:25.785Z,80,63.75,85
2026-05-23T08:33:25.853Z,80,63.75,85
2026-05-23T08:33:25.921Z,80,63.75,85
2026-05-23T08:33:25.989Z,80,63.939998626708984,85
2026-05-23T08:33:26.057Z,80,63.939998626708984,85
2026-05-23T08:33:26.125Z,80,63.939998626708984,85
2026-05-23T08:33:26.193Z,80,63.939998626708984,85
2026-05-23T08:33:26.261Z,80,63.939998626708984,85
2026-05-23T08:33:26.329Z,80,63.939998626708984,85
2026-05-23T08:33:26.397Z,80,64.13999938964844,85
2026-05-23T08:33:26.465Z,80,64.13999938964844,85
2026-05-23T08:33:26.533Z,80,64.13999938964844,85
2026-05-23T08:33:26.601Z,80,64.13999938964844,85
2026-05-23T08:33:26.669Z,80,64.13999938964844,85
2026-05-23T08:33:26.737Z,80,64.33000183105469,85
2026-05-23T08:33:26.804Z,80,64.33000183105469,85
2026-05-23T08:33:26.873Z,80,64.33000183105469,85
2026-05-23T08:33:26.940Z,80,64.33000183105469,85
2026-05-23T08:33:27.008Z,80,64.33000183105469,85
2026-05-23T08:33:27.076Z,80,64.33000183105469,85
2026-05-23T08:33:27.144Z,80,64.52999877929688,85
2026-05-23T08:33:27.212Z,80,64.52999877929688,85
2026-05-23T08:33:27.280Z,80,64.52999877929688,85
2026-05-23T08:33:27.349Z,80,64.52999877929688,85
2026-05-23T08:33:27.416Z,80,64.52999877929688,85
2026-05-23T08:33:27.484Z,80,64.52999877929688,85
2026-05-23T08:33:27.552Z,80,64.52999877929688,85
2026-05-23T08:33:27.620Z,80,64.72000122070312,85
2026-05-23T08:33:27.688Z,80,64.72000122070312,85
2026-05-23T08:33:27.756Z,80,64.72000122070312,85
2026-05-23T08:33:27.824Z,80,64.72000122070312,85
2026-05-23T08:33:27.892Z,80,64.72000122070312,85
2026-05-23T08:33:27.960Z,80,64.72000122070312,85
2026-05-23T08:33:28.028Z,80,64.72000122070312,85
2026-05-23T08:33:28.096Z,80,64.91999816894531,85
2026-05-23T08:33:28.164Z,80,64.91999816894531,85
2026-05-23T08:33:28.233Z,80,64.91999816894531,85
2026-05-23T08:33:28.300Z,80,64.91999816894531,85
2026-05-23T08:33:28.368Z,80,64.91999816894531,85
2026-05-23T08:33:28.435Z,80,65.12000274658203,85
2026-05-23T08:33:28.503Z,80,65.12000274658203,85
2026-05-23T08:33:28.571Z,80,65.12000274658203,85
2026-05-23T08:33:28.639Z,80,65.12000274658203,85
2026-05-23T08:33:28.707Z,80,65.12000274658203,85
2026-05-23T08:33:28.775Z,80,65.12000274658203,85
2026-05-23T08:33:28.843Z,80,65.31999969482422,85
2026-05-23T08:33:28.911Z,80,65.31999969482422,85
2026-05-23T08:33:28.979Z,80,65.31999969482422,85
2026-05-23T08:33:29.047Z,80,65.31999969482422,85
2026-05-23T08:33:29.116Z,80,65.31999969482422,85
2026-05-23T08:33:29.183Z,80,65.31999969482422,85
2026-05-23T08:33:29.251Z,80,65.5199966430664,85
2026-05-23T08:33:29.319Z,80,65.5199966430664,85
2026-05-23T08:33:29.387Z,80,65.5199966430664,85
2026-05-23T08:33:29.455Z,80,65.5199966430664,85
2026-05-23T08:33:29.523Z,80,65.5199966430664,85
2026-05-23T08:33:29.591Z,80,65.5199966430664,85
2026-05-23T08:33:29.659Z,80,65.5199966430664,85
2026-05-23T08:33:29.727Z,80,65.5199966430664,85
2026-05-23T08:33:29.795Z,80,65.72000122070312,85
2026-05-23T08:33:29.863Z,80,65.72000122070312,85
2026-05-23T08:33:29.930Z,80,65.72000122070312,85
2026-05-23T08:33:29.999Z,80,65.72000122070312,85
2026-05-23T08:33:30.066Z,80,65.72000122070312,85
2026-05-23T08:33:30.134Z,80,65.72000122070312,85
2026-05-23T08:33:30.202Z,80,65.91999816894531,85
2026-05-23T08:33:30.270Z,80,65.91999816894531,85
2026-05-23T08:33:30.338Z,80,65.91999816894531,85
2026-05-23T08:33:30.406Z,80,65.91999816894531,85
2026-05-23T08:33:30.474Z,80,65.91999816894531,85
2026-05-23T08:33:30.542Z,80,65.91999816894531,85
2026-05-23T08:33:30.610Z,80,66.12999725341797,85
2026-05-23T08:33:30.678Z,80,66.12999725341797,85
2026-05-23T08:33:30.746Z,80,66.12999725341797,85
2026-05-23T08:33:30.814Z,80,66.12999725341797,85
2026-05-23T08:33:30.882Z,80,66.12999725341797,85
2026-05-23T08:33:30.950Z,80,66.12999725341797,85
2026-05-23T08:33:31.023Z,80,66.33000183105469,85
2026-05-23T08:33:31.086Z,80,66.33000183105469,85
2026-05-23T08:33:31.154Z,80,66.33000183105469,85
2026-05-23T08:33:31.222Z,80,66.33000183105469,85
2026-05-23T08:33:31.290Z,80,66.33000183105469,85
2026-05-23T08:33:31.358Z,80,66.33000183105469,85
2026-05-23T08:33:31.425Z,80,66.33000183105469,85
2026-05-23T08:33:31.493Z,80,66.33000183105469,85
2026-05-23T08:33:31.561Z,80,66.54000091552734,85
2026-05-23T08:33:31.629Z,80,66.54000091552734,85
2026-05-23T08:33:31.697Z,80,66.54000091552734,85
2026-05-23T08:33:31.765Z,80,66.54000091552734,85
2026-05-23T08:33:31.833Z,80,66.54000091552734,85
2026-05-23T08:33:31.902Z,80,66.54000091552734,85
2026-05-23T08:33:31.969Z,80,66.54000091552734,85
2026-05-23T08:33:32.037Z,80,66.75,85
2026-05-23T08:33:32.105Z,80,66.75,85
2026-05-23T08:33:32.173Z,80,66.75,85
2026-05-23T08:33:32.241Z,80,66.75,85
2026-05-23T08:33:32.309Z,80,66.75,85
2026-05-23T08:33:32.377Z,80,66.75,85
2026-05-23T08:33:32.445Z,80,66.94999694824219,85
2026-05-23T08:33:32.513Z,80,66.94999694824219,85
2026-05-23T08:33:32.581Z,80,66.94999694824219,85
2026-05-23T08:33:32.649Z,80,66.94999694824219,85
2026-05-23T08:33:32.717Z,80,66.94999694824219,85
2026-05-23T08:33:32.785Z,80,66.94999694824219,85
2026-05-23T08:33:32.853Z,80,67.16000366210938,85
2026-05-23T08:33:32.921Z,80,67.16000366210938,85
2026-05-23T08:33:32.988Z,80,67.16000366210938,85
2026-05-23T08:33:33.056Z,80,67.16000366210938,85
2026-05-23T08:33:33.124Z,80,67.16000366210938,85
2026-05-23T08:33:33.192Z,80,67.16000366210938,85
2026-05-23T08:33:33.260Z,80,67.16000366210938,85
2026-05-23T08:33:33.328Z,80,67.37999725341797,85
2026-05-23T08:33:33.396Z,80,67.37999725341797,85
2026-05-23T08:33:33.464Z,80,67.37999725341797,85
2026-05-23T08:33:33.532Z,80,67.37999725341797,85
2026-05-23T08:33:33.600Z,80,67.37999725341797,85
2026-05-23T08:33:33.668Z,80,67.37999725341797,85
2026-05-23T08:33:33.736Z,80,67.37999725341797,85
2026-05-23T08:33:33.804Z,80,67.37999725341797,85
2026-05-23T08:33:33.872Z,80,67.58999633789062,85
2026-05-23T08:33:33.940Z,80,67.58999633789062,85
2026-05-23T08:33:34.008Z,80,67.58999633789062,85
2026-05-23T08:33:34.076Z,80,67.58999633789062,85
2026-05-23T08:33:34.144Z,80,67.58999633789062,85
2026-05-23T08:33:34.212Z,80,67.58999633789062,85
2026-05-23T08:33:34.280Z,80,67.58999633789062,85
2026-05-23T08:33:34.348Z,80,67.80000305175781,85
2026-05-23T08:33:34.416Z,80,67.80000305175781,85
2026-05-23T08:33:34.486Z,80,67.80000305175781,85
2026-05-23T08:33:34.552Z,80,67.80000305175781,85
2026-05-23T08:33:34.620Z,80,67.80000305175781,85
2026-05-23T08:33:34.687Z,80,67.80000305175781,85
2026-05-23T08:33:34.755Z,80,68.0199966430664,85
2026-05-23T08:33:34.823Z,80,68.0199966430664,85
2026-05-23T08:33:34.891Z,80,68.0199966430664,85
2026-05-23T08:33:34.959Z,80,68.0199966430664,85
2026-05-23T08:33:35.027Z,80,68.0199966430664,85
2026-05-23T08:33:35.095Z,80,68.0199966430664,85
2026-05-23T08:33:35.163Z,80,68.2300033569336,85
2026-05-23T08:33:35.231Z,80,68.2300033569336,85
2026-05-23T08:33:35.299Z,80,68.2300033569336,85
2026-05-23T08:33:35.367Z,80,68.2300033569336,85
2026-05-23T08:33:35.435Z,80,68.2300033569336,85
2026-05-23T08:33:35.503Z,80,68.2300033569336,85
2026-05-23T08:33:35.571Z,80,68.2300033569336,85
2026-05-23T08:33:35.639Z,80,68.2300033569336,85
2026-05-23T08:33:35.707Z,80,68.2300033569336,85
2026-05-23T08:33:35.775Z,80,68.44999694824219,85
2026-05-23T08:33:35.843Z,80,68.44999694824219,85
2026-05-23T08:33:35.911Z,80,68.44999694824219,85
2026-05-23T08:33:35.979Z,80,68.44999694824219,85
2026-05-23T08:33:36.046Z,80,68.44999694824219,85
2026-05-23T08:33:36.114Z,80,68.44999694824219,85
2026-05-23T08:33:36.183Z,80,68.44999694824219,85
2026-05-23T08:33:36.254Z,80,68.66999816894531,85
2026-05-23T08:33:36.318Z,80,68.66999816894531,85
2026-05-23T08:33:36.386Z,80,68.66999816894531,85
2026-05-23T08:33:36.454Z,80,68.66999816894531,85
2026-05-23T08:33:36.523Z,80,68.66999816894531,85
2026-05-23T08:33:36.590Z,80,68.66999816894531,85
2026-05-23T08:33:36.658Z,80,68.66999816894531,85
2026-05-23T08:33:36.726Z,80,68.88999938964844,85
2026-05-23T08:33:36.794Z,80,68.88999938964844,85
2026-05-23T08:33:36.862Z,80,68.88999938964844,85
2026-05-23T08:33:36.930Z,80,68.88999938964844,85
2026-05-23T08:33:36.998Z,80,68.88999938964844,85
2026-05-23T08:33:37.066Z,80,68.88999938964844,85
2026-05-23T08:33:37.134Z,80,68.88999938964844,85
2026-05-23T08:33:37.202Z,80,69.12000274658203,85
2026-05-23T08:33:37.270Z,80,69.12000274658203,85
2026-05-23T08:33:37.338Z,80,69.12000274658203,85
2026-05-23T08:33:37.406Z,80,69.12000274658203,85
2026-05-23T08:33:37.474Z,80,69.12000274658203,85
2026-05-23T08:33:37.541Z,80,69.12000274658203,85
2026-05-23T08:33:37.610Z,80,69.12000274658203,85
2026-05-23T08:33:37.678Z,80,69.12000274658203,85
2026-05-23T08:33:37.745Z,80,69.12000274658203,85
2026-05-23T08:33:37.813Z,80,69.33999633789062,85
2026-05-23T08:33:37.881Z,80,69.33999633789062,85
2026-05-23T08:33:37.949Z,80,69.33999633789062,85
2026-05-23T08:33:38.017Z,80,69.33999633789062,85
2026-05-23T08:33:38.085Z,80,69.33999633789062,85
2026-05-23T08:33:38.153Z,80,69.33999633789062,85
2026-05-23T08:33:38.221Z,80,69.33999633789062,85
2026-05-23T08:33:38.289Z,80,69.33999633789062,85
2026-05-23T08:33:38.357Z,80,69.56999969482422,85
2026-05-23T08:33:38.425Z,80,69.56999969482422,85
2026-05-23T08:33:38.493Z,80,69.56999969482422,85
2026-05-23T08:33:38.561Z,80,69.56999969482422,85
2026-05-23T08:33:38.629Z,80,69.56999969482422,85
2026-05-23T08:33:38.697Z,80,69.56999969482422,85
2026-05-23T08:33:38.765Z,80,69.79000091552734,85
2026-05-23T08:33:38.833Z,80,69.79000091552734,85
2026-05-23T08:33:38.901Z,80,69.79000091552734,85
2026-05-23T08:33:38.969Z,80,69.79000091552734,85
2026-05-23T08:33:39.037Z,80,69.79000091552734,85
2026-05-23T08:33:39.105Z,80,69.79000091552734,85
2026-05-23T08:33:39.172Z,80,69.79000091552734,85
2026-05-23T08:33:39.240Z,80,69.79000091552734,85
2026-05-23T08:33:39.308Z,80,70.0199966430664,85
2026-05-23T08:33:39.376Z,80,70.0199966430664,85
2026-05-23T08:33:39.444Z,80,70.0199966430664,85
2026-05-23T08:33:39.512Z,80,70.0199966430664,85
2026-05-23T08:33:39.580Z,80,70.0199966430664,85
2026-05-23T08:33:39.648Z,80,70.0199966430664,85
2026-05-23T08:33:39.716Z,80,70.0199966430664,85
2026-05-23T08:33:39.784Z,80,70.0199966430664,85
2026-05-23T08:33:39.852Z,80,70.0199966430664,85
2026-05-23T08:33:39.920Z,80,70.25,85
2026-05-23T08:33:39.988Z,80,70.25,85
2026-05-23T08:33:40.056Z,80,70.25,85
2026-05-23T08:33:40.125Z,80,70.25,85
2026-05-23T08:33:40.192Z,80,70.25,85
2026-05-23T08:33:40.260Z,80,70.25,85
2026-05-23T08:33:40.328Z,80,70.25,85
2026-05-23T08:33:40.396Z,80,70.25,85
2026-05-23T08:33:40.464Z,80,70.4800033569336,85
2026-05-23T08:33:40.532Z,80,70.4800033569336,85
2026-05-23T08:33:40.599Z,80,70.4800033569336,85
2026-05-23T08:33:40.667Z,80,70.4800033569336,85
2026-05-23T08:33:40.736Z,80,70.4800033569336,85
2026-05-23T08:33:40.803Z,80,70.4800033569336,85
2026-05-23T08:33:40.872Z,80,70.72000122070312,85
2026-05-23T08:33:40.939Z,80,70.72000122070312,85
2026-05-23T08:33:41.007Z,80,70.72000122070312,85
2026-05-23T08:33:41.075Z,80,70.72000122070312,85
2026-05-23T08:33:41.143Z,80,70.72000122070312,85
2026-05-23T08:33:41.211Z,80,70.72000122070312,85
2026-05-23T08:33:41.279Z,80,70.72000122070312,85
2026-05-23T08:33:41.347Z,80,70.72000122070312,85
2026-05-23T08:33:41.415Z,80,70.72000122070312,85
2026-05-23T08:33:41.483Z,80,70.94999694824219,85
2026-05-23T08:33:41.551Z,80,70.94999694824219,85
2026-05-23T08:33:41.619Z,80,70.94999694824219,85
2026-05-23T08:33:41.687Z,80,70.94999694824219,85
2026-05-23T08:33:41.755Z,80,70.94999694824219,85
2026-05-23T08:33:41.823Z,80,70.94999694824219,85
2026-05-23T08:33:41.891Z,80,70.94999694824219,85
2026-05-23T08:33:41.959Z,80,70.94999694824219,85
2026-05-23T08:33:42.027Z,80,70.94999694824219,85
2026-05-23T08:33:42.095Z,80,70.94999694824219,85
2026-05-23T08:33:42.162Z,80,71.19000244140625,85
2026-05-23T08:33:42.231Z,80,71.19000244140625,85
2026-05-23T08:33:42.299Z,80,71.19000244140625,85
2026-05-23T08:33:42.366Z,80,71.19000244140625,85
2026-05-23T08:33:42.434Z,80,71.19000244140625,85
2026-05-23T08:33:42.505Z,80,71.19000244140625,85
2026-05-23T08:33:42.582Z,80,71.19000244140625,85
2026-05-23T08:33:42.638Z,80,71.41999816894531,85
2026-05-23T08:33:42.706Z,80,71.41999816894531,85
2026-05-23T08:33:42.775Z,80,71.41999816894531,85
2026-05-23T08:33:42.842Z,80,71.41999816894531,85
2026-05-23T08:33:42.910Z,80,71.41999816894531,85
2026-05-23T08:33:42.978Z,80,71.41999816894531,85
2026-05-23T08:33:43.046Z,80,71.41999816894531,85
2026-05-23T08:33:43.114Z,80,71.66000366210938,85
2026-05-23T08:33:43.182Z,80,71.66000366210938,85
2026-05-23T08:33:43.250Z,80,71.66000366210938,85
2026-05-23T08:33:43.318Z,80,71.66000366210938,85
2026-05-23T08:33:43.386Z,80,71.66000366210938,85
2026-05-23T08:33:43.454Z,80,71.66000366210938,85
2026-05-23T08:33:43.522Z,80,71.66000366210938,85
2026-05-23T08:33:43.590Z,80,71.66000366210938,85
2026-05-23T08:33:43.658Z,80,71.66000366210938,85
2026-05-23T08:33:43.726Z,80,71.66000366210938,85
2026-05-23T08:33:43.794Z,80,71.9000015258789,85
2026-05-23T08:33:43.861Z,80,71.9000015258789,85
2026-05-23T08:33:43.929Z,80,71.9000015258789,85
2026-05-23T08:33:43.997Z,80,71.9000015258789,85
2026-05-23T08:33:44.065Z,80,71.9000015258789,85
2026-05-23T08:33:44.133Z,80,71.9000015258789,85
2026-05-23T08:33:44.201Z,80,71.9000015258789,85
2026-05-23T08:33:44.270Z,80,71.9000015258789,85
2026-05-23T08:33:44.339Z,80,71.9000015258789,85
2026-05-23T08:33:44.406Z,80,72.1500015258789,85
2026-05-23T08:33:44.473Z,80,72.1500015258789,85
2026-05-23T08:33:44.541Z,80,72.1500015258789,85
2026-05-23T08:33:44.609Z,80,72.1500015258789,85
2026-05-23T08:33:44.677Z,80,72.1500015258789,85
2026-05-23T08:33:44.745Z,80,72.1500015258789,85
2026-05-23T08:33:44.813Z,80,72.1500015258789,85
2026-05-23T08:33:44.881Z,80,72.38999938964844,85
2026-05-23T08:33:44.949Z,80,72.38999938964844,85
2026-05-23T08:33:45.017Z,80,72.38999938964844,85
2026-05-23T08:33:45.085Z,80,72.38999938964844,85
2026-05-23T08:33:45.153Z,80,72.38999938964844,85
2026-05-23T08:33:45.225Z,80,72.38999938964844,85
2026-05-23T08:33:45.289Z,80,72.38999938964844,85
2026-05-23T08:33:45.356Z,80,72.38999938964844,85
2026-05-23T08:33:45.424Z,80,72.63999938964844,85
2026-05-23T08:33:45.492Z,80,72.63999938964844,85
2026-05-23T08:33:45.560Z,80,72.63999938964844,85
2026-05-23T08:33:45.628Z,80,72.63999938964844,85
2026-05-23T08:33:45.696Z,80,72.63999938964844,85
2026-05-23T08:33:45.764Z,80,72.63999938964844,85
2026-05-23T08:33:45.832Z,80,72.63999938964844,85
2026-05-23T08:33:45.900Z,80,72.63999938964844,85
2026-05-23T08:33:45.968Z,80,72.63999938964844,85
2026-05-23T08:33:46.036Z,80,72.63999938964844,85
2026-05-23T08:33:46.104Z,80,72.63999938964844,85
2026-05-23T08:33:46.172Z,80,72.88999938964844,85
2026-05-23T08:33:46.240Z,80,72.88999938964844,85
2026-05-23T08:33:46.308Z,80,72.88999938964844,85
2026-05-23T08:33:46.481Z,80,72.88999938964844,85
2026-05-23T08:33:46.481Z,80,72.88999938964844,85
2026-05-23T08:33:46.512Z,80,72.88999938964844,85
2026-05-23T08:33:46.580Z,80,72.88999938964844,85
2026-05-23T08:33:46.648Z,80,72.88999938964844,85
2026-05-23T08:33:46.715Z,80,73.13999938964844,85
2026-05-23T08:33:46.784Z,80,73.13999938964844,85
2026-05-23T08:33:46.851Z,80,73.13999938964844,85
2026-05-23T08:33:46.919Z,80,73.13999938964844,85
2026-05-23T08:33:46.987Z,80,73.13999938964844,85
2026-05-23T08:33:47.056Z,80,73.13999938964844,85
2026-05-23T08:33:47.123Z,80,73.13999938964844,85
2026-05-23T08:33:47.191Z,80,73.13999938964844,85
2026-05-23T08:33:47.259Z,80,73.38999938964844,85
2026-05-23T08:33:47.327Z,80,73.38999938964844,85
2026-05-23T08:33:47.395Z,80,73.38999938964844,85
2026-05-23T08:33:47.463Z,80,73.38999938964844,85
2026-05-23T08:33:47.531Z,80,73.38999938964844,85
2026-05-23T08:33:47.599Z,80,73.38999938964844,85
2026-05-23T08:33:47.667Z,80,73.38999938964844,85
2026-05-23T08:33:47.735Z,80,73.38999938964844,85
2026-05-23T08:33:47.803Z,80,73.38999938964844,85
2026-05-23T08:33:47.872Z,80,73.38999938964844,85
2026-05-23T08:33:47.939Z,80,73.38999938964844,85
2026-05-23T08:33:48.007Z,80,73.63999938964844,85
2026-05-23T08:33:48.075Z,80,73.63999938964844,85
2026-05-23T08:33:48.143Z,80,73.63999938964844,85
2026-05-23T08:33:48.210Z,80,73.63999938964844,85
2026-05-23T08:33:48.279Z,80,73.63999938964844,85
2026-05-23T08:33:48.346Z,80,73.63999938964844,85
2026-05-23T08:33:48.414Z,80,73.63999938964844,85
2026-05-23T08:33:48.482Z,80,73.63999938964844,85
2026-05-23T08:33:48.550Z,80,73.63999938964844,85
2026-05-23T08:33:48.618Z,80,73.9000015258789,85
2026-05-23T08:33:48.686Z,80,73.9000015258789,85
2026-05-23T08:33:48.754Z,80,73.9000015258789,85
2026-05-23T08:33:48.822Z,80,73.9000015258789,85
2026-05-23T08:33:48.890Z,80,73.9000015258789,85
2026-05-23T08:33:48.958Z,80,73.9000015258789,85
2026-05-23T08:33:49.026Z,80,73.9000015258789,85
2026-05-23T08:33:49.094Z,80,74.16000366210938,85
2026-05-23T08:33:49.162Z,80,74.16000366210938,85
2026-05-23T08:33:49.230Z,80,74.16000366210938,85
2026-05-23T08:33:49.298Z,80,74.16000366210938,85
2026-05-23T08:33:49.366Z,80,74.16000366210938,85
2026-05-23T08:33:49.434Z,80,74.16000366210938,85
2026-05-23T08:33:49.502Z,80,74.16000366210938,85
2026-05-23T08:33:49.570Z,80,74.16000366210938,85
2026-05-23T08:33:49.638Z,80,74.16000366210938,85
2026-05-23T08:33:49.706Z,80,74.16000366210938,85
2026-05-23T08:33:49.774Z,80,74.16000366210938,85
2026-05-23T08:33:49.842Z,80,74.41999816894531,85
2026-05-23T08:33:49.909Z,80,74.41999816894531,85
2026-05-23T08:33:49.977Z,80,74.41999816894531,85
2026-05-23T08:33:50.045Z,80,74.41999816894531,85
2026-05-23T08:33:50.113Z,80,74.41999816894531,85
2026-05-23T08:33:50.181Z,80,74.41999816894531,85
2026-05-23T08:33:50.249Z,80,74.41999816894531,85
2026-05-23T08:33:50.317Z,80,74.41999816894531,85
2026-05-23T08:33:50.385Z,80,74.41999816894531,85
2026-05-23T08:33:50.453Z,80,74.41999816894531,85
2026-05-23T08:33:50.522Z,80,74.68000030517578,85
2026-05-23T08:33:50.589Z,80,74.68000030517578,85
2026-05-23T08:33:50.657Z,80,74.68000030517578,85
2026-05-23T08:33:50.725Z,80,74.68000030517578,85
2026-05-23T08:33:50.793Z,80,74.68000030517578,85
2026-05-23T08:33:50.861Z,80,74.68000030517578,85
2026-05-23T08:33:50.929Z,80,74.68000030517578,85
2026-05-23T08:33:50.997Z,80,74.68000030517578,85
2026-05-23T08:33:51.065Z,80,74.94000244140625,85
2026-05-23T08:33:51.133Z,80,74.94000244140625,85
2026-05-23T08:33:51.201Z,80,74.94000244140625,85
2026-05-23T08:33:51.269Z,80,74.94000244140625,85
2026-05-23T08:33:51.337Z,80,74.94000244140625,85
2026-05-23T08:33:51.405Z,80,74.94000244140625,85
2026-05-23T08:33:51.473Z,80,74.94000244140625,85
2026-05-23T08:33:51.540Z,80,74.94000244140625,85
2026-05-23T08:33:51.608Z,80,74.94000244140625,85
2026-05-23T08:33:51.676Z,80,74.94000244140625,85
2026-05-23T08:33:51.744Z,80,74.94000244140625,85
2026-05-23T08:33:51.812Z,80,75.20999908447266,85
2026-05-23T08:33:51.880Z,80,75.20999908447266,85
2026-05-23T08:33:51.948Z,80,75.20999908447266,85
2026-05-23T08:33:52.016Z,80,75.20999908447266,85
2026-05-23T08:33:52.084Z,80,75.20999908447266,85
2026-05-23T08:33:52.152Z,80,75.20999908447266,85
2026-05-23T08:33:52.220Z,80,75.20999908447266,85
2026-05-23T08:33:52.288Z,80,75.20999908447266,85
2026-05-23T08:33:52.356Z,80,75.20999908447266,85
2026-05-23T08:33:52.424Z,80,75.20999908447266,85
2026-05-23T08:33:52.492Z,80,75.20999908447266,85
2026-05-23T08:33:52.560Z,80,75.4800033569336,85
2026-05-23T08:33:52.628Z,80,75.4800033569336,85
2026-05-23T08:33:52.696Z,80,75.4800033569336,85
2026-05-23T08:33:52.764Z,80,75.4800033569336,85
2026-05-23T08:33:52.831Z,80,75.4800033569336,85
2026-05-23T08:33:52.899Z,80,75.4800033569336,85
2026-05-23T08:33:52.967Z,80,75.4800033569336,85
2026-05-23T08:33:53.035Z,80,75.4800033569336,85
2026-05-23T08:33:53.103Z,80,75.75,85
2026-05-23T08:33:53.172Z,80,75.75,85
2026-05-23T08:33:53.239Z,80,75.75,85
2026-05-23T08:33:53.307Z,80,75.75,85
2026-05-23T08:33:53.375Z,80,75.75,85
2026-05-23T08:33:53.443Z,80,75.75,85
2026-05-23T08:33:53.511Z,80,75.75,85
2026-05-23T08:33:53.579Z,80,75.75,85
2026-05-23T08:33:53.647Z,80,75.75,85
2026-05-23T08:33:53.715Z,80,75.75,85
2026-05-23T08:33:53.783Z,80,75.75,85
2026-05-23T08:33:53.851Z,80,76.0199966430664,85
2026-05-23T08:33:53.919Z,80,76.0199966430664,85
2026-05-23T08:33:53.987Z,80,76.0199966430664,85
2026-05-23T08:33:54.055Z,80,76.0199966430664,85
2026-05-23T08:33:54.123Z,80,76.0199966430664,85
2026-05-23T08:33:54.191Z,80,76.0199966430664,85
2026-05-23T08:33:54.265Z,80,76.0199966430664,85
2026-05-23T08:33:54.327Z,80,76.0199966430664,85
2026-05-23T08:33:54.394Z,80,76.0199966430664,85
2026-05-23T08:33:54.462Z,80,76.0199966430664,85
2026-05-23T08:33:54.530Z,80,76.0199966430664,85
2026-05-23T08:33:54.598Z,80,76.0199966430664,85
2026-05-23T08:33:54.666Z,80,76.30000305175781,85
2026-05-23T08:33:54.734Z,80,76.30000305175781,85
2026-05-23T08:33:54.802Z,80,76.30000305175781,85
2026-05-23T08:33:54.870Z,80,76.30000305175781,85
2026-05-23T08:33:54.938Z,80,76.30000305175781,85
2026-05-23T08:33:55.007Z,80,76.30000305175781,85
2026-05-23T08:33:55.074Z,80,76.30000305175781,85
2026-05-23T08:33:55.142Z,80,76.30000305175781,85
2026-05-23T08:33:55.210Z,80,76.56999969482422,85
2026-05-23T08:33:55.278Z,80,76.56999969482422,85
2026-05-23T08:33:55.346Z,80,76.56999969482422,85
2026-05-23T08:33:55.414Z,80,76.56999969482422,85
2026-05-23T08:33:55.482Z,80,76.56999969482422,85
2026-05-23T08:33:55.550Z,80,76.56999969482422,85
2026-05-23T08:33:55.618Z,80,76.56999969482422,85
2026-05-23T08:33:55.686Z,80,76.56999969482422,85
2026-05-23T08:33:55.754Z,80,76.56999969482422,85
2026-05-23T08:33:55.822Z,80,76.56999969482422,85
2026-05-23T08:33:55.890Z,80,76.56999969482422,85
2026-05-23T08:33:55.958Z,80,76.56999969482422,85
2026-05-23T08:33:56.025Z,80,76.8499984741211,85
2026-05-23T08:33:56.094Z,80,76.8499984741211,85
2026-05-23T08:33:56.162Z,80,76.8499984741211,85
2026-05-23T08:33:56.229Z,80,76.8499984741211,85
2026-05-23T08:33:56.297Z,80,76.8499984741211,85
2026-05-23T08:33:56.365Z,80,76.8499984741211,85
2026-05-23T08:33:56.433Z,80,76.8499984741211,85
2026-05-23T08:33:56.501Z,80,76.8499984741211,85
2026-05-23T08:33:56.569Z,80,76.8499984741211,85
2026-05-23T08:33:56.637Z,80,76.8499984741211,85
2026-05-23T08:33:56.705Z,80,76.8499984741211,85
2026-05-23T08:33:56.773Z,80,77.13999938964844,85
2026-05-23T08:33:56.841Z,80,77.13999938964844,85
2026-05-23T08:33:56.909Z,80,77.13999938964844,85
2026-05-23T08:33:56.977Z,80,77.13999938964844,85
2026-05-23T08:33:57.045Z,80,77.13999938964844,85
2026-05-23T08:33:57.113Z,80,77.13999938964844,85
2026-05-23T08:33:57.181Z,80,77.13999938964844,85
2026-05-23T08:33:57.249Z,80,77.13999938964844,85
2026-05-23T08:33:57.317Z,80,77.13999938964844,85
2026-05-23T08:33:57.385Z,80,77.41999816894531,85
2026-05-23T08:33:57.453Z,79.44999694824219,77.41999816894531,85
2026-05-23T08:33:57.520Z,80,77.41999816894531,85
2026-05-23T08:33:57.588Z,80,77.41999816894531,85
2026-05-23T08:33:57.657Z,80,77.41999816894531,85
2026-05-23T08:33:57.725Z,80,77.41999816894531,85
2026-05-23T08:33:57.793Z,80,77.41999816894531,85
2026-05-23T08:33:57.860Z,80,77.41999816894531,85
2026-05-23T08:33:57.928Z,80,77.41999816894531,85
2026-05-23T08:33:57.996Z,80,77.41999816894531,85
2026-05-23T08:33:58.064Z,80,77.41999816894531,85
2026-05-23T08:33:58.132Z,80,77.41999816894531,85
2026-05-23T08:33:58.200Z,80,77.41999816894531,85
2026-05-23T08:33:58.268Z,80,77.70999908447266,85
2026-05-23T08:33:58.336Z,77.91999816894531,77.70999908447266,85
2026-05-23T08:33:58.404Z,79.0199966430664,77.70999908447266,85
2026-05-23T08:33:58.472Z,79.0199966430664,77.70999908447266,85
2026-05-23T08:33:58.540Z,79.0199966430664,77.70999908447266,85
2026-05-23T08:33:58.608Z,79.0199966430664,77.70999908447266,85
2026-05-23T08:33:58.676Z,79.0199966430664,77.70999908447266,85
2026-05-23T08:33:58.744Z,79.0199966430664,77.70999908447266,85
2026-05-23T08:33:58.812Z,79.0199966430664,77.70999908447266,85
2026-05-23T08:33:58.880Z,79.0199966430664,77.70999908447266,85
2026-05-23T08:33:58.948Z,79.0199966430664,78,85
2026-05-23T08:33:59.015Z,76.37000274658203,78,85
2026-05-23T08:33:59.083Z,77.47000122070312,78,85
2026-05-23T08:33:59.151Z,77.47000122070312,78,85
2026-05-23T08:33:59.219Z,77.47000122070312,78,85
2026-05-23T08:33:59.287Z,77.47000122070312,78,85
2026-05-23T08:33:59.355Z,77.47000122070312,78,85
2026-05-23T08:33:59.424Z,77.47000122070312,78,85
2026-05-23T08:33:59.491Z,77.47000122070312,78,85
2026-05-23T08:33:59.559Z,77.47000122070312,78,85
2026-05-23T08:33:59.627Z,77.47000122070312,78.29000091552734,85
2026-05-23T08:33:59.695Z,74.79000091552734,78.29000091552734,85
2026-05-23T08:33:59.763Z,75.91000366210938,78.29000091552734,85
2026-05-23T08:33:59.831Z,75.91000366210938,78.29000091552734,85
2026-05-23T08:33:59.899Z,75.91000366210938,78.29000091552734,85
2026-05-23T08:33:59.967Z,75.91000366210938,78.29000091552734,85
2026-05-23T08:34:00.035Z,75.91000366210938,78.29000091552734,85
2026-05-23T08:34:00.103Z,75.91000366210938,78.29000091552734,85
2026-05-23T08:34:00.171Z,75.91000366210938,78.29000091552734,85
2026-05-23T08:34:00.239Z,75.91000366210938,78.29000091552734,85
2026-05-23T08:34:00.307Z,75.91000366210938,78.29000091552734,85
2026-05-23T08:34:00.375Z,75.91000366210938,78.29000091552734,85
2026-05-23T08:34:00.443Z,75.91000366210938,78.29000091552734,85
2026-05-23T08:34:00.511Z,75.91000366210938,78.29000091552734,85
2026-05-23T08:34:00.579Z,75.91000366210938,78.58000183105469,85
2026-05-23T08:34:00.647Z,73.20999908447266,78.58000183105469,85
2026-05-23T08:34:00.714Z,74.33999633789062,78.58000183105469,85
2026-05-23T08:34:00.782Z,74.33999633789062,78.58000183105469,85
2026-05-23T08:34:00.850Z,74.33999633789062,78.58000183105469,85
2026-05-23T08:34:00.918Z,74.33999633789062,78.58000183105469,85
2026-05-23T08:34:00.986Z,74.33999633789062,78.58000183105469,85
2026-05-23T08:34:01.054Z,74.33999633789062,78.58000183105469,85
2026-05-23T08:34:01.122Z,74.33999633789062,78.58000183105469,85
2026-05-23T08:34:01.190Z,74.33999633789062,78.58000183105469,85
2026-05-23T08:34:01.258Z,74.33999633789062,78.87999725341797,85
2026-05-23T08:34:01.327Z,71.61000061035156,78.87999725341797,85
2026-05-23T08:34:01.394Z,72.75,78.87999725341797,85
2026-05-23T08:34:01.462Z,72.75,78.87999725341797,85
2026-05-23T08:34:01.530Z,72.75,78.87999725341797,85
2026-05-23T08:34:01.598Z,72.75,78.87999725341797,85
2026-05-23T08:34:01.666Z,72.75,78.87999725341797,85
2026-05-23T08:34:01.734Z,72.75,78.87999725341797,85
2026-05-23T08:34:01.802Z,72.75,78.87999725341797,85
2026-05-23T08:34:01.870Z,72.75,78.87999725341797,85
2026-05-23T08:34:01.938Z,72.75,78.87999725341797,85
2026-05-23T08:34:02.006Z,72.75,78.87999725341797,85
2026-05-23T08:34:02.074Z,72.75,78.87999725341797,85
2026-05-23T08:34:02.142Z,72.75,78.87999725341797,85
2026-05-23T08:34:02.210Z,72.75,79.18000030517578,85
2026-05-23T08:34:02.277Z,70,79.18000030517578,85
2026-05-23T08:34:02.345Z,71.13999938964844,79.18000030517578,85
2026-05-23T08:34:02.413Z,71.13999938964844,79.18000030517578,85
2026-05-23T08:34:02.481Z,71.13999938964844,79.18000030517578,85
2026-05-23T08:34:02.549Z,71.13999938964844,79.18000030517578,85
2026-05-23T08:34:02.617Z,71.13999938964844,79.18000030517578,85
2026-05-23T08:34:02.685Z,71.13999938964844,79.18000030517578,85
2026-05-23T08:34:02.753Z,71.13999938964844,79.18000030517578,85
2026-05-23T08:34:02.821Z,71.13999938964844,79.18000030517578,85
2026-05-23T08:34:02.889Z,71.13999938964844,79.18000030517578,85
2026-05-23T08:34:02.957Z,71.13999938964844,79.18000030517578,85
2026-05-23T08:34:03.025Z,71.13999938964844,79.4800033569336,85
2026-05-23T08:34:03.093Z,68.37000274658203,79.4800033569336,85
2026-05-23T08:34:03.161Z,69.5199966430664,79.4800033569336,85
2026-05-23T08:34:03.229Z,69.5199966430664,79.4800033569336,85
2026-05-23T08:34:03.297Z,69.5199966430664,79.4800033569336,85
2026-05-23T08:34:03.365Z,69.5199966430664,79.4800033569336,85
2026-05-23T08:34:03.433Z,69.5199966430664,79.4800033569336,85
2026-05-23T08:34:03.501Z,69.5199966430664,79.4800033569336,85
2026-05-23T08:34:03.569Z,69.5199966430664,79.4800033569336,85
2026-05-23T08:34:03.637Z,69.5199966430664,79.4800033569336,85
2026-05-23T08:34:03.704Z,69.5199966430664,79.4800033569336,85
2026-05-23T08:34:03.773Z,69.5199966430664,79.4800033569336,85
2026-05-23T08:34:03.840Z,69.5199966430664,79.79000091552734,85
2026-05-23T08:34:03.909Z,66.72000122070312,79.79000091552734,85
2026-05-23T08:34:03.976Z,67.88999938964844,79.79000091552734,85
2026-05-23T08:34:04.044Z,67.88999938964844,79.79000091552734,85
2026-05-23T08:34:04.113Z,67.88999938964844,79.79000091552734,85
2026-05-23T08:34:04.180Z,67.88999938964844,79.79000091552734,85
2026-05-23T08:34:04.248Z,67.88999938964844,79.79000091552734,85
2026-05-23T08:34:04.316Z,67.88999938964844,79.79000091552734,85
2026-05-23T08:34:04.384Z,67.88999938964844,79.79000091552734,85
2026-05-23T08:34:04.452Z,67.88999938964844,79.79000091552734,85
2026-05-23T08:34:04.520Z,67.88999938964844,79.79000091552734,85
2026-05-23T08:34:04.588Z,67.88999938964844,79.79000091552734,85
2026-05-23T08:34:04.656Z,67.88999938964844,79.79000091552734,85
2026-05-23T08:34:04.724Z,67.88999938964844,79.79000091552734,85
2026-05-23T08:34:04.792Z,67.88999938964844,79.79000091552734,85
2026-05-23T08:34:04.860Z,67.88999938964844,79.79000091552734,85
2026-05-23T08:34:04.928Z,67.88999938964844,80.08999633789062,85
2026-05-23T08:34:04.996Z,65.05000305175781,80.08999633789062,85
2026-05-23T08:34:05.064Z,66.23999786376953,80.08999633789062,85
2026-05-23T08:34:05.132Z,66.23999786376953,80.08999633789062,85
2026-05-23T08:34:05.199Z,66.23999786376953,80.08999633789062,85
2026-05-23T08:34:05.267Z,66.23999786376953,80.08999633789062,85
2026-05-23T08:34:05.335Z,66.23999786376953,80.08999633789062,85
2026-05-23T08:34:05.403Z,66.23999786376953,80.08999633789062,85
2026-05-23T08:34:05.471Z,66.23999786376953,80.08999633789062,85
2026-05-23T08:34:05.539Z,66.23999786376953,80.08999633789062,85
2026-05-23T08:34:05.607Z,66.23999786376953,80.08999633789062,85
2026-05-23T08:34:05.676Z,66.23999786376953,80.08999633789062,85
2026-05-23T08:34:05.743Z,66.23999786376953,80.08999633789062,85
2026-05-23T08:34:05.811Z,66.23999786376953,80.08999633789062,85
2026-05-23T08:34:05.879Z,66.23999786376953,80.41000366210938,85
2026-05-23T08:34:05.947Z,63.369998931884766,80.41000366210938,85
2026-05-23T08:34:06.015Z,64.58000183105469,80.41000366210938,85
2026-05-23T08:34:06.083Z,64.58000183105469,80.41000366210938,85
2026-05-23T08:34:06.151Z,64.58000183105469,80.41000366210938,85
2026-05-23T08:34:06.219Z,64.58000183105469,80.41000366210938,85
2026-05-23T08:34:06.287Z,64.58000183105469,80.41000366210938,85
2026-05-23T08:34:06.355Z,64.58000183105469,80.41000366210938,85
2026-05-23T08:34:06.423Z,64.58000183105469,80.41000366210938,85
2026-05-23T08:34:06.491Z,64.58000183105469,80.41000366210938,85
2026-05-23T08:34:06.559Z,64.58000183105469,80.41000366210938,85
2026-05-23T08:34:06.627Z,64.58000183105469,80.41000366210938,85
2026-05-23T08:34:06.695Z,64.58000183105469,80.41000366210938,85
2026-05-23T08:34:06.763Z,64.58000183105469,80.41000366210938,85
2026-05-23T08:34:06.831Z,64.58000183105469,80.41000366210938,85
2026-05-23T08:34:06.898Z,64.58000183105469,80.41000366210938,85
2026-05-23T08:34:06.966Z,64.58000183105469,80.41000366210938,85
2026-05-23T08:34:07.034Z,64.58000183105469,80.41000366210938,85
2026-05-23T08:34:07.102Z,64.58000183105469,80.41000366210938,85
2026-05-23T08:34:07.170Z,64.58000183105469,80.72000122070312,85
2026-05-23T08:34:07.238Z,61.68000030517578,80.72000122070312,85
2026-05-23T08:34:07.306Z,62.900001525878906,80.72000122070312,85
2026-05-23T08:34:07.374Z,62.900001525878906,80.72000122070312,85
2026-05-23T08:34:07.442Z,62.900001525878906,80.72000122070312,85
2026-05-23T08:34:07.510Z,62.900001525878906,80.72000122070312,85
2026-05-23T08:34:07.578Z,62.900001525878906,80.72000122070312,85
2026-05-23T08:34:07.646Z,62.900001525878906,80.72000122070312,85
2026-05-23T08:34:07.714Z,62.900001525878906,80.72000122070312,85
2026-05-23T08:34:07.782Z,62.900001525878906,80.72000122070312,85
2026-05-23T08:34:07.850Z,62.900001525878906,80.72000122070312,85
2026-05-23T08:34:07.918Z,62.900001525878906,80.72000122070312,85
2026-05-23T08:34:07.986Z,62.900001525878906,80.72000122070312,85
2026-05-23T08:34:08.054Z,62.900001525878906,80.72000122070312,85
2026-05-23T08:34:08.122Z,62.900001525878906,80.72000122070312,85
2026-05-23T08:34:08.190Z,62.900001525878906,80.72000122070312,85
2026-05-23T08:34:08.258Z,62.900001525878906,80.72000122070312,85
2026-05-23T08:34:08.326Z,62.900001525878906,80.72000122070312,85
2026-05-23T08:34:08.394Z,62.900001525878906,80.72000122070312,85
2026-05-23T08:34:08.461Z,62.900001525878906,80.72000122070312,85
2026-05-23T08:34:08.530Z,62.900001525878906,80.72000122070312,85
2026-05-23T08:34:08.597Z,62.900001525878906,80.72000122070312,85
2026-05-23T08:34:08.666Z,62.900001525878906,81.04000091552734,85
2026-05-23T08:34:08.733Z,59.97999954223633,81.04000091552734,85
2026-05-23T08:34:08.801Z,61.209999084472656,81.04000091552734,85
2026-05-23T08:34:08.869Z,61.209999084472656,81.04000091552734,85
2026-05-23T08:34:08.937Z,61.209999084472656,81.04000091552734,85
2026-05-23T08:34:09.005Z,61.209999084472656,81.04000091552734,85
2026-05-23T08:34:09.073Z,61.209999084472656,81.04000091552734,85
2026-05-23T08:34:09.141Z,61.209999084472656,81.04000091552734,85
2026-05-23T08:34:09.209Z,61.209999084472656,81.04000091552734,85
2026-05-23T08:34:09.278Z,61.209999084472656,81.04000091552734,85
2026-05-23T08:34:09.345Z,61.209999084472656,81.04000091552734,85
2026-05-23T08:34:09.413Z,61.209999084472656,81.04000091552734,85
2026-05-23T08:34:09.481Z,61.209999084472656,81.04000091552734,85
2026-05-23T08:34:09.549Z,61.209999084472656,81.04000091552734,85
2026-05-23T08:34:09.617Z,61.209999084472656,81.04000091552734,85
2026-05-23T08:34:09.685Z,61.209999084472656,81.04000091552734,85
2026-05-23T08:34:09.753Z,61.209999084472656,81.36000061035156,85
2026-05-23T08:34:09.821Z,58.27000045776367,81.36000061035156,85
2026-05-23T08:34:09.888Z,59.4900016784668,81.36000061035156,85
2026-05-23T08:34:09.956Z,59.4900016784668,81.36000061035156,85
2026-05-23T08:34:10.024Z,59.4900016784668,81.36000061035156,85
2026-05-23T08:34:10.092Z,59.4900016784668,81.36000061035156,85
2026-05-23T08:34:10.161Z,59.4900016784668,81.36000061035156,85
2026-05-23T08:34:10.229Z,59.4900016784668,81.36000061035156,85
2026-05-23T08:34:10.301Z,59.4900016784668,81.36000061035156,85
2026-05-23T08:34:10.365Z,59.4900016784668,81.36000061035156,85
2026-05-23T08:34:10.432Z,59.4900016784668,81.36000061035156,85
2026-05-23T08:34:10.500Z,59.4900016784668,81.36000061035156,85
2026-05-23T08:34:10.568Z,59.4900016784668,81.36000061035156,85
2026-05-23T08:34:10.636Z,59.4900016784668,81.36000061035156,85
2026-05-23T08:34:10.704Z,59.4900016784668,81.36000061035156,85
2026-05-23T08:34:10.772Z,59.4900016784668,81.36000061035156,85
2026-05-23T08:34:10.840Z,59.4900016784668,81.36000061035156,85
2026-05-23T08:34:10.908Z,59.4900016784668,81.36000061035156,85
2026-05-23T08:34:10.976Z,59.4900016784668,81.36000061035156,85
2026-05-23T08:34:11.044Z,59.4900016784668,81.36000061035156,85
2026-05-23T08:34:11.112Z,59.4900016784668,81.36000061035156,85
2026-05-23T08:34:11.180Z,59.4900016784668,81.36000061035156,85
2026-05-23T08:34:11.248Z,59.4900016784668,81.36000061035156,85
2026-05-23T08:34:11.316Z,59.4900016784668,81.36000061035156,85
2026-05-23T08:34:11.383Z,59.4900016784668,81.36000061035156,85
2026-05-23T08:34:11.452Z,59.4900016784668,81.36000061035156,85
2026-05-23T08:34:11.519Z,59.4900016784668,81.36000061035156,85
2026-05-23T08:34:11.587Z,59.4900016784668,81.68000030517578,85
2026-05-23T08:34:11.655Z,56.5099983215332,81.68000030517578,85
2026-05-23T08:34:11.723Z,57.77000045776367,81.68000030517578,85
2026-05-23T08:34:11.791Z,57.77000045776367,81.68000030517578,85
2026-05-23T08:34:11.859Z,57.77000045776367,81.68000030517578,85
2026-05-23T08:34:11.928Z,57.77000045776367,81.68000030517578,85
2026-05-23T08:34:11.995Z,57.77000045776367,81.68000030517578,85
2026-05-23T08:34:12.063Z,57.77000045776367,81.68000030517578,85
2026-05-23T08:34:12.131Z,57.77000045776367,81.68000030517578,85
2026-05-23T08:34:12.199Z,57.77000045776367,81.68000030517578,85
2026-05-23T08:34:12.267Z,57.77000045776367,81.68000030517578,85
2026-05-23T08:34:12.335Z,57.77000045776367,81.68000030517578,85
2026-05-23T08:34:12.403Z,57.77000045776367,81.68000030517578,85
2026-05-23T08:34:12.471Z,57.77000045776367,81.68000030517578,85
2026-05-23T08:34:12.539Z,57.77000045776367,81.68000030517578,85
2026-05-23T08:34:12.607Z,57.77000045776367,81.68000030517578,85
2026-05-23T08:34:12.675Z,57.77000045776367,81.68000030517578,85
2026-05-23T08:34:12.743Z,57.77000045776367,81.68000030517578,85
2026-05-23T08:34:12.811Z,57.77000045776367,81.68000030517578,85
2026-05-23T08:34:12.879Z,57.77000045776367,81.68000030517578,85
2026-05-23T08:34:12.947Z,57.77000045776367,81.68000030517578,85
2026-05-23T08:34:13.014Z,57.77000045776367,81.68000030517578,85
2026-05-23T08:34:13.082Z,57.77000045776367,81.68000030517578,85
2026-05-23T08:34:13.150Z,57.77000045776367,81.68000030517578,85
2026-05-23T08:34:13.218Z,57.77000045776367,81.68000030517578,85
2026-05-23T08:34:13.286Z,57.77000045776367,81.68000030517578,85
2026-05-23T08:34:13.354Z,57.77000045776367,81.68000030517578,85
2026-05-23T08:34:13.422Z,57.77000045776367,81.68000030517578,85
2026-05-23T08:34:13.490Z,57.77000045776367,81.68000030517578,85
2026-05-23T08:34:13.559Z,57.77000045776367,81.68000030517578,85
2026-05-23T08:34:13.626Z,57.77000045776367,81.68000030517578,85
2026-05-23T08:34:13.695Z,57.77000045776367,81.68000030517578,85
2026-05-23T08:34:13.762Z,57.77000045776367,81.68000030517578,85
2026-05-23T08:34:13.830Z,57.77000045776367,81.68000030517578,85
2026-05-23T08:34:13.898Z,57.77000045776367,82.01000213623047,85
2026-05-23T08:34:13.966Z,54.75,82.01000213623047,85
2026-05-23T08:34:14.034Z,56.02000045776367,82.01000213623047,85
2026-05-23T08:34:14.102Z,56.02000045776367,82.01000213623047,85
2026-05-23T08:34:14.170Z,56.02000045776367,82.01000213623047,85
2026-05-23T08:34:14.238Z,56.02000045776367,82.01000213623047,85
2026-05-23T08:34:14.306Z,56.02000045776367,82.01000213623047,85
2026-05-23T08:34:14.374Z,56.02000045776367,82.01000213623047,85
2026-05-23T08:34:14.442Z,56.02000045776367,82.01000213623047,85
2026-05-23T08:34:14.509Z,56.02000045776367,82.01000213623047,85
2026-05-23T08:34:14.578Z,56.02000045776367,82.01000213623047,85
2026-05-23T08:34:14.646Z,56.02000045776367,82.01000213623047,85
2026-05-23T08:34:14.714Z,56.02000045776367,82.01000213623047,85
2026-05-23T08:34:14.781Z,56.02000045776367,82.01000213623047,85
2026-05-23T08:34:14.849Z,56.02000045776367,82.01000213623047,85
2026-05-23T08:34:14.917Z,56.02000045776367,82.01000213623047,85
2026-05-23T08:34:14.985Z,56.02000045776367,82.01000213623047,85
2026-05-23T08:34:15.053Z,56.02000045776367,82.01000213623047,85
2026-05-23T08:34:15.121Z,56.02000045776367,82.01000213623047,85
2026-05-23T08:34:15.189Z,56.02000045776367,82.01000213623047,85
2026-05-23T08:34:15.257Z,56.02000045776367,82.01000213623047,85
2026-05-23T08:34:15.325Z,56.02000045776367,82.01000213623047,85
2026-05-23T08:34:15.393Z,56.02000045776367,82.01000213623047,85
2026-05-23T08:34:15.461Z,56.02000045776367,82.01000213623047,85
2026-05-23T08:34:15.529Z,56.02000045776367,82.01000213623047,85
2026-05-23T08:34:15.597Z,56.02000045776367,82.01000213623047,85
2026-05-23T08:34:15.665Z,56.02000045776367,82.01000213623047,85
2026-05-23T08:34:15.733Z,56.02000045776367,82.01000213623047,85
2026-05-23T08:34:15.801Z,56.02000045776367,82.01000213623047,85
2026-05-23T08:34:15.869Z,56.02000045776367,82.01000213623047,85
2026-05-23T08:34:15.937Z,56.02000045776367,82.01000213623047,85
2026-05-23T08:34:16.005Z,56.02000045776367,82.01000213623047,85
2026-05-23T08:34:16.072Z,56.02000045776367,82.01000213623047,85
2026-05-23T08:34:16.140Z,56.02000045776367,82.01000213623047,85
2026-05-23T08:34:16.208Z,56.02000045776367,82.01000213623047,85
2026-05-23T08:34:16.276Z,56.02000045776367,82.01000213623047,85
2026-05-23T08:34:16.345Z,56.02000045776367,82.01000213623047,85
2026-05-23T08:34:16.412Z,56.02000045776367,82.01000213623047,85
2026-05-23T08:34:16.481Z,56.02000045776367,82.01000213623047,85
2026-05-23T08:34:16.548Z,56.02000045776367,82.01000213623047,85
2026-05-23T08:34:16.616Z,56.02000045776367,82.01000213623047,85
2026-05-23T08:34:16.684Z,56.02000045776367,82.01000213623047,85
2026-05-23T08:34:16.752Z,56.02000045776367,82.01000213623047,85
2026-05-23T08:34:16.820Z,56.02000045776367,82.01000213623047,85
2026-05-23T08:34:16.888Z,56.02000045776367,82.01000213623047,85
2026-05-23T08:34:16.956Z,56.02000045776367,82.01000213623047,85
2026-05-23T08:34:17.024Z,56.02000045776367,82.01000213623047,85
2026-05-23T08:34:17.092Z,56.02000045776367,82.01000213623047,85
2026-05-23T08:34:17.160Z,56.02000045776367,82.01000213623047,85
2026-05-23T08:34:17.228Z,56.02000045776367,82.33999633789062,85
2026-05-23T08:34:17.296Z,53,82.33999633789062,85
2026-05-23T08:34:17.364Z,54.2599983215332,82.33999633789062,85
2026-05-23T08:34:17.432Z,54.2599983215332,82.33999633789062,85
2026-05-23T08:34:17.500Z,54.2599983215332,82.33999633789062,85
2026-05-23T08:34:17.568Z,54.2599983215332,82.33999633789062,85
2026-05-23T08:34:17.635Z,54.2599983215332,82.33999633789062,85
2026-05-23T08:34:17.703Z,54.2599983215332,82.33999633789062,85
2026-05-23T08:34:17.771Z,54.2599983215332,82.33999633789062,85
2026-05-23T08:34:17.839Z,54.2599983215332,82.33999633789062,85
2026-05-23T08:34:17.907Z,54.2599983215332,82.33999633789062,85
2026-05-23T08:34:17.975Z,54.2599983215332,82.33999633789062,85
2026-05-23T08:34:18.043Z,54.2599983215332,82.33999633789062,85
2026-05-23T08:34:18.124Z,54.2599983215332,82.33999633789062,85
2026-05-23T08:34:18.179Z,54.2599983215332,82.33999633789062,85
2026-05-23T08:34:18.247Z,54.2599983215332,82.33999633789062,85
2026-05-23T08:34:18.315Z,54.2599983215332,82.33999633789062,85
2026-05-23T08:34:18.383Z,54.2599983215332,82.33999633789062,85
2026-05-23T08:34:18.451Z,54.2599983215332,82.33999633789062,85
2026-05-23T08:34:18.519Z,54.2599983215332,82.33999633789062,85
2026-05-23T08:34:18.587Z,54.2599983215332,82.33999633789062,85
2026-05-23T08:34:18.655Z,54.2599983215332,82.33999633789062,85
2026-05-23T08:34:18.723Z,54.2599983215332,82.33999633789062,85
2026-05-23T08:34:18.791Z,54.2599983215332,82.33999633789062,85
2026-05-23T08:34:18.859Z,54.2599983215332,82.33999633789062,85
2026-05-23T08:34:18.927Z,54.2599983215332,82.33999633789062,85
2026-05-23T08:34:18.995Z,54.2599983215332,82.33999633789062,85
2026-05-23T08:34:19.063Z,54.2599983215332,82.33999633789062,85
2026-05-23T08:34:19.131Z,54.2599983215332,82.33999633789062,85
2026-05-23T08:34:19.198Z,54.2599983215332,82.33999633789062,85
2026-05-23T08:34:19.266Z,54.2599983215332,82.33999633789062,85
2026-05-23T08:34:19.334Z,54.2599983215332,82.33999633789062,85
2026-05-23T08:34:19.402Z,54.2599983215332,82.33999633789062,85
2026-05-23T08:34:19.470Z,54.2599983215332,82.33999633789062,85
2026-05-23T08:34:19.538Z,54.2599983215332,82.33999633789062,85
2026-05-23T08:34:19.606Z,54.2599983215332,82.33999633789062,85
2026-05-23T08:34:19.674Z,54.2599983215332,82.33999633789062,85
2026-05-23T08:34:19.742Z,54.2599983215332,82.33999633789062,85
2026-05-23T08:34:19.810Z,54.2599983215332,82.33999633789062,85
2026-05-23T08:34:19.878Z,54.2599983215332,82.33999633789062,85
2026-05-23T08:34:19.946Z,54.2599983215332,82.33999633789062,85
2026-05-23T08:34:20.014Z,54.2599983215332,82.33999633789062,85
2026-05-23T08:34:20.082Z,54.2599983215332,82.33999633789062,85
2026-05-23T08:34:20.150Z,54.2599983215332,82.33999633789062,85
2026-05-23T08:34:20.218Z,54.2599983215332,82.33999633789062,85
2026-05-23T08:34:20.286Z,54.2599983215332,82.33999633789062,85
2026-05-23T08:34:20.354Z,54.2599983215332,82.33999633789062,85
2026-05-23T08:34:20.422Z,54.2599983215332,82.33999633789062,85
2026-05-23T08:34:20.490Z,54.2599983215332,82.33999633789062,85
2026-05-23T08:34:20.558Z,54.2599983215332,82.33999633789062,85
2026-05-23T08:34:20.625Z,54.2599983215332,82.33999633789062,85
2026-05-23T08:34:20.693Z,54.2599983215332,82.33999633789062,85
2026-05-23T08:34:20.761Z,54.2599983215332,82.33999633789062,85
2026-05-23T08:34:20.830Z,54.2599983215332,82.33999633789062,85
2026-05-23T08:34:20.898Z,54.2599983215332,82.33999633789062,85
2026-05-23T08:34:20.965Z,54.2599983215332,82.33999633789062,85
2026-05-23T08:34:21.033Z,54.2599983215332,82.33999633789062,85
2026-05-23T08:34:21.101Z,54.2599983215332,82.33999633789062,85
2026-05-23T08:34:21.169Z,54.2599983215332,82.66999816894531,85
2026-05-23T08:34:21.237Z,51.20000076293945,82.66999816894531,85
2026-05-23T08:34:21.305Z,52.47999954223633,82.66999816894531,85
2026-05-23T08:34:21.373Z,52.47999954223633,82.66999816894531,85
2026-05-23T08:34:21.441Z,52.47999954223633,82.66999816894531,85
2026-05-23T08:34:21.509Z,52.47999954223633,82.66999816894531,85
2026-05-23T08:34:21.577Z,52.47999954223633,82.66999816894531,85
2026-05-23T08:34:21.645Z,52.47999954223633,82.66999816894531,85
2026-05-23T08:34:21.713Z,52.47999954223633,82.66999816894531,85
2026-05-23T08:34:21.781Z,52.47999954223633,82.66999816894531,85
2026-05-23T08:34:21.849Z,52.47999954223633,82.66999816894531,85
2026-05-23T08:34:21.917Z,52.47999954223633,82.66999816894531,85
2026-05-23T08:34:21.985Z,52.47999954223633,82.66999816894531,85
2026-05-23T08:34:22.053Z,52.47999954223633,82.66999816894531,85
2026-05-23T08:34:22.121Z,52.47999954223633,82.66999816894531,85
2026-05-23T08:34:22.189Z,52.47999954223633,82.66999816894531,85
2026-05-23T08:34:22.256Z,52.47999954223633,82.66999816894531,85
2026-05-23T08:34:22.324Z,52.47999954223633,82.66999816894531,85
2026-05-23T08:34:22.392Z,52.47999954223633,82.66999816894531,85
2026-05-23T08:34:22.460Z,52.47999954223633,82.66999816894531,85
2026-05-23T08:34:22.528Z,52.47999954223633,82.66999816894531,85
2026-05-23T08:34:22.597Z,52.47999954223633,82.66999816894531,85
2026-05-23T08:34:22.665Z,52.47999954223633,82.66999816894531,85
2026-05-23T08:34:22.732Z,52.47999954223633,82.66999816894531,85
2026-05-23T08:34:22.800Z,52.47999954223633,82.66999816894531,85
2026-05-23T08:34:22.868Z,52.47999954223633,82.66999816894531,85
2026-05-23T08:34:22.936Z,52.47999954223633,82.66999816894531,85
2026-05-23T08:34:23.004Z,52.47999954223633,82.66999816894531,85
2026-05-23T08:34:23.072Z,52.47999954223633,82.66999816894531,85
2026-05-23T08:34:23.140Z,52.47999954223633,82.66999816894531,85
2026-05-23T08:34:23.208Z,52.47999954223633,82.66999816894531,85
2026-05-23T08:34:23.276Z,52.47999954223633,82.66999816894531,85
2026-05-23T08:34:23.344Z,52.47999954223633,82.66999816894531,85
2026-05-23T08:34:23.412Z,52.47999954223633,82.66999816894531,85
2026-05-23T08:34:23.480Z,52.47999954223633,82.66999816894531,85
2026-05-23T08:34:23.548Z,52.47999954223633,82.66999816894531,85
2026-05-23T08:34:23.616Z,52.47999954223633,82.66999816894531,85
2026-05-23T08:34:23.684Z,52.47999954223633,82.66999816894531,85
2026-05-23T08:34:23.751Z,52.47999954223633,82.66999816894531,85
2026-05-23T08:34:23.819Z,52.47999954223633,82.66999816894531,85
2026-05-23T08:34:23.887Z,52.47999954223633,82.66999816894531,85
2026-05-23T08:34:23.955Z,52.47999954223633,82.66999816894531,85
2026-05-23T08:34:24.023Z,52.47999954223633,82.66999816894531,85
2026-05-23T08:34:24.091Z,52.47999954223633,82.66999816894531,85
2026-05-23T08:34:24.160Z,52.47999954223633,82.66999816894531,85
2026-05-23T08:34:24.227Z,52.47999954223633,82.66999816894531,85
2026-05-23T08:34:24.295Z,52.47999954223633,82.66999816894531,85
2026-05-23T08:34:24.364Z,52.47999954223633,82.66999816894531,85
2026-05-23T08:34:24.431Z,52.47999954223633,82.66999816894531,85
2026-05-23T08:34:24.499Z,52.47999954223633,82.66999816894531,85
2026-05-23T08:34:24.567Z,52.47999954223633,82.66999816894531,85
2026-05-23T08:34:24.635Z,52.47999954223633,82.66999816894531,85
2026-05-23T08:34:24.703Z,52.47999954223633,82.66999816894531,85
2026-05-23T08:34:24.771Z,52.47999954223633,82.66999816894531,85
2026-05-23T08:34:24.839Z,52.47999954223633,82.66999816894531,85
2026-05-23T08:34:24.907Z,52.47999954223633,82.66999816894531,85
2026-05-23T08:34:24.975Z,52.47999954223633,82.66999816894531,85
2026-05-23T08:34:25.043Z,52.47999954223633,82.66999816894531,85
2026-05-23T08:34:25.111Z,52.47999954223633,82.66999816894531,85
2026-05-23T08:34:25.179Z,52.47999954223633,82.66999816894531,85
2026-05-23T08:34:25.247Z,52.47999954223633,82.66999816894531,85
2026-05-23T08:34:25.315Z,52.47999954223633,82.66999816894531,85
2026-05-23T08:34:25.383Z,52.47999954223633,82.66999816894531,85
2026-05-23T08:34:25.451Z,52.47999954223633,83,85
2026-05-23T08:34:25.519Z,49.38999938964844,83,85
2026-05-23T08:34:25.586Z,50.68000030517578,83,85
2026-05-23T08:34:25.654Z,50.68000030517578,83,85
2026-05-23T08:34:25.722Z,50.68000030517578,83,85
2026-05-23T08:34:25.790Z,50.68000030517578,83,85
2026-05-23T08:34:25.858Z,50.68000030517578,83,85
2026-05-23T08:34:25.926Z,50.68000030517578,83,85
2026-05-23T08:34:25.994Z,50.68000030517578,83,85
2026-05-23T08:34:26.062Z,50.68000030517578,83,85
2026-05-23T08:34:26.130Z,50.68000030517578,83,85
2026-05-23T08:34:26.198Z,50.68000030517578,83,85
2026-05-23T08:34:26.266Z,50.68000030517578,83,85
2026-05-23T08:34:26.334Z,50.68000030517578,83,85
2026-05-23T08:34:26.402Z,50.68000030517578,83,85
2026-05-23T08:34:26.470Z,50.68000030517578,82.66999816894531,85
2026-05-23T08:34:26.538Z,53.779998779296875,82.66999816894531,85
2026-05-23T08:34:26.606Z,52.47999954223633,82.66999816894531,85
2026-05-23T08:34:26.674Z,52.47999954223633,82.66999816894531,85
2026-05-23T08:34:26.742Z,52.47999954223633,82.66999816894531,85
2026-05-23T08:34:26.809Z,52.47999954223633,82.66999816894531,85
2026-05-23T08:34:26.878Z,52.47999954223633,82.66999816894531,85
2026-05-23T08:34:26.945Z,52.47999954223633,82.66999816894531,85
2026-05-23T08:34:27.013Z,52.47999954223633,82.66999816894531,85
2026-05-23T08:34:27.082Z,52.47999954223633,83,85
2026-05-23T08:34:27.150Z,49.38999938964844,83,85
2026-05-23T08:34:27.217Z,50.68000030517578,83,85
2026-05-23T08:34:27.286Z,50.68000030517578,83,85
2026-05-23T08:34:27.353Z,50.68000030517578,83,85
2026-05-23T08:34:27.421Z,50.68000030517578,83,85
2026-05-23T08:34:27.489Z,50.68000030517578,83,85
2026-05-23T08:34:27.557Z,50.68000030517578,83,85
2026-05-23T08:34:27.625Z,50.68000030517578,83,85
2026-05-23T08:34:27.693Z,50.68000030517578,83,85
2026-05-23T08:34:27.761Z,50.68000030517578,83,85
2026-05-23T08:34:27.829Z,50.68000030517578,83,85
2026-05-23T08:34:27.897Z,50.68000030517578,83,85
2026-05-23T08:34:27.965Z,50.68000030517578,83,85
2026-05-23T08:34:28.033Z,50.68000030517578,83,85
2026-05-23T08:34:28.101Z,50.68000030517578,83,85
2026-05-23T08:34:28.169Z,50.68000030517578,83,85
2026-05-23T08:34:28.237Z,50.68000030517578,83,85
2026-05-23T08:34:28.305Z,50.68000030517578,83,85
2026-05-23T08:34:28.372Z,50.68000030517578,83,85
2026-05-23T08:34:28.440Z,50.68000030517578,83,85
2026-05-23T08:34:28.508Z,50.68000030517578,83,85
2026-05-23T08:34:28.576Z,50.68000030517578,83,85
2026-05-23T08:34:28.644Z,50.68000030517578,83,85
2026-05-23T08:34:28.712Z,50.68000030517578,83,85
2026-05-23T08:34:28.780Z,50.68000030517578,82.66999816894531,85
2026-05-23T08:34:28.849Z,53.779998779296875,83,85
2026-05-23T08:34:28.916Z,49.38999938964844,83,85
2026-05-23T08:34:28.984Z,50.68000030517578,83,85
2026-05-23T08:34:29.052Z,50.68000030517578,83,85
2026-05-23T08:34:29.120Z,50.68000030517578,83,85
2026-05-23T08:34:29.188Z,50.68000030517578,83,85
2026-05-23T08:34:29.256Z,50.68000030517578,83,85
2026-05-23T08:34:29.324Z,50.68000030517578,83,85
2026-05-23T08:34:29.392Z,50.68000030517578,83,85
2026-05-23T08:34:29.460Z,50.68000030517578,83,85
2026-05-23T08:34:29.528Z,50.68000030517578,83,85
2026-05-23T08:34:29.596Z,50.68000030517578,83,85
2026-05-23T08:34:29.664Z,50.68000030517578,83,85
2026-05-23T08:34:29.737Z,50.68000030517578,83,85
2026-05-23T08:34:29.800Z,50.68000030517578,83,85
2026-05-23T08:34:29.868Z,50.68000030517578,83,85
2026-05-23T08:34:29.936Z,50.68000030517578,83,85
2026-05-23T08:34:30.003Z,50.68000030517578,83,85
2026-05-23T08:34:30.071Z,50.68000030517578,83,85
2026-05-23T08:34:30.139Z,50.68000030517578,83,85
2026-05-23T08:34:30.207Z,50.68000030517578,83,85
2026-05-23T08:34:30.275Z,50.68000030517578,83,85
2026-05-23T08:34:30.343Z,50.68000030517578,83,85
2026-05-23T08:34:30.411Z,50.68000030517578,83,85
2026-05-23T08:34:30.479Z,50.68000030517578,83,85
2026-05-23T08:34:30.547Z,50.68000030517578,83,85
2026-05-23T08:34:30.616Z,50.68000030517578,83,85
2026-05-23T08:34:30.683Z,50.68000030517578,83,85
2026-05-23T08:34:30.751Z,50.68000030517578,83,85
2026-05-23T08:34:30.820Z,50.68000030517578,82.66999816894531,85
2026-05-23T08:34:30.887Z,53.7599983215332,82.66999816894531,85
2026-05-23T08:34:30.955Z,52.47999954223633,82.66999816894531,85
2026-05-23T08:34:31.023Z,52.47999954223633,83,85
2026-05-23T08:34:31.091Z,49.38999938964844,83,85
2026-05-23T08:34:31.159Z,50.68000030517578,83,85
2026-05-23T08:34:31.227Z,50.68000030517578,83,85
2026-05-23T08:34:31.295Z,50.68000030517578,83,85
2026-05-23T08:34:31.363Z,50.68000030517578,83,85
2026-05-23T08:34:31.430Z,50.68000030517578,83,85
2026-05-23T08:34:31.499Z,50.68000030517578,83,85
2026-05-23T08:34:31.567Z,50.68000030517578,83,85
2026-05-23T08:34:31.635Z,50.68000030517578,83,85
2026-05-23T08:34:31.702Z,50.68000030517578,83,85
2026-05-23T08:34:31.770Z,50.68000030517578,83,85
2026-05-23T08:34:31.838Z,50.68000030517578,83,85
2026-05-23T08:34:31.913Z,50.68000030517578,83,85
2026-05-23T08:34:32.001Z,50.68000030517578,83,85
2026-05-23T08:34:32.042Z,50.68000030517578,83,85
2026-05-23T08:34:32.110Z,50.68000030517578,83,85
2026-05-23T08:34:32.178Z,50.68000030517578,83,85
2026-05-23T08:34:32.246Z,50.68000030517578,83,85
2026-05-23T08:34:32.314Z,50.68000030517578,83,85
2026-05-23T08:34:32.382Z,50.68000030517578,83,85
2026-05-23T08:34:32.450Z,50.68000030517578,83,85
2026-05-23T08:34:32.518Z,50.68000030517578,83,85
2026-05-23T08:34:32.586Z,50.68000030517578,83,85
2026-05-23T08:34:32.654Z,50.68000030517578,83,85
2026-05-23T08:34:32.722Z,50.68000030517578,83,85
2026-05-23T08:34:32.790Z,50.68000030517578,83,85
2026-05-23T08:34:32.858Z,50.68000030517578,83,85
2026-05-23T08:34:32.925Z,50.68000030517578,83,85
2026-05-23T08:34:32.993Z,50.68000030517578,83,85
2026-05-23T08:34:33.061Z,50.68000030517578,83,85
2026-05-23T08:34:33.129Z,50.68000030517578,83,85
2026-05-23T08:34:33.197Z,50.68000030517578,83,85
2026-05-23T08:34:33.265Z,50.68000030517578,83,85
2026-05-23T08:34:33.334Z,50.68000030517578,83,85
2026-05-23T08:34:33.403Z,50.68000030517578,83,85
2026-05-23T08:34:33.481Z,50.68000030517578,83,85
2026-05-23T08:34:33.537Z,50.68000030517578,83,85
2026-05-23T08:34:33.605Z,50.68000030517578,83,85
2026-05-23T08:34:33.673Z,50.68000030517578,83,85
2026-05-23T08:34:33.741Z,50.68000030517578,83,85
2026-05-23T08:34:33.809Z,50.68000030517578,83,85
2026-05-23T08:34:33.877Z,50.68000030517578,83,85
2026-05-23T08:34:33.945Z,50.68000030517578,83,85
2026-05-23T08:34:34.013Z,50.68000030517578,83,85
2026-05-23T08:34:34.081Z,50.68000030517578,83,85
2026-05-23T08:34:34.149Z,50.68000030517578,83,85
2026-05-23T08:34:34.217Z,50.68000030517578,83,85
2026-05-23T08:34:34.285Z,50.68000030517578,83,85
2026-05-23T08:34:34.353Z,50.68000030517578,83,85
2026-05-23T08:34:34.421Z,50.68000030517578,83,85
2026-05-23T08:34:34.489Z,50.68000030517578,83,85
2026-05-23T08:34:34.556Z,50.68000030517578,83,85
2026-05-23T08:34:34.624Z,50.68000030517578,83,85
2026-05-23T08:34:34.692Z,50.68000030517578,83,85
2026-05-23T08:34:34.761Z,50.68000030517578,83,85
2026-05-23T08:34:34.828Z,50.68000030517578,83,85
2026-05-23T08:34:34.896Z,50.68000030517578,83,85
2026-05-23T08:34:34.964Z,50.68000030517578,83,85
2026-05-23T08:34:35.032Z,50.68000030517578,83,85
2026-05-23T08:34:35.101Z,50.68000030517578,83,85
2026-05-23T08:34:35.168Z,50.68000030517578,83,85
2026-05-23T08:34:35.236Z,50.68000030517578,83,85
2026-05-23T08:34:35.304Z,50.68000030517578,83,85
2026-05-23T08:34:35.372Z,50.68000030517578,83,85
2026-05-23T08:34:35.440Z,50.68000030517578,83,85
2026-05-23T08:34:35.508Z,50.68000030517578,83,85
2026-05-23T08:34:35.576Z,50.68000030517578,83,85
2026-05-23T08:34:35.644Z,50.68000030517578,83,85
2026-05-23T08:34:35.712Z,50.68000030517578,83,85
2026-05-23T08:34:35.780Z,50.68000030517578,83,85
2026-05-23T08:34:35.848Z,50.68000030517578,83,85
2026-05-23T08:34:35.916Z,50.68000030517578,83,85
2026-05-23T08:34:35.984Z,50.68000030517578,83,85
2026-05-23T08:34:36.052Z,50.68000030517578,83,85
2026-05-23T08:34:36.120Z,50.68000030517578,83,85
2026-05-23T08:34:36.187Z,50.68000030517578,83,85
2026-05-23T08:34:36.255Z,50.68000030517578,83,85
2026-05-23T08:34:36.323Z,50.68000030517578,83,85
2026-05-23T08:34:36.391Z,50.68000030517578,83,85
2026-05-23T08:34:36.459Z,50.68000030517578,83,85
2026-05-23T08:34:36.527Z,50.68000030517578,83,85
2026-05-23T08:34:36.595Z,50.68000030517578,83,85
2026-05-23T08:34:36.663Z,50.68000030517578,83,85
2026-05-23T08:34:36.731Z,50.68000030517578,83,85
2026-05-23T08:34:36.799Z,50.68000030517578,83,85
2026-05-23T08:34:36.869Z,50.68000030517578,83,85
2026-05-23T08:34:36.936Z,50.68000030517578,83,85
2026-05-23T08:34:37.003Z,50.68000030517578,83,85
2026-05-23T08:34:37.071Z,50.68000030517578,83,85
2026-05-23T08:34:37.139Z,50.68000030517578,83,85
2026-05-23T08:34:37.207Z,50.68000030517578,83,85
2026-05-23T08:34:37.275Z,50.68000030517578,83,85
2026-05-23T08:34:37.346Z,50.68000030517578,83,85
2026-05-23T08:34:37.410Z,50.68000030517578,83,85
2026-05-23T08:34:37.478Z,50.68000030517578,83,85
2026-05-23T08:34:37.546Z,50.68000030517578,83,85
2026-05-23T08:34:37.614Z,50.68000030517578,83,85
2026-05-23T08:34:37.682Z,50.68000030517578,83,85
2026-05-23T08:34:37.752Z,50.68000030517578,83,85
2026-05-23T08:34:37.818Z,50.68000030517578,83,85
2026-05-23T08:34:37.886Z,50.68000030517578,83.33999633789062,85
2026-05-23T08:34:37.954Z,47.560001373291016,83.33999633789062,85
2026-05-23T08:34:38.022Z,48.86000061035156,83.33999633789062,85
2026-05-23T08:34:38.090Z,48.86000061035156,83.33999633789062,85
2026-05-23T08:34:38.158Z,48.86000061035156,83.33999633789062,85
2026-05-23T08:34:38.226Z,48.86000061035156,83.33999633789062,85
2026-05-23T08:34:38.294Z,48.86000061035156,83.33999633789062,85
2026-05-23T08:34:38.362Z,48.86000061035156,83.33999633789062,85
2026-05-23T08:34:38.430Z,48.86000061035156,83.33999633789062,85
2026-05-23T08:34:38.498Z,48.86000061035156,83.33999633789062,85
2026-05-23T08:34:38.566Z,48.86000061035156,83.33999633789062,85
2026-05-23T08:34:38.634Z,48.86000061035156,83.33999633789062,85
2026-05-23T08:34:38.702Z,48.86000061035156,83.33999633789062,85
2026-05-23T08:34:38.770Z,48.86000061035156,83.33999633789062,85
2026-05-23T08:34:38.838Z,48.86000061035156,83.33999633789062,85
2026-05-23T08:34:38.906Z,48.86000061035156,83.33999633789062,85
2026-05-23T08:34:38.973Z,48.86000061035156,83.33999633789062,85
2026-05-23T08:34:39.041Z,48.86000061035156,83.33999633789062,85
2026-05-23T08:34:39.109Z,48.86000061035156,83.33999633789062,85
2026-05-23T08:34:39.177Z,48.86000061035156,83.33999633789062,85
2026-05-23T08:34:39.245Z,48.86000061035156,83.33999633789062,85
2026-05-23T08:34:39.313Z,48.86000061035156,83.33999633789062,85
2026-05-23T08:34:39.381Z,48.86000061035156,83.33999633789062,85
2026-05-23T08:34:39.449Z,48.86000061035156,83.33999633789062,85
2026-05-23T08:34:39.517Z,48.86000061035156,83.33999633789062,85
2026-05-23T08:34:39.585Z,48.86000061035156,83.33999633789062,85
2026-05-23T08:34:39.653Z,48.86000061035156,83.33999633789062,85
2026-05-23T08:34:39.721Z,48.86000061035156,83.33999633789062,85
2026-05-23T08:34:39.789Z,48.86000061035156,83.33999633789062,85
2026-05-23T08:34:39.857Z,48.86000061035156,83.33999633789062,85
2026-05-23T08:34:39.926Z,48.86000061035156,83.33999633789062,85
2026-05-23T08:34:39.993Z,48.86000061035156,83.33999633789062,85
2026-05-23T08:34:40.061Z,48.86000061035156,83.33999633789062,85
2026-05-23T08:34:40.129Z,48.86000061035156,83.33999633789062,85
2026-05-23T08:34:40.197Z,48.86000061035156,83.33999633789062,85
2026-05-23T08:34:40.265Z,48.86000061035156,83.33999633789062,85
2026-05-23T08:34:40.333Z,48.86000061035156,83.33999633789062,85
2026-05-23T08:34:40.401Z,48.86000061035156,83.33999633789062,85
2026-05-23T08:34:40.469Z,48.86000061035156,83.33999633789062,85
2026-05-23T08:34:40.537Z,48.86000061035156,83.33999633789062,85
2026-05-23T08:34:40.604Z,48.86000061035156,83.33999633789062,85
2026-05-23T08:34:40.672Z,48.86000061035156,83.33999633789062,85
2026-05-23T08:34:40.742Z,48.86000061035156,83.33999633789062,85
2026-05-23T08:34:40.808Z,48.86000061035156,83.33999633789062,85
2026-05-23T08:34:40.876Z,48.86000061035156,83.33999633789062,85
2026-05-23T08:34:40.944Z,48.86000061035156,83.33999633789062,85
2026-05-23T08:34:41.012Z,48.86000061035156,83.33999633789062,85
2026-05-23T08:34:41.080Z,48.86000061035156,83.33999633789062,85
2026-05-23T08:34:41.148Z,48.86000061035156,83.33999633789062,85
2026-05-23T08:34:41.216Z,48.86000061035156,83.33999633789062,85
2026-05-23T08:34:41.284Z,48.86000061035156,83.33999633789062,85
2026-05-23T08:34:41.353Z,48.86000061035156,83.33999633789062,85
2026-05-23T08:34:41.420Z,48.86000061035156,83.33999633789062,85
2026-05-23T08:34:41.488Z,48.86000061035156,83.33999633789062,85
2026-05-23T08:34:41.556Z,48.86000061035156,83.33999633789062,85
2026-05-23T08:34:41.624Z,48.86000061035156,83.33999633789062,85
2026-05-23T08:34:41.692Z,48.86000061035156,83.33999633789062,85
2026-05-23T08:34:41.760Z,48.86000061035156,83.33999633789062,85
2026-05-23T08:34:41.828Z,48.86000061035156,83.33999633789062,85
2026-05-23T08:34:41.896Z,48.86000061035156,83.33999633789062,85
2026-05-23T08:34:41.964Z,48.86000061035156,83.33999633789062,85
2026-05-23T08:34:42.031Z,48.86000061035156,83.33999633789062,85
2026-05-23T08:34:42.158Z,48.86000061035156,83.33999633789062,85
2026-05-23T08:34:42.187Z,48.86000061035156,83.33999633789062,85
2026-05-23T08:34:42.237Z,48.86000061035156,83.33999633789062,85
2026-05-23T08:34:42.304Z,48.86000061035156,83.33999633789062,85
2026-05-23T08:34:42.371Z,48.86000061035156,83.33999633789062,85
2026-05-23T08:34:42.439Z,48.86000061035156,83.33999633789062,85
2026-05-23T08:34:42.507Z,48.86000061035156,83.33999633789062,85
2026-05-23T08:34:42.575Z,48.86000061035156,83.33999633789062,85
2026-05-23T08:34:42.643Z,48.86000061035156,83.33999633789062,85
2026-05-23T08:34:42.711Z,48.86000061035156,83.33999633789062,85
2026-05-23T08:34:42.779Z,48.86000061035156,83.33999633789062,85
2026-05-23T08:34:42.847Z,48.86000061035156,83.33999633789062,85
2026-05-23T08:34:42.915Z,48.86000061035156,83.33999633789062,85
2026-05-23T08:34:42.983Z,48.86000061035156,83.33999633789062,85
2026-05-23T08:34:43.063Z,48.86000061035156,83.33999633789062,85
2026-05-23T08:34:43.121Z,48.86000061035156,83.33999633789062,85
2026-05-23T08:34:43.187Z,48.86000061035156,83.33999633789062,85
2026-05-23T08:34:43.255Z,48.86000061035156,83.33999633789062,85
2026-05-23T08:34:43.323Z,48.86000061035156,83.33999633789062,85
2026-05-23T08:34:43.391Z,48.86000061035156,83.33999633789062,85
2026-05-23T08:34:43.459Z,48.86000061035156,83.33999633789062,85
2026-05-23T08:34:43.526Z,48.86000061035156,83.33999633789062,85
2026-05-23T08:34:43.594Z,48.86000061035156,83.33999633789062,85
2026-05-23T08:34:43.662Z,48.86000061035156,83.33999633789062,85
2026-05-23T08:34:43.730Z,48.86000061035156,83.33999633789062,85
2026-05-23T08:34:43.798Z,48.86000061035156,83.33999633789062,85
2026-05-23T08:34:43.866Z,48.86000061035156,83.33999633789062,85
2026-05-23T08:34:43.934Z,48.86000061035156,83.33999633789062,85
2026-05-23T08:34:44.004Z,48.86000061035156,83.33999633789062,85
2026-05-23T08:34:44.071Z,48.86000061035156,83.33999633789062,85
2026-05-23T08:34:44.138Z,48.86000061035156,83.33999633789062,85
2026-05-23T08:34:44.206Z,48.86000061035156,83.33999633789062,85
2026-05-23T08:34:44.274Z,48.86000061035156,83.33999633789062,85
2026-05-23T08:34:44.342Z,48.86000061035156,83.33999633789062,85
2026-05-23T08:34:44.414Z,48.86000061035156,83.69000244140625,85
2026-05-23T08:34:44.478Z,45.709999084472656,83.69000244140625,85
2026-05-23T08:34:44.546Z,47.02000045776367,83.69000244140625,85
2026-05-23T08:34:44.614Z,47.02000045776367,83.69000244140625,85
2026-05-23T08:34:44.682Z,47.02000045776367,83.69000244140625,85
2026-05-23T08:34:44.750Z,47.02000045776367,83.69000244140625,85
2026-05-23T08:34:44.818Z,47.02000045776367,83.69000244140625,85
2026-05-23T08:34:44.886Z,47.02000045776367,83.69000244140625,85
2026-05-23T08:34:44.954Z,47.02000045776367,83.69000244140625,85
2026-05-23T08:34:45.022Z,47.02000045776367,83.69000244140625,85
2026-05-23T08:34:45.090Z,47.02000045776367,83.69000244140625,85
2026-05-23T08:34:45.157Z,47.02000045776367,83.69000244140625,85
2026-05-23T08:34:45.225Z,47.02000045776367,83.69000244140625,85
2026-05-23T08:34:45.293Z,47.02000045776367,83.69000244140625,85
2026-05-23T08:34:45.361Z,47.02000045776367,83.69000244140625,85
2026-05-23T08:34:45.429Z,47.02000045776367,83.69000244140625,85
2026-05-23T08:34:45.497Z,47.02000045776367,83.69000244140625,85
2026-05-23T08:34:45.565Z,47.02000045776367,83.69000244140625,85
2026-05-23T08:34:45.633Z,47.02000045776367,83.69000244140625,85
2026-05-23T08:34:45.701Z,47.02000045776367,83.69000244140625,85
2026-05-23T08:34:45.770Z,47.02000045776367,83.69000244140625,85
2026-05-23T08:34:45.837Z,47.02000045776367,83.69000244140625,85
2026-05-23T08:34:45.905Z,47.02000045776367,83.69000244140625,85
2026-05-23T08:34:45.973Z,47.02000045776367,83.69000244140625,85
2026-05-23T08:34:46.041Z,47.02000045776367,83.69000244140625,85
2026-05-23T08:34:46.109Z,47.02000045776367,83.69000244140625,85
2026-05-23T08:34:46.177Z,47.02000045776367,83.69000244140625,85
2026-05-23T08:34:46.245Z,47.02000045776367,83.69000244140625,85
2026-05-23T08:34:46.315Z,47.02000045776367,83.69000244140625,85
2026-05-23T08:34:46.381Z,47.02000045776367,83.69000244140625,85
2026-05-23T08:34:46.449Z,47.02000045776367,83.69000244140625,85
2026-05-23T08:34:46.517Z,47.02000045776367,83.69000244140625,85
2026-05-23T08:34:46.589Z,47.02000045776367,83.69000244140625,85
2026-05-23T08:34:46.657Z,47.02000045776367,83.69000244140625,85
2026-05-23T08:34:46.725Z,47.02000045776367,83.69000244140625,85
2026-05-23T08:34:46.788Z,47.02000045776367,83.69000244140625,85
2026-05-23T08:34:46.856Z,47.02000045776367,83.69000244140625,85
2026-05-23T08:34:46.925Z,47.02000045776367,83.69000244140625,85
2026-05-23T08:34:46.992Z,47.02000045776367,83.69000244140625,85
2026-05-23T08:34:47.060Z,47.02000045776367,83.69000244140625,85
2026-05-23T08:34:47.128Z,47.02000045776367,83.69000244140625,85
2026-05-23T08:34:47.196Z,47.02000045776367,83.69000244140625,85
2026-05-23T08:34:47.264Z,47.02000045776367,83.69000244140625,85
2026-05-23T08:34:47.332Z,47.02000045776367,83.69000244140625,85
2026-05-23T08:34:47.400Z,47.02000045776367,83.69000244140625,85
2026-05-23T08:34:47.468Z,47.02000045776367,83.69000244140625,85
2026-05-23T08:34:47.536Z,47.02000045776367,83.69000244140625,85
2026-05-23T08:34:47.611Z,47.02000045776367,83.69000244140625,85
2026-05-23T08:34:47.675Z,47.02000045776367,83.69000244140625,85
2026-05-23T08:34:47.743Z,47.02000045776367,83.69000244140625,85
2026-05-23T08:34:47.808Z,47.02000045776367,83.69000244140625,85
2026-05-23T08:34:47.876Z,47.02000045776367,83.69000244140625,85
2026-05-23T08:34:47.944Z,47.02000045776367,83.69000244140625,85
2026-05-23T08:34:48.012Z,47.02000045776367,83.69000244140625,85
2026-05-23T08:34:48.085Z,47.02000045776367,83.69000244140625,85
2026-05-23T08:34:48.185Z,47.02000045776367,83.69000244140625,85
2026-05-23T08:34:48.215Z,47.02000045776367,83.69000244140625,85
2026-05-23T08:34:48.283Z,47.02000045776367,83.69000244140625,85
2026-05-23T08:34:48.351Z,47.02000045776367,83.69000244140625,85
2026-05-23T08:34:48.419Z,47.02000045776367,83.69000244140625,85
2026-05-23T08:34:48.487Z,47.02000045776367,83.69000244140625,85
2026-05-23T08:34:48.555Z,47.02000045776367,83.69000244140625,85
2026-05-23T08:34:48.623Z,47.02000045776367,83.69000244140625,85
2026-05-23T08:34:48.691Z,47.02000045776367,83.69000244140625,85
2026-05-23T08:34:48.759Z,47.02000045776367,83.69000244140625,85
2026-05-23T08:34:48.827Z,47.02000045776367,83.69000244140625,85
2026-05-23T08:34:48.895Z,47.02000045776367,83.69000244140625,85
2026-05-23T08:34:48.963Z,47.02000045776367,83.69000244140625,85
2026-05-23T08:34:49.031Z,47.02000045776367,83.69000244140625,85
2026-05-23T08:34:49.099Z,47.02000045776367,83.69000244140625,85
2026-05-23T08:34:49.167Z,47.02000045776367,83.69000244140625,85
2026-05-23T08:34:49.235Z,47.02000045776367,83.69000244140625,85
2026-05-23T08:34:49.303Z,47.02000045776367,83.69000244140625,85
2026-05-23T08:34:49.371Z,47.02000045776367,83.69000244140625,85
2026-05-23T08:34:49.439Z,47.02000045776367,83.69000244140625,85
2026-05-23T08:34:49.507Z,47.02000045776367,83.69000244140625,85
2026-05-23T08:34:49.575Z,47.02000045776367,83.69000244140625,85
2026-05-23T08:34:49.642Z,47.02000045776367,83.69000244140625,85
2026-05-23T08:34:49.711Z,47.02000045776367,83.69000244140625,85
2026-05-23T08:34:49.778Z,47.02000045776367,83.69000244140625,85
2026-05-23T08:34:49.846Z,47.02000045776367,83.69000244140625,85
2026-05-23T08:34:49.914Z,47.02000045776367,83.69000244140625,85
2026-05-23T08:34:49.982Z,47.02000045776367,83.69000244140625,85
2026-05-23T08:34:50.050Z,47.02000045776367,83.69000244140625,85
2026-05-23T08:34:50.118Z,47.02000045776367,83.69000244140625,85
2026-05-23T08:34:50.186Z,47.02000045776367,83.69000244140625,85
2026-05-23T08:34:50.254Z,47.02000045776367,83.69000244140625,85
2026-05-23T08:34:50.322Z,47.02000045776367,83.69000244140625,85
2026-05-23T08:34:50.390Z,47.02000045776367,83.69000244140625,85
2026-05-23T08:34:50.458Z,47.02000045776367,83.69000244140625,85
2026-05-23T08:34:50.526Z,47.02000045776367,83.69000244140625,85
2026-05-23T08:34:50.594Z,47.02000045776367,83.69000244140625,85
2026-05-23T08:34:50.662Z,47.02000045776367,83.69000244140625,85
2026-05-23T08:34:50.730Z,47.02000045776367,83.69000244140625,85
2026-05-23T08:34:50.798Z,47.02000045776367,83.69000244140625,85
2026-05-23T08:34:50.866Z,47.02000045776367,83.69000244140625,85
2026-05-23T08:34:50.934Z,47.02000045776367,83.69000244140625,85
2026-05-23T08:34:51.002Z,47.02000045776367,83.69000244140625,85
2026-05-23T08:34:51.069Z,47.02000045776367,83.69000244140625,85
2026-05-23T08:34:51.138Z,47.02000045776367,83.69000244140625,85
2026-05-23T08:34:51.206Z,47.02000045776367,83.69000244140625,85
2026-05-23T08:34:51.273Z,47.02000045776367,83.69000244140625,85
2026-05-23T08:34:51.341Z,47.02000045776367,83.69000244140625,85
2026-05-23T08:34:51.413Z,47.02000045776367,83.69000244140625,85
2026-05-23T08:34:51.477Z,47.02000045776367,83.69000244140625,85
2026-05-23T08:34:51.545Z,47.02000045776367,84.02999877929688,85
2026-05-23T08:34:51.613Z,43.84000015258789,84.02999877929688,85
2026-05-23T08:34:51.681Z,45.16999816894531,84.02999877929688,85
2026-05-23T08:34:51.749Z,45.16999816894531,84.02999877929688,85
2026-05-23T08:34:51.817Z,45.16999816894531,84.02999877929688,85
2026-05-23T08:34:51.885Z,45.16999816894531,84.02999877929688,85
2026-05-23T08:34:51.953Z,45.16999816894531,84.02999877929688,85
2026-05-23T08:34:52.022Z,45.16999816894531,84.02999877929688,85
2026-05-23T08:34:52.089Z,45.16999816894531,84.02999877929688,85
2026-05-23T08:34:52.160Z,45.16999816894531,84.02999877929688,85
2026-05-23T08:34:52.227Z,45.16999816894531,84.02999877929688,85
2026-05-23T08:34:52.293Z,45.16999816894531,84.02999877929688,85
2026-05-23T08:34:52.365Z,45.16999816894531,84.02999877929688,85
2026-05-23T08:34:52.429Z,45.16999816894531,84.02999877929688,85
2026-05-23T08:34:52.496Z,45.16999816894531,84.02999877929688,85
2026-05-23T08:34:52.564Z,45.16999816894531,84.02999877929688,85
2026-05-23T08:34:52.632Z,45.16999816894531,84.02999877929688,85
2026-05-23T08:34:52.700Z,45.16999816894531,84.02999877929688,85
2026-05-23T08:34:52.768Z,45.16999816894531,84.02999877929688,85
2026-05-23T08:34:52.836Z,45.16999816894531,84.02999877929688,85
2026-05-23T08:34:52.905Z,45.16999816894531,84.02999877929688,85
2026-05-23T08:34:52.973Z,45.16999816894531,84.02999877929688,85
2026-05-23T08:34:53.040Z,45.16999816894531,84.02999877929688,85
2026-05-23T08:34:53.108Z,45.16999816894531,84.02999877929688,85
2026-05-23T08:34:53.176Z,45.16999816894531,84.02999877929688,85
2026-05-23T08:34:53.244Z,45.16999816894531,84.02999877929688,85
2026-05-23T08:34:53.312Z,45.16999816894531,84.02999877929688,85
2026-05-23T08:34:53.380Z,45.16999816894531,84.02999877929688,85
2026-05-23T08:34:53.448Z,45.16999816894531,84.02999877929688,85
2026-05-23T08:34:53.516Z,45.16999816894531,84.02999877929688,85
2026-05-23T08:34:53.584Z,45.16999816894531,84.02999877929688,85
2026-05-23T08:34:53.652Z,45.16999816894531,84.02999877929688,85
2026-05-23T08:34:53.720Z,45.16999816894531,84.02999877929688,85
2026-05-23T08:34:53.788Z,45.16999816894531,84.02999877929688,85
2026-05-23T08:34:53.856Z,45.16999816894531,84.02999877929688,85
2026-05-23T08:34:53.924Z,45.16999816894531,84.02999877929688,85
2026-05-23T08:34:53.992Z,45.16999816894531,84.02999877929688,85
2026-05-23T08:34:54.060Z,45.16999816894531,84.02999877929688,85
2026-05-23T08:34:54.128Z,45.16999816894531,84.02999877929688,85
2026-05-23T08:34:54.195Z,45.16999816894531,84.02999877929688,85
2026-05-23T08:34:54.264Z,45.16999816894531,84.02999877929688,85
2026-05-23T08:34:54.331Z,45.16999816894531,84.02999877929688,85
2026-05-23T08:34:54.399Z,45.16999816894531,84.02999877929688,85
2026-05-23T08:34:54.467Z,45.16999816894531,84.02999877929688,85
2026-05-23T08:34:54.535Z,45.16999816894531,84.02999877929688,85
2026-05-23T08:34:54.603Z,45.16999816894531,84.02999877929688,85
2026-05-23T08:34:54.671Z,45.16999816894531,84.02999877929688,85
2026-05-23T08:34:54.742Z,45.16999816894531,84.02999877929688,85
2026-05-23T08:34:54.808Z,45.16999816894531,84.02999877929688,85
2026-05-23T08:34:54.875Z,45.16999816894531,84.02999877929688,85
2026-05-23T08:34:54.943Z,45.16999816894531,84.02999877929688,85
2026-05-23T08:34:55.011Z,45.16999816894531,84.02999877929688,85
2026-05-23T08:34:55.079Z,45.16999816894531,84.02999877929688,85
2026-05-23T08:34:55.147Z,45.16999816894531,84.02999877929688,85
2026-05-23T08:34:55.215Z,45.16999816894531,84.02999877929688,85
2026-05-23T08:34:55.283Z,45.16999816894531,84.02999877929688,85
2026-05-23T08:34:55.351Z,45.16999816894531,84.02999877929688,85
2026-05-23T08:34:55.419Z,45.16999816894531,84.02999877929688,85
2026-05-23T08:34:55.487Z,45.16999816894531,84.02999877929688,85
2026-05-23T08:34:55.555Z,45.16999816894531,84.02999877929688,85
2026-05-23T08:34:55.623Z,45.16999816894531,84.02999877929688,85
2026-05-23T08:34:55.691Z,45.16999816894531,84.02999877929688,85
2026-05-23T08:34:55.760Z,45.16999816894531,84.02999877929688,85
2026-05-23T08:34:55.826Z,45.16999816894531,84.02999877929688,85
2026-05-23T08:34:55.894Z,45.16999816894531,84.02999877929688,85
2026-05-23T08:34:55.962Z,45.16999816894531,84.02999877929688,85
2026-05-23T08:34:56.030Z,45.16999816894531,84.02999877929688,85
2026-05-23T08:34:56.098Z,45.16999816894531,84.02999877929688,85
2026-05-23T08:34:56.166Z,45.16999816894531,84.02999877929688,85
2026-05-23T08:34:56.234Z,45.16999816894531,84.02999877929688,85
2026-05-23T08:34:56.302Z,45.16999816894531,84.02999877929688,85
2026-05-23T08:34:56.370Z,45.16999816894531,84.02999877929688,85
2026-05-23T08:34:56.438Z,45.16999816894531,84.02999877929688,85
2026-05-23T08:34:56.506Z,45.16999816894531,84.02999877929688,85
2026-05-23T08:34:56.574Z,45.16999816894531,84.02999877929688,85
2026-05-23T08:34:56.642Z,45.16999816894531,84.02999877929688,85
2026-05-23T08:34:56.710Z,45.16999816894531,84.02999877929688,85
2026-05-23T08:34:56.778Z,45.16999816894531,84.02999877929688,85
2026-05-23T08:34:56.846Z,45.16999816894531,84.02999877929688,85
2026-05-23T08:34:56.914Z,45.16999816894531,84.02999877929688,85
2026-05-23T08:34:56.982Z,45.16999816894531,84.02999877929688,85
2026-05-23T08:34:57.050Z,45.16999816894531,84.02999877929688,85
2026-05-23T08:34:57.118Z,45.16999816894531,84.02999877929688,85
2026-05-23T08:34:57.185Z,45.16999816894531,84.02999877929688,85
2026-05-23T08:34:57.253Z,45.16999816894531,84.02999877929688,85
2026-05-23T08:34:57.321Z,45.16999816894531,84.02999877929688,85
2026-05-23T08:34:57.390Z,45.16999816894531,84.02999877929688,85
2026-05-23T08:34:57.458Z,45.16999816894531,84.02999877929688,85
2026-05-23T08:34:57.525Z,45.16999816894531,84.02999877929688,85
2026-05-23T08:34:57.593Z,45.16999816894531,84.02999877929688,85
2026-05-23T08:34:57.661Z,45.16999816894531,84.02999877929688,85
2026-05-23T08:34:57.729Z,45.16999816894531,84.02999877929688,85
2026-05-23T08:34:57.797Z,45.16999816894531,84.02999877929688,85
2026-05-23T08:34:57.865Z,45.16999816894531,84.02999877929688,85
2026-05-23T08:34:57.933Z,45.16999816894531,84.02999877929688,85
2026-05-23T08:34:58.001Z,45.16999816894531,84.02999877929688,85
2026-05-23T08:34:58.069Z,45.16999816894531,84.02999877929688,85
2026-05-23T08:34:58.137Z,45.16999816894531,84.02999877929688,85
2026-05-23T08:34:58.205Z,45.16999816894531,84.02999877929688,85
2026-05-23T08:34:58.273Z,45.16999816894531,84.02999877929688,85
2026-05-23T08:34:58.341Z,45.16999816894531,84.02999877929688,85
2026-05-23T08:34:58.409Z,45.16999816894531,84.02999877929688,85
2026-05-23T08:34:58.477Z,45.16999816894531,84.02999877929688,85
2026-05-23T08:34:58.545Z,45.16999816894531,84.02999877929688,85
2026-05-23T08:34:58.613Z,45.16999816894531,84.02999877929688,85
2026-05-23T08:34:58.680Z,45.16999816894531,84.02999877929688,85
2026-05-23T08:34:58.748Z,45.16999816894531,84.02999877929688,85
2026-05-23T08:34:58.816Z,45.16999816894531,84.02999877929688,85
2026-05-23T08:34:58.884Z,45.16999816894531,84.02999877929688,85
2026-05-23T08:34:58.952Z,45.16999816894531,84.02999877929688,85
2026-05-23T08:34:59.020Z,45.16999816894531,84.02999877929688,85
2026-05-23T08:34:59.088Z,45.16999816894531,84.02999877929688,85
2026-05-23T08:34:59.157Z,45.16999816894531,84.02999877929688,85
2026-05-23T08:34:59.224Z,45.16999816894531,84.02999877929688,85
2026-05-23T08:34:59.292Z,45.16999816894531,84.02999877929688,85
2026-05-23T08:34:59.360Z,45.16999816894531,84.02999877929688,85
2026-05-23T08:34:59.428Z,45.16999816894531,84.02999877929688,85
2026-05-23T08:34:59.496Z,45.16999816894531,84.02999877929688,85
2026-05-23T08:34:59.564Z,45.16999816894531,84.02999877929688,85
2026-05-23T08:34:59.632Z,45.16999816894531,84.02999877929688,85
2026-05-23T08:34:59.700Z,45.16999816894531,84.02999877929688,85
2026-05-23T08:34:59.768Z,45.16999816894531,84.02999877929688,85
2026-05-23T08:34:59.836Z,45.16999816894531,84.02999877929688,85
2026-05-23T08:34:59.904Z,45.16999816894531,84.02999877929688,85
2026-05-23T08:34:59.972Z,45.16999816894531,84.02999877929688,85
2026-05-23T08:35:00.040Z,45.16999816894531,84.02999877929688,85
2026-05-23T08:35:00.108Z,45.16999816894531,84.02999877929688,85
2026-05-23T08:35:00.176Z,45.16999816894531,84.02999877929688,85
2026-05-23T08:35:00.244Z,45.16999816894531,84.02999877929688,85
2026-05-23T08:35:00.311Z,45.16999816894531,84.02999877929688,85
2026-05-23T08:35:00.379Z,45.16999816894531,84.02999877929688,85
2026-05-23T08:35:00.447Z,45.16999816894531,84.02999877929688,85
2026-05-23T08:35:00.515Z,45.16999816894531,84.37999725341797,85
2026-05-23T08:35:00.583Z,41.93000030517578,84.37999725341797,85
2026-05-23T08:35:00.651Z,43.290000915527344,84.37999725341797,85
2026-05-23T08:35:00.719Z,43.290000915527344,84.37999725341797,85
2026-05-23T08:35:00.787Z,43.290000915527344,84.37999725341797,85
2026-05-23T08:35:00.855Z,43.290000915527344,84.37999725341797,85
2026-05-23T08:35:00.923Z,43.290000915527344,84.37999725341797,85
2026-05-23T08:35:00.991Z,43.290000915527344,84.37999725341797,85
2026-05-23T08:35:01.059Z,43.290000915527344,84.37999725341797,85
2026-05-23T08:35:01.127Z,43.290000915527344,84.37999725341797,85
2026-05-23T08:35:01.195Z,43.290000915527344,84.37999725341797,85
2026-05-23T08:35:01.263Z,43.290000915527344,84.37999725341797,85
2026-05-23T08:35:01.331Z,43.290000915527344,84.37999725341797,85
2026-05-23T08:35:01.399Z,43.290000915527344,84.37999725341797,85
2026-05-23T08:35:01.467Z,43.290000915527344,84.37999725341797,85
2026-05-23T08:35:01.535Z,43.290000915527344,84.37999725341797,85
2026-05-23T08:35:01.603Z,43.290000915527344,84.37999725341797,85
2026-05-23T08:35:01.671Z,43.290000915527344,84.37999725341797,85
2026-05-23T08:35:01.738Z,43.290000915527344,84.37999725341797,85
2026-05-23T08:35:01.807Z,43.290000915527344,84.37999725341797,85
2026-05-23T08:35:01.875Z,43.290000915527344,84.37999725341797,85
2026-05-23T08:35:01.943Z,43.290000915527344,84.37999725341797,85
2026-05-23T08:35:02.010Z,43.290000915527344,84.37999725341797,85
2026-05-23T08:35:02.078Z,43.290000915527344,84.37999725341797,85
2026-05-23T08:35:02.146Z,43.290000915527344,84.37999725341797,85
2026-05-23T08:35:02.214Z,43.290000915527344,84.37999725341797,85
2026-05-23T08:35:02.282Z,43.290000915527344,84.37999725341797,85
2026-05-23T08:35:02.350Z,43.290000915527344,84.37999725341797,85
2026-05-23T08:35:02.418Z,43.290000915527344,84.37999725341797,85
2026-05-23T08:35:02.486Z,43.290000915527344,84.37999725341797,85
2026-05-23T08:35:02.556Z,43.290000915527344,84.37999725341797,85
2026-05-23T08:35:02.622Z,43.290000915527344,84.37999725341797,85
2026-05-23T08:35:02.690Z,43.290000915527344,84.37999725341797,85
2026-05-23T08:35:02.758Z,43.290000915527344,84.37999725341797,85
2026-05-23T08:35:02.826Z,43.290000915527344,84.37999725341797,85
2026-05-23T08:35:02.894Z,43.290000915527344,84.37999725341797,85
2026-05-23T08:35:02.962Z,43.290000915527344,84.37999725341797,85
2026-05-23T08:35:03.030Z,43.290000915527344,84.37999725341797,85
2026-05-23T08:35:03.098Z,43.290000915527344,84.37999725341797,85
2026-05-23T08:35:03.166Z,43.290000915527344,84.37999725341797,85
2026-05-23T08:35:03.233Z,43.290000915527344,84.37999725341797,85
2026-05-23T08:35:03.301Z,43.290000915527344,84.37999725341797,85
2026-05-23T08:35:03.369Z,43.290000915527344,84.37999725341797,85
2026-05-23T08:35:03.437Z,43.290000915527344,84.37999725341797,85
2026-05-23T08:35:03.505Z,43.290000915527344,84.37999725341797,85
2026-05-23T08:35:03.573Z,43.290000915527344,84.37999725341797,85
2026-05-23T08:35:03.642Z,43.290000915527344,84.37999725341797,85
2026-05-23T08:35:03.709Z,43.290000915527344,84.37999725341797,85
2026-05-23T08:35:03.777Z,43.290000915527344,84.37999725341797,85
2026-05-23T08:35:03.883Z,43.290000915527344,84.37999725341797,85
2026-05-23T08:35:03.915Z,43.290000915527344,84.37999725341797,85
2026-05-23T08:35:03.981Z,43.290000915527344,84.37999725341797,85
2026-05-23T08:35:04.049Z,43.290000915527344,84.37999725341797,85
2026-05-23T08:35:04.117Z,43.290000915527344,84.37999725341797,85
2026-05-23T08:35:04.185Z,43.290000915527344,84.37999725341797,85
2026-05-23T08:35:04.253Z,43.290000915527344,84.37999725341797,85
2026-05-23T08:35:04.321Z,43.290000915527344,84.37999725341797,85
2026-05-23T08:35:04.389Z,43.290000915527344,84.37999725341797,85
2026-05-23T08:35:04.457Z,43.290000915527344,84.37999725341797,85
2026-05-23T08:35:04.525Z,43.290000915527344,84.37999725341797,85
2026-05-23T08:35:04.593Z,43.290000915527344,84.37999725341797,85
2026-05-23T08:35:04.661Z,43.290000915527344,84.37999725341797,85
2026-05-23T08:35:04.729Z,43.290000915527344,84.37999725341797,85
2026-05-23T08:35:04.796Z,43.290000915527344,84.37999725341797,85
2026-05-23T08:35:04.864Z,43.290000915527344,84.37999725341797,85
2026-05-23T08:35:04.932Z,43.290000915527344,84.37999725341797,85
2026-05-23T08:35:05.000Z,43.290000915527344,84.37999725341797,85
2026-05-23T08:35:05.068Z,43.290000915527344,84.37999725341797,85
2026-05-23T08:35:05.136Z,43.290000915527344,84.37999725341797,85
2026-05-23T08:35:05.204Z,43.290000915527344,84.37999725341797,85
2026-05-23T08:35:05.272Z,43.290000915527344,84.37999725341797,85
2026-05-23T08:35:05.340Z,43.290000915527344,84.37999725341797,85
2026-05-23T08:35:05.408Z,43.290000915527344,84.37999725341797,85
2026-05-23T08:35:05.476Z,43.290000915527344,84.37999725341797,85
2026-05-23T08:35:05.544Z,43.290000915527344,84.37999725341797,85
2026-05-23T08:35:05.612Z,43.290000915527344,84.37999725341797,85
2026-05-23T08:35:05.680Z,43.290000915527344,84.37999725341797,85
2026-05-23T08:35:05.748Z,43.290000915527344,84.37999725341797,85
2026-05-23T08:35:05.816Z,43.290000915527344,84.37999725341797,85
2026-05-23T08:35:05.884Z,43.290000915527344,84.37999725341797,85
2026-05-23T08:35:05.952Z,43.290000915527344,84.37999725341797,85
2026-05-23T08:35:06.020Z,43.290000915527344,84.37999725341797,85
2026-05-23T08:35:06.088Z,43.290000915527344,84.37999725341797,85
2026-05-23T08:35:06.156Z,43.290000915527344,84.37999725341797,85
2026-05-23T08:35:06.224Z,43.290000915527344,84.37999725341797,85
2026-05-23T08:35:06.292Z,43.290000915527344,84.37999725341797,85
2026-05-23T08:35:06.359Z,43.290000915527344,84.37999725341797,85
2026-05-23T08:35:06.427Z,43.290000915527344,84.37999725341797,85
2026-05-23T08:35:06.495Z,43.290000915527344,84.37999725341797,85
2026-05-23T08:35:06.563Z,43.290000915527344,84.37999725341797,85
2026-05-23T08:35:06.631Z,43.290000915527344,84.37999725341797,85
2026-05-23T08:35:06.699Z,43.290000915527344,84.37999725341797,85
2026-05-23T08:35:06.767Z,43.290000915527344,84.37999725341797,85
2026-05-23T08:35:06.835Z,43.290000915527344,84.37999725341797,85
2026-05-23T08:35:06.903Z,43.290000915527344,84.37999725341797,85
2026-05-23T08:35:06.971Z,43.290000915527344,84.37999725341797,85
2026-05-23T08:35:07.039Z,43.290000915527344,84.37999725341797,85
2026-05-23T08:35:07.107Z,43.290000915527344,84.37999725341797,85
2026-05-23T08:35:07.175Z,43.290000915527344,84.37999725341797,85
2026-05-23T08:35:07.243Z,43.290000915527344,84.37999725341797,85
2026-05-23T08:35:07.311Z,43.290000915527344,84.37999725341797,85
2026-05-23T08:35:07.379Z,43.290000915527344,84.37999725341797,85
2026-05-23T08:35:07.447Z,43.290000915527344,84.37999725341797,85
2026-05-23T08:35:07.515Z,43.290000915527344,84.37999725341797,85
2026-05-23T08:35:07.583Z,43.290000915527344,84.37999725341797,85
2026-05-23T08:35:07.651Z,43.290000915527344,84.37999725341797,85
2026-05-23T08:35:07.718Z,43.290000915527344,84.37999725341797,85
2026-05-23T08:35:07.786Z,43.290000915527344,84.37999725341797,85
2026-05-23T08:35:07.854Z,43.290000915527344,84.37999725341797,85
2026-05-23T08:35:07.922Z,43.290000915527344,84.37999725341797,85
2026-05-23T08:35:07.990Z,43.290000915527344,84.37999725341797,85
2026-05-23T08:35:08.059Z,43.290000915527344,84.37999725341797,85
2026-05-23T08:35:08.126Z,43.290000915527344,84.37999725341797,85
2026-05-23T08:35:08.194Z,43.290000915527344,84.37999725341797,85
2026-05-23T08:35:08.262Z,43.290000915527344,84.37999725341797,85
2026-05-23T08:35:08.330Z,43.290000915527344,84.37999725341797,85
2026-05-23T08:35:08.398Z,43.290000915527344,84.37999725341797,85
2026-05-23T08:35:08.466Z,43.290000915527344,84.37999725341797,85
2026-05-23T08:35:08.534Z,43.290000915527344,84.37999725341797,85
2026-05-23T08:35:08.602Z,43.290000915527344,84.37999725341797,85
2026-05-23T08:35:08.670Z,43.290000915527344,84.37999725341797,85
2026-05-23T08:35:08.738Z,43.290000915527344,84.37999725341797,85
2026-05-23T08:35:08.806Z,43.290000915527344,84.37999725341797,85
2026-05-23T08:35:08.874Z,43.290000915527344,84.37999725341797,85
2026-05-23T08:35:08.942Z,43.290000915527344,84.37999725341797,85
2026-05-23T08:35:09.010Z,43.290000915527344,84.37999725341797,85
2026-05-23T08:35:09.078Z,43.290000915527344,84.37999725341797,85
2026-05-23T08:35:09.146Z,43.290000915527344,84.37999725341797,85
2026-05-23T08:35:09.214Z,43.290000915527344,84.37999725341797,85
2026-05-23T08:35:09.281Z,43.290000915527344,84.37999725341797,85
2026-05-23T08:35:09.349Z,43.290000915527344,84.37999725341797,85
2026-05-23T08:35:09.418Z,43.290000915527344,84.37999725341797,85
2026-05-23T08:35:09.485Z,43.290000915527344,84.37999725341797,85
2026-05-23T08:35:09.553Z,43.290000915527344,84.37999725341797,85
2026-05-23T08:35:09.621Z,43.290000915527344,84.37999725341797,85
2026-05-23T08:35:09.689Z,43.290000915527344,84.37999725341797,85
2026-05-23T08:35:09.757Z,43.290000915527344,84.37999725341797,85
2026-05-23T08:35:09.825Z,43.290000915527344,84.37999725341797,85
2026-05-23T08:35:09.893Z,43.290000915527344,84.37999725341797,85
2026-05-23T08:35:09.961Z,43.290000915527344,84.37999725341797,85
2026-05-23T08:35:10.029Z,43.290000915527344,84.37999725341797,85
2026-05-23T08:35:10.097Z,43.290000915527344,84.37999725341797,85
2026-05-23T08:35:10.165Z,43.290000915527344,84.37999725341797,85
2026-05-23T08:35:10.233Z,43.290000915527344,84.37999725341797,85
2026-05-23T08:35:10.301Z,43.290000915527344,84.37999725341797,85
2026-05-23T08:35:10.369Z,43.290000915527344,84.37999725341797,85
2026-05-23T08:35:10.437Z,43.290000915527344,84.37999725341797,85
2026-05-23T08:35:10.505Z,43.290000915527344,84.37999725341797,85
2026-05-23T08:35:10.573Z,43.290000915527344,84.37999725341797,85
2026-05-23T08:35:10.641Z,43.290000915527344,84.37999725341797,85
2026-05-23T08:35:10.709Z,43.290000915527344,84.37999725341797,85
2026-05-23T08:35:10.777Z,43.290000915527344,84.37999725341797,85
2026-05-23T08:35:10.845Z,43.290000915527344,84.37999725341797,85
2026-05-23T08:35:10.912Z,43.290000915527344,84.37999725341797,85
2026-05-23T08:35:10.980Z,43.290000915527344,84.37999725341797,85
2026-05-23T08:35:11.048Z,43.290000915527344,84.37999725341797,85
2026-05-23T08:35:11.116Z,43.290000915527344,84.37999725341797,85
2026-05-23T08:35:11.184Z,43.290000915527344,84.37999725341797,85
2026-05-23T08:35:11.252Z,43.290000915527344,84.37999725341797,85
2026-05-23T08:35:11.320Z,43.290000915527344,84.37999725341797,85
2026-05-23T08:35:11.388Z,43.290000915527344,84.37999725341797,85
2026-05-23T08:35:11.456Z,43.290000915527344,84.37999725341797,85
2026-05-23T08:35:11.524Z,43.290000915527344,84.37999725341797,85
2026-05-23T08:35:11.592Z,43.290000915527344,84.37999725341797,85
2026-05-23T08:35:11.660Z,43.290000915527344,84.37999725341797,85
2026-05-23T08:35:11.728Z,43.290000915527344,84.37999725341797,85
2026-05-23T08:35:11.796Z,43.290000915527344,84.37999725341797,85
2026-05-23T08:35:11.864Z,43.290000915527344,84.37999725341797,85
2026-05-23T08:35:11.932Z,43.290000915527344,84.37999725341797,85
2026-05-23T08:35:12.000Z,43.290000915527344,84.37999725341797,85
2026-05-23T08:35:12.068Z,43.290000915527344,84.37999725341797,85
2026-05-23T08:35:12.136Z,43.290000915527344,84.37999725341797,85
2026-05-23T08:35:12.207Z,43.290000915527344,84.37999725341797,85
2026-05-23T08:35:12.271Z,43.290000915527344,84.37999725341797,85
2026-05-23T08:35:12.339Z,43.290000915527344,84.37999725341797,85
2026-05-23T08:35:12.407Z,43.290000915527344,84.37999725341797,85
2026-05-23T08:35:12.475Z,43.290000915527344,84.37999725341797,85
2026-05-23T08:35:12.544Z,43.290000915527344,84.37999725341797,85
2026-05-23T08:35:12.612Z,43.290000915527344,84.37999725341797,85
2026-05-23T08:35:12.679Z,43.290000915527344,84.37999725341797,85
2026-05-23T08:35:12.747Z,43.290000915527344,84.37999725341797,85
2026-05-23T08:35:12.815Z,43.290000915527344,84.37999725341797,85
2026-05-23T08:35:12.883Z,43.290000915527344,84.37999725341797,85
2026-05-23T08:35:12.951Z,43.290000915527344,84.37999725341797,85
2026-05-23T08:35:13.020Z,43.290000915527344,84.37999725341797,85
2026-05-23T08:35:13.098Z,43.290000915527344,84.37999725341797,85
2026-05-23T08:35:13.170Z,43.290000915527344,84.37999725341797,85
2026-05-23T08:35:13.223Z,43.290000915527344,84.37999725341797,85
2026-05-23T08:35:13.291Z,43.290000915527344,84.37999725341797,85
2026-05-23T08:35:13.359Z,43.290000915527344,84.37999725341797,85
2026-05-23T08:35:13.427Z,43.290000915527344,84.37999725341797,85
2026-05-23T08:35:13.495Z,43.290000915527344,84.37999725341797,85
2026-05-23T08:35:13.563Z,43.290000915527344,84.37999725341797,85
2026-05-23T08:35:13.631Z,43.290000915527344,84.37999725341797,85
2026-05-23T08:35:13.699Z,43.290000915527344,84.37999725341797,85
2026-05-23T08:35:13.766Z,43.290000915527344,84.37999725341797,85
2026-05-23T08:35:13.835Z,43.290000915527344,84.37999725341797,85
2026-05-23T08:35:13.902Z,43.290000915527344,84.37999725341797,85
2026-05-23T08:35:13.970Z,43.290000915527344,84.37999725341797,85
2026-05-23T08:35:14.038Z,43.290000915527344,84.37999725341797,85
2026-05-23T08:35:14.106Z,43.290000915527344,84.37999725341797,85
2026-05-23T08:35:14.174Z,43.290000915527344,84.37999725341797,85
2026-05-23T08:35:14.242Z,43.290000915527344,84.37999725341797,85
2026-05-23T08:35:14.310Z,43.290000915527344,84.37999725341797,85
2026-05-23T08:35:14.378Z,43.290000915527344,84.37999725341797,85
2026-05-23T08:35:14.446Z,43.290000915527344,84.37999725341797,85
2026-05-23T08:35:14.514Z,43.290000915527344,84.37999725341797,85
2026-05-23T08:35:14.582Z,43.290000915527344,84.37999725341797,85
2026-05-23T08:35:14.650Z,43.290000915527344,84.37999725341797,85
2026-05-23T08:35:14.718Z,43.290000915527344,84.37999725341797,85
2026-05-23T08:35:14.786Z,43.290000915527344,84.37999725341797,85
2026-05-23T08:35:14.854Z,43.290000915527344,84.37999725341797,85
2026-05-23T08:35:14.922Z,43.290000915527344,84.37999725341797,85
2026-05-23T08:35:14.990Z,43.290000915527344,84.37999725341797,85
2026-05-23T08:35:15.058Z,43.290000915527344,84.37999725341797,85
2026-05-23T08:35:15.126Z,43.290000915527344,84.37999725341797,85
2026-05-23T08:35:15.194Z,43.290000915527344,84.37999725341797,85
2026-05-23T08:35:15.262Z,43.290000915527344,84.37999725341797,85
2026-05-23T08:35:15.330Z,43.290000915527344,84.37999725341797,85
2026-05-23T08:35:15.397Z,43.290000915527344,84.37999725341797,85
2026-05-23T08:35:15.466Z,43.290000915527344,84.37999725341797,85
2026-05-23T08:35:15.533Z,43.290000915527344,84.37999725341797,85
2026-05-23T08:35:15.601Z,43.290000915527344,84.37999725341797,85
2026-05-23T08:35:15.669Z,43.290000915527344,84.37999725341797,85
2026-05-23T08:35:15.737Z,43.290000915527344,84.37999725341797,85
2026-05-23T08:35:15.805Z,43.290000915527344,84.37999725341797,85
2026-05-23T08:35:15.873Z,43.290000915527344,84.37999725341797,85
2026-05-23T08:35:15.941Z,43.290000915527344,84.37999725341797,85
2026-05-23T08:35:16.009Z,43.290000915527344,84.37999725341797,85
2026-05-23T08:35:16.077Z,43.290000915527344,84.37999725341797,85
2026-05-23T08:35:16.145Z,43.290000915527344,84.37999725341797,85
2026-05-23T08:35:16.213Z,43.290000915527344,84.37999725341797,85
2026-05-23T08:35:16.281Z,43.290000915527344,84.37999725341797,85
2026-05-23T08:35:16.349Z,43.290000915527344,84.37999725341797,85
2026-05-23T08:35:16.417Z,43.290000915527344,84.37999725341797,85
2026-05-23T08:35:16.485Z,43.290000915527344,84.37999725341797,85
2026-05-23T08:35:16.553Z,43.290000915527344,84.37999725341797,85
2026-05-23T08:35:16.621Z,43.290000915527344,84.37999725341797,85
2026-05-23T08:35:16.689Z,43.290000915527344,84.73999786376953,85
2026-05-23T08:35:16.757Z,40.02000045776367,84.73999786376953,85
2026-05-23T08:35:16.824Z,41.400001525878906,84.73999786376953,85
2026-05-23T08:35:16.892Z,41.400001525878906,84.73999786376953,85
2026-05-23T08:35:16.961Z,41.400001525878906,84.73999786376953,85
2026-05-23T08:35:17.029Z,41.400001525878906,84.73999786376953,85
2026-05-23T08:35:17.097Z,41.400001525878906,84.73999786376953,85
2026-05-23T08:35:17.164Z,41.400001525878906,84.73999786376953,85
2026-05-23T08:35:17.232Z,41.400001525878906,84.73999786376953,85
2026-05-23T08:35:17.300Z,41.400001525878906,84.73999786376953,85
2026-05-23T08:35:17.368Z,41.400001525878906,84.73999786376953,85
2026-05-23T08:35:17.436Z,41.400001525878906,84.73999786376953,85
2026-05-23T08:35:17.504Z,41.400001525878906,84.73999786376953,85
2026-05-23T08:35:17.572Z,41.400001525878906,84.73999786376953,85
2026-05-23T08:35:17.640Z,41.400001525878906,84.73999786376953,85
2026-05-23T08:35:17.708Z,41.400001525878906,84.73999786376953,85
2026-05-23T08:35:17.776Z,41.400001525878906,84.73999786376953,85
2026-05-23T08:35:17.844Z,41.400001525878906,84.73999786376953,85
2026-05-23T08:35:17.913Z,41.400001525878906,84.73999786376953,85
2026-05-23T08:35:17.980Z,41.400001525878906,84.73999786376953,85
2026-05-23T08:35:18.048Z,41.400001525878906,85.0999984741211,85
2026-05-23T08:35:18.116Z,38.11000061035156,85.0999984741211,85
2026-05-23T08:35:18.184Z,39.470001220703125,85.0999984741211,85
2026-05-23T08:35:18.251Z,39.470001220703125,85.0999984741211,85
2026-05-23T08:35:18.320Z,39.470001220703125,85.0999984741211,85
2026-05-23T08:35:18.388Z,39.459999084472656,85.0999984741211,85
2026-05-23T08:35:18.455Z,39.459999084472656,85.0999984741211,85
2026-05-23T08:35:18.523Z,39.459999084472656,85.0999984741211,85
2026-05-23T08:35:18.591Z,39.45000076293945,85.0999984741211,85
2026-05-23T08:35:18.659Z,39.45000076293945,85.0999984741211,85
2026-05-23T08:35:18.727Z,39.45000076293945,85.0999984741211,85
2026-05-23T08:35:18.796Z,39.439998626708984,85.0999984741211,85
2026-05-23T08:35:18.863Z,39.439998626708984,85.0999984741211,85
2026-05-23T08:35:18.931Z,39.439998626708984,85.0999984741211,85
2026-05-23T08:35:18.999Z,39.43000030517578,85.0999984741211,85
2026-05-23T08:35:19.067Z,39.43000030517578,85.0999984741211,85
2026-05-23T08:35:19.135Z,39.43000030517578,85.0999984741211,85
2026-05-23T08:35:19.203Z,39.41999816894531,85.0999984741211,85
2026-05-23T08:35:19.271Z,39.41999816894531,85.0999984741211,85
2026-05-23T08:35:19.339Z,39.41999816894531,85.0999984741211,85
2026-05-23T08:35:19.407Z,39.40999984741211,85.0999984741211,85
2026-05-23T08:35:19.476Z,39.40999984741211,85.0999984741211,85
2026-05-23T08:35:19.543Z,39.40999984741211,85.0999984741211,85
2026-05-23T08:35:19.611Z,39.400001525878906,85.0999984741211,85
2026-05-23T08:35:19.680Z,39.400001525878906,85.0999984741211,85
2026-05-23T08:35:19.747Z,39.400001525878906,85.0999984741211,85
2026-05-23T08:35:19.815Z,39.38999938964844,85.0999984741211,85
2026-05-23T08:35:19.882Z,39.38999938964844,85.0999984741211,85
2026-05-23T08:35:19.950Z,39.38999938964844,85.0999984741211,85
2026-05-23T08:35:20.028Z,39.380001068115234,85.0999984741211,85
2026-05-23T08:35:20.133Z,39.380001068115234,85.0999984741211,85
2026-05-23T08:35:20.154Z,39.380001068115234,85.0999984741211,85
2026-05-23T08:35:20.222Z,39.369998931884766,85.0999984741211,85
2026-05-23T08:35:20.290Z,39.369998931884766,85.0999984741211,85
2026-05-23T08:35:20.358Z,39.369998931884766,85.0999984741211,85
2026-05-23T08:35:20.426Z,39.36000061035156,85.0999984741211,85
2026-05-23T08:35:20.494Z,39.36000061035156,85.0999984741211,85
2026-05-23T08:35:20.562Z,39.36000061035156,85.0999984741211,85
2026-05-23T08:35:20.630Z,39.36000061035156,85.0999984741211,85
2026-05-23T08:35:20.698Z,39.349998474121094,85.0999984741211,85
2026-05-23T08:35:20.766Z,39.349998474121094,85.0999984741211,85
2026-05-23T08:35:20.834Z,39.349998474121094,85.0999984741211,85
2026-05-23T08:35:20.902Z,39.34000015258789,85.0999984741211,85
2026-05-23T08:35:20.970Z,39.34000015258789,85.0999984741211,85
2026-05-23T08:35:21.038Z,39.34000015258789,85.0999984741211,85
2026-05-23T08:35:21.106Z,39.33000183105469,85.0999984741211,85
2026-05-23T08:35:21.174Z,39.33000183105469,85.0999984741211,85
2026-05-23T08:35:21.249Z,39.33000183105469,85.0999984741211,85
2026-05-23T08:35:21.310Z,39.31999969482422,85.0999984741211,85
2026-05-23T08:35:21.377Z,39.31999969482422,85.0999984741211,85
2026-05-23T08:35:21.446Z,39.31999969482422,85.0999984741211,85
2026-05-23T08:35:21.514Z,39.310001373291016,85.0999984741211,85
2026-05-23T08:35:21.581Z,39.310001373291016,85.0999984741211,85
2026-05-23T08:35:21.649Z,39.310001373291016,85.0999984741211,85
2026-05-23T08:35:21.717Z,39.29999923706055,85.0999984741211,85
2026-05-23T08:35:21.785Z,39.29999923706055,85.0999984741211,85
2026-05-23T08:35:21.853Z,39.29999923706055,85.0999984741211,85
2026-05-23T08:35:21.921Z,39.290000915527344,85.0999984741211,85
2026-05-23T08:35:21.989Z,39.290000915527344,85.0999984741211,85
2026-05-23T08:35:22.057Z,39.290000915527344,85.0999984741211,85
2026-05-23T08:35:22.125Z,39.279998779296875,85.0999984741211,85
2026-05-23T08:35:22.193Z,39.279998779296875,85.0999984741211,85
2026-05-23T08:35:22.261Z,39.279998779296875,85.0999984741211,85
2026-05-23T08:35:22.329Z,39.27000045776367,85.0999984741211,85
2026-05-23T08:35:22.397Z,39.27000045776367,85.0999984741211,85
2026-05-23T08:35:22.465Z,39.27000045776367,85.0999984741211,85
2026-05-23T08:35:22.533Z,39.2599983215332,85.0999984741211,85
2026-05-23T08:35:22.601Z,39.2599983215332,85.0999984741211,85
2026-05-23T08:35:22.669Z,39.2599983215332,85.0999984741211,85
2026-05-23T08:35:22.737Z,39.25,85.0999984741211,85
2026-05-23T08:35:22.805Z,39.25,85.0999984741211,85
2026-05-23T08:35:22.872Z,39.25,85.0999984741211,85
2026-05-23T08:35:22.940Z,39.2400016784668,85.0999984741211,85
2026-05-23T08:35:23.008Z,39.2400016784668,85.0999984741211,85
2026-05-23T08:35:23.076Z,39.2400016784668,85.0999984741211,85
2026-05-23T08:35:23.144Z,39.22999954223633,85.0999984741211,85
2026-05-23T08:35:23.213Z,39.22999954223633,85.0999984741211,85
2026-05-23T08:35:23.282Z,39.22999954223633,85.0999984741211,85
2026-05-23T08:35:23.349Z,39.220001220703125,85.0999984741211,85
2026-05-23T08:35:23.416Z,39.220001220703125,85.0999984741211,85
2026-05-23T08:35:23.484Z,39.220001220703125,85.0999984741211,85
2026-05-23T08:35:23.552Z,39.209999084472656,85.0999984741211,85
2026-05-23T08:35:23.620Z,39.209999084472656,84.73999786376953,85
2026-05-23T08:35:23.688Z,42.5099983215332,84.73999786376953,85
2026-05-23T08:35:23.756Z,41.13999938964844,84.73999786376953,85
2026-05-23T08:35:23.824Z,41.150001525878906,84.73999786376953,85
2026-05-23T08:35:23.892Z,41.15999984741211,84.73999786376953,85
2026-05-23T08:35:23.960Z,41.16999816894531,84.73999786376953,85
2026-05-23T08:35:24.028Z,41.18000030517578,84.73999786376953,85
2026-05-23T08:35:24.096Z,41.189998626708984,84.73999786376953,85
2026-05-23T08:35:24.166Z,41.20000076293945,84.73999786376953,85
2026-05-23T08:35:24.232Z,41.209999084472656,84.73999786376953,85
2026-05-23T08:35:24.299Z,41.220001220703125,84.73999786376953,85
2026-05-23T08:35:24.368Z,41.220001220703125,84.73999786376953,85
2026-05-23T08:35:24.435Z,41.22999954223633,84.73999786376953,85
2026-05-23T08:35:24.503Z,41.2400016784668,84.73999786376953,85
2026-05-23T08:35:24.571Z,41.25,84.73999786376953,85
2026-05-23T08:35:24.639Z,41.2599983215332,84.73999786376953,85
2026-05-23T08:35:24.707Z,41.27000045776367,84.73999786376953,85
2026-05-23T08:35:24.775Z,41.279998779296875,84.73999786376953,85
2026-05-23T08:35:24.843Z,41.290000915527344,84.73999786376953,85
2026-05-23T08:35:24.911Z,41.290000915527344,84.73999786376953,85
2026-05-23T08:35:24.979Z,41.29999923706055,84.73999786376953,85
2026-05-23T08:35:25.051Z,41.310001373291016,84.73999786376953,85
2026-05-23T08:35:25.115Z,41.31999969482422,84.73999786376953,85
2026-05-23T08:35:25.183Z,41.33000183105469,84.73999786376953,85
2026-05-23T08:35:25.251Z,41.34000015258789,84.73999786376953,85
2026-05-23T08:35:25.319Z,41.349998474121094,84.73999786376953,85
2026-05-23T08:35:25.387Z,41.36000061035156,84.73999786376953,85
2026-05-23T08:35:25.455Z,41.369998931884766,84.73999786376953,85
2026-05-23T08:35:25.523Z,41.369998931884766,84.73999786376953,85
2026-05-23T08:35:25.591Z,41.380001068115234,84.73999786376953,85
2026-05-23T08:35:25.659Z,41.38999938964844,85.0999984741211,85
2026-05-23T08:35:25.727Z,38.08000183105469,85.0999984741211,85
2026-05-23T08:35:25.794Z,39.470001220703125,85.0999984741211,85
2026-05-23T08:35:25.862Z,39.470001220703125,85.0999984741211,85
2026-05-23T08:35:25.931Z,39.459999084472656,85.0999984741211,85
2026-05-23T08:35:25.999Z,39.459999084472656,85.0999984741211,85
2026-05-23T08:35:26.066Z,39.459999084472656,85.0999984741211,85
2026-05-23T08:35:26.134Z,39.45000076293945,85.0999984741211,85
2026-05-23T08:35:26.202Z,39.45000076293945,85.0999984741211,85
2026-05-23T08:35:26.270Z,39.45000076293945,85.0999984741211,85
2026-05-23T08:35:26.338Z,39.439998626708984,85.0999984741211,85
2026-05-23T08:35:26.406Z,39.439998626708984,85.0999984741211,85
2026-05-23T08:35:26.474Z,39.439998626708984,85.0999984741211,85
2026-05-23T08:35:26.542Z,39.43000030517578,85.0999984741211,85
2026-05-23T08:35:26.610Z,39.43000030517578,85.0999984741211,85
2026-05-23T08:35:26.678Z,39.43000030517578,85.0999984741211,85
2026-05-23T08:35:26.746Z,39.41999816894531,85.0999984741211,85
2026-05-23T08:35:26.815Z,39.41999816894531,85.0999984741211,85
2026-05-23T08:35:26.882Z,39.41999816894531,85.0999984741211,85
2026-05-23T08:35:26.950Z,39.40999984741211,85.0999984741211,85
2026-05-23T08:35:27.018Z,39.40999984741211,85.0999984741211,85
2026-05-23T08:35:27.086Z,39.40999984741211,85.0999984741211,85
2026-05-23T08:35:27.154Z,39.400001525878906,85.0999984741211,85
2026-05-23T08:35:27.222Z,39.400001525878906,85.0999984741211,85
2026-05-23T08:35:27.289Z,39.400001525878906,85.0999984741211,85
2026-05-23T08:35:27.357Z,39.38999938964844,84.73999786376953,85
2026-05-23T08:35:27.425Z,42.689998626708984,85.0999984741211,85
2026-05-23T08:35:27.493Z,38.029998779296875,85.0999984741211,85
2026-05-23T08:35:27.561Z,39.400001525878906,85.0999984741211,85
2026-05-23T08:35:27.629Z,39.38999938964844,84.73999786376953,85
2026-05-23T08:35:27.698Z,42.709999084472656,84.73999786376953,85
2026-05-23T08:35:27.778Z,41.33000183105469,85.0999984741211,85
2026-05-23T08:35:27.887Z,38.02000045776367,85.0999984741211,85
2026-05-23T08:35:27.924Z,39.400001525878906,85.0999984741211,85
2026-05-23T08:35:27.970Z,39.400001525878906,85.0999984741211,85
2026-05-23T08:35:28.037Z,39.400001525878906,85.0999984741211,85
2026-05-23T08:35:28.105Z,39.38999938964844,85.0999984741211,85
2026-05-23T08:35:28.173Z,39.38999938964844,85.0999984741211,85
2026-05-23T08:35:28.241Z,39.38999938964844,85.0999984741211,85
2026-05-23T08:35:28.309Z,39.380001068115234,85.0999984741211,85
2026-05-23T08:35:28.377Z,39.380001068115234,85.0999984741211,85
2026-05-23T08:35:28.445Z,39.380001068115234,85.0999984741211,85
2026-05-23T08:35:28.513Z,39.369998931884766,85.0999984741211,85
2026-05-23T08:35:28.586Z,39.369998931884766,85.0999984741211,85
2026-05-23T08:35:28.650Z,39.369998931884766,85.0999984741211,85
2026-05-23T08:35:28.717Z,39.36000061035156,85.0999984741211,85
2026-05-23T08:35:28.785Z,39.36000061035156,85.0999984741211,85
2026-05-23T08:35:28.852Z,39.36000061035156,85.0999984741211,85
2026-05-23T08:35:28.920Z,39.349998474121094,85.0999984741211,85
2026-05-23T08:35:28.988Z,39.349998474121094,85.0999984741211,85
2026-05-23T08:35:29.056Z,39.349998474121094,85.0999984741211,85
2026-05-23T08:35:29.124Z,39.34000015258789,85.0999984741211,85
2026-05-23T08:35:29.192Z,39.34000015258789,85.0999984741211,85
2026-05-23T08:35:29.260Z,39.34000015258789,85.0999984741211,85
2026-05-23T08:35:29.328Z,39.33000183105469,85.0999984741211,85
2026-05-23T08:35:29.396Z,39.33000183105469,85.0999984741211,85
2026-05-23T08:35:29.465Z,39.33000183105469,85.0999984741211,85
2026-05-23T08:35:29.532Z,39.31999969482422,85.0999984741211,85
2026-05-23T08:35:29.609Z,39.31999969482422,85.0999984741211,85
2026-05-23T08:35:29.668Z,39.31999969482422,85.0999984741211,85
2026-05-23T08:35:29.736Z,39.310001373291016,85.0999984741211,85
2026-05-23T08:35:29.804Z,39.310001373291016,85.0999984741211,85
2026-05-23T08:35:29.872Z,39.310001373291016,85.0999984741211,85
2026-05-23T08:35:29.940Z,39.29999923706055,85.0999984741211,85
2026-05-23T08:35:30.008Z,39.29999923706055,85.0999984741211,85
2026-05-23T08:35:30.076Z,39.29999923706055,85.0999984741211,85
2026-05-23T08:35:30.144Z,39.290000915527344,85.0999984741211,85
2026-05-23T08:35:30.212Z,39.290000915527344,85.0999984741211,85
2026-05-23T08:35:30.279Z,39.290000915527344,85.0999984741211,85
2026-05-23T08:35:30.347Z,39.290000915527344,85.0999984741211,85
2026-05-23T08:35:30.416Z,39.279998779296875,85.0999984741211,85
2026-05-23T08:35:30.484Z,39.279998779296875,85.0999984741211,85
2026-05-23T08:35:30.551Z,39.279998779296875,85.0999984741211,85
2026-05-23T08:35:30.619Z,39.27000045776367,85.0999984741211,85
2026-05-23T08:35:30.687Z,39.27000045776367,85.0999984741211,85
2026-05-23T08:35:30.755Z,39.27000045776367,85.0999984741211,85
2026-05-23T08:35:30.823Z,39.2599983215332,85.0999984741211,85
2026-05-23T08:35:30.891Z,39.2599983215332,85.0999984741211,85
2026-05-23T08:35:30.959Z,39.2599983215332,85.0999984741211,85
2026-05-23T08:35:31.027Z,39.25,85.0999984741211,85
2026-05-23T08:35:31.095Z,39.25,85.0999984741211,85
2026-05-23T08:35:31.163Z,39.25,85.0999984741211,85
2026-05-23T08:35:31.231Z,39.2400016784668,84.73999786376953,85
2026-05-23T08:35:31.299Z,42.560001373291016,84.73999786376953,85
2026-05-23T08:35:31.367Z,41.18000030517578,84.73999786376953,85
2026-05-23T08:35:31.435Z,41.18000030517578,84.73999786376953,85
2026-05-23T08:35:31.503Z,41.189998626708984,84.73999786376953,85
2026-05-23T08:35:31.571Z,41.20000076293945,84.73999786376953,85
2026-05-23T08:35:31.639Z,41.209999084472656,84.73999786376953,85
2026-05-23T08:35:31.707Z,41.220001220703125,84.73999786376953,85
2026-05-23T08:35:31.774Z,41.22999954223633,84.73999786376953,85
2026-05-23T08:35:31.842Z,41.2400016784668,84.73999786376953,85
2026-05-23T08:35:31.910Z,41.25,84.73999786376953,85
2026-05-23T08:35:31.978Z,41.2599983215332,84.73999786376953,85
2026-05-23T08:35:32.054Z,41.2599983215332,84.73999786376953,85
2026-05-23T08:35:32.114Z,41.27000045776367,84.73999786376953,85
2026-05-23T08:35:32.183Z,41.279998779296875,84.73999786376953,85
2026-05-23T08:35:32.253Z,41.290000915527344,84.73999786376953,85
2026-05-23T08:35:32.318Z,41.29999923706055,84.73999786376953,85
2026-05-23T08:35:32.386Z,41.310001373291016,84.73999786376953,85
2026-05-23T08:35:32.454Z,41.31999969482422,84.73999786376953,85
2026-05-23T08:35:32.522Z,41.33000183105469,84.73999786376953,85
2026-05-23T08:35:32.590Z,41.33000183105469,84.73999786376953,85
2026-05-23T08:35:32.658Z,41.34000015258789,84.73999786376953,85
2026-05-23T08:35:32.726Z,41.349998474121094,84.73999786376953,85
2026-05-23T08:35:32.794Z,41.36000061035156,84.73999786376953,85
2026-05-23T08:35:32.862Z,41.369998931884766,84.73999786376953,85
2026-05-23T08:35:32.930Z,41.380001068115234,84.73999786376953,85
2026-05-23T08:35:32.998Z,41.38999938964844,84.73999786376953,85
2026-05-23T08:35:33.066Z,41.400001525878906,84.73999786376953,85
2026-05-23T08:35:33.136Z,41.400001525878906,84.73999786376953,85
2026-05-23T08:35:33.202Z,41.400001525878906,84.73999786376953,85
2026-05-23T08:35:33.269Z,41.400001525878906,84.73999786376953,85
2026-05-23T08:35:33.337Z,41.400001525878906,85.0999984741211,85
2026-05-23T08:35:33.405Z,38.09000015258789,85.0999984741211,85
2026-05-23T08:35:33.473Z,39.470001220703125,85.0999984741211,85
2026-05-23T08:35:33.541Z,39.470001220703125,85.0999984741211,85
2026-05-23T08:35:33.609Z,39.470001220703125,85.0999984741211,85
2026-05-23T08:35:33.677Z,39.459999084472656,85.0999984741211,85
2026-05-23T08:35:33.745Z,39.459999084472656,85.0999984741211,85
2026-05-23T08:35:33.813Z,39.459999084472656,85.0999984741211,85
2026-05-23T08:35:33.881Z,39.45000076293945,85.0999984741211,85
2026-05-23T08:35:33.950Z,39.45000076293945,85.0999984741211,85
2026-05-23T08:35:34.017Z,39.45000076293945,85.0999984741211,85
2026-05-23T08:35:34.085Z,39.439998626708984,85.0999984741211,85
2026-05-23T08:35:34.153Z,39.439998626708984,85.0999984741211,85
2026-05-23T08:35:34.221Z,39.439998626708984,85.0999984741211,85
2026-05-23T08:35:34.289Z,39.43000030517578,85.0999984741211,85
2026-05-23T08:35:34.357Z,39.43000030517578,85.0999984741211,85
2026-05-23T08:35:34.425Z,39.43000030517578,85.0999984741211,85
2026-05-23T08:35:34.493Z,39.41999816894531,85.0999984741211,85
2026-05-23T08:35:34.561Z,39.41999816894531,84.73999786376953,85
2026-05-23T08:35:34.629Z,42.720001220703125,84.73999786376953,85
2026-05-23T08:35:34.697Z,41.349998474121094,84.73999786376953,85
2026-05-23T08:35:34.764Z,41.36000061035156,84.73999786376953,85
2026-05-23T08:35:34.854Z,41.369998931884766,85.0999984741211,85
2026-05-23T08:35:34.900Z,38.060001373291016,85.0999984741211,85
2026-05-23T08:35:34.968Z,39.45000076293945,85.0999984741211,85
2026-05-23T08:35:35.036Z,39.45000076293945,85.0999984741211,85
2026-05-23T08:35:35.104Z,39.439998626708984,85.0999984741211,85
2026-05-23T08:35:35.172Z,39.439998626708984,85.0999984741211,85
2026-05-23T08:35:35.240Z,39.439998626708984,85.0999984741211,85
2026-05-23T08:35:35.308Z,39.43000030517578,85.0999984741211,85
2026-05-23T08:35:35.376Z,39.43000030517578,85.0999984741211,85
2026-05-23T08:35:35.444Z,39.43000030517578,85.0999984741211,85
2026-05-23T08:35:35.512Z,39.41999816894531,85.0999984741211,85
2026-05-23T08:35:35.580Z,39.41999816894531,85.0999984741211,85
2026-05-23T08:35:35.648Z,39.41999816894531,85.0999984741211,85
2026-05-23T08:35:35.716Z,39.40999984741211,85.0999984741211,85
2026-05-23T08:35:35.784Z,39.40999984741211,85.0999984741211,85
2026-05-23T08:35:35.852Z,39.40999984741211,85.0999984741211,85
2026-05-23T08:35:35.920Z,39.400001525878906,85.0999984741211,85
2026-05-23T08:35:35.988Z,39.400001525878906,85.0999984741211,85
2026-05-23T08:35:36.056Z,39.400001525878906,85.0999984741211,85
2026-05-23T08:35:36.124Z,39.38999938964844,85.0999984741211,85
2026-05-23T08:35:36.191Z,39.38999938964844,85.0999984741211,85
2026-05-23T08:35:36.259Z,39.38999938964844,85.0999984741211,85
2026-05-23T08:35:36.327Z,39.380001068115234,85.0999984741211,85
2026-05-23T08:35:36.395Z,39.380001068115234,85.0999984741211,85
2026-05-23T08:35:36.463Z,39.380001068115234,85.0999984741211,85
2026-05-23T08:35:36.531Z,39.369998931884766,85.0999984741211,85
2026-05-23T08:35:36.599Z,39.369998931884766,85.0999984741211,85
2026-05-23T08:35:36.668Z,39.369998931884766,85.0999984741211,85
2026-05-23T08:35:36.735Z,39.36000061035156,85.0999984741211,85
2026-05-23T08:35:36.803Z,39.36000061035156,85.0999984741211,85
2026-05-23T08:35:36.871Z,39.36000061035156,85.0999984741211,85
2026-05-23T08:35:36.939Z,39.349998474121094,85.0999984741211,85
2026-05-23T08:35:37.007Z,39.349998474121094,85.0999984741211,85
2026-05-23T08:35:37.077Z,39.349998474121094,85.0999984741211,85
2026-05-23T08:35:37.162Z,39.34000015258789,85.0999984741211,85
2026-05-23T08:35:37.220Z,39.34000015258789,85.0999984741211,85
2026-05-23T08:35:37.279Z,39.34000015258789,85.0999984741211,85
2026-05-23T08:35:37.347Z,39.33000183105469,85.0999984741211,85
2026-05-23T08:35:37.415Z,39.33000183105469,85.0999984741211,85
2026-05-23T08:35:37.483Z,39.33000183105469,85.0999984741211,85
2026-05-23T08:35:37.551Z,39.31999969482422,85.0999984741211,85
2026-05-23T08:35:37.619Z,39.31999969482422,85.0999984741211,85
2026-05-23T08:35:37.687Z,39.31999969482422,85.0999984741211,85
2026-05-23T08:35:37.754Z,39.310001373291016,85.0999984741211,85
2026-05-23T08:35:37.823Z,39.310001373291016,85.0999984741211,85
2026-05-23T08:35:37.890Z,39.310001373291016,85.0999984741211,85
2026-05-23T08:35:37.958Z,39.310001373291016,85.0999984741211,85
2026-05-23T08:35:38.026Z,39.29999923706055,84.73999786376953,85
2026-05-23T08:35:38.097Z,42.599998474121094,84.73999786376953,85
2026-05-23T08:35:38.162Z,41.2400016784668,84.73999786376953,85
2026-05-23T08:35:38.230Z,41.2400016784668,84.73999786376953,85
2026-05-23T08:35:38.298Z,41.25,84.73999786376953,85
2026-05-23T08:35:38.366Z,41.2599983215332,84.73999786376953,85
2026-05-23T08:35:38.434Z,41.27000045776367,84.73999786376953,85
2026-05-23T08:35:38.502Z,41.279998779296875,84.73999786376953,85
2026-05-23T08:35:38.571Z,41.290000915527344,84.73999786376953,85
2026-05-23T08:35:38.638Z,41.29999923706055,84.73999786376953,85
2026-05-23T08:35:38.706Z,41.310001373291016,84.73999786376953,85
2026-05-23T08:35:38.774Z,41.31999969482422,84.73999786376953,85
2026-05-23T08:35:38.842Z,41.31999969482422,84.73999786376953,85
2026-05-23T08:35:38.910Z,41.33000183105469,84.73999786376953,85
2026-05-23T08:35:38.978Z,41.34000015258789,84.73999786376953,85
2026-05-23T08:35:39.046Z,41.349998474121094,84.73999786376953,85
2026-05-23T08:35:39.114Z,41.36000061035156,85.0999984741211,85
2026-05-23T08:35:39.181Z,38.06999969482422,85.0999984741211,85
2026-05-23T08:35:39.249Z,39.439998626708984,85.0999984741211,85
2026-05-23T08:35:39.318Z,39.43000030517578,85.0999984741211,85
2026-05-23T08:35:39.386Z,39.43000030517578,85.0999984741211,85
2026-05-23T08:35:39.453Z,39.43000030517578,85.0999984741211,85
2026-05-23T08:35:39.521Z,39.41999816894531,85.0999984741211,85
2026-05-23T08:35:39.589Z,39.41999816894531,85.0999984741211,85
2026-05-23T08:35:39.657Z,39.41999816894531,85.0999984741211,85
2026-05-23T08:35:39.725Z,39.40999984741211,85.0999984741211,85
2026-05-23T08:35:39.793Z,39.40999984741211,85.0999984741211,85
2026-05-23T08:35:39.861Z,39.40999984741211,84.73999786376953,85
2026-05-23T08:35:39.929Z,42.720001220703125,84.73999786376953,85
2026-05-23T08:35:39.997Z,41.34000015258789,84.73999786376953,85
2026-05-23T08:35:40.065Z,41.349998474121094,84.73999786376953,85
2026-05-23T08:35:40.133Z,41.36000061035156,84.73999786376953,85
2026-05-23T08:35:40.201Z,41.369998931884766,84.73999786376953,85
2026-05-23T08:35:40.269Z,41.380001068115234,84.73999786376953,85
2026-05-23T08:35:40.337Z,41.380001068115234,85.0999984741211,85
2026-05-23T08:35:40.405Z,38.099998474121094,85.0999984741211,85
2026-05-23T08:35:40.473Z,39.459999084472656,85.0999984741211,85
2026-05-23T08:35:40.541Z,39.459999084472656,85.0999984741211,85
2026-05-23T08:35:40.608Z,39.459999084472656,85.0999984741211,85
2026-05-23T08:35:40.676Z,39.45000076293945,85.0999984741211,85
2026-05-23T08:35:40.744Z,39.45000076293945,85.0999984741211,85
2026-05-23T08:35:40.812Z,39.45000076293945,85.0999984741211,85
2026-05-23T08:35:40.880Z,39.439998626708984,85.0999984741211,85
2026-05-23T08:35:40.948Z,39.439998626708984,85.0999984741211,85
2026-05-23T08:35:41.016Z,39.439998626708984,85.0999984741211,85
2026-05-23T08:35:41.085Z,39.43000030517578,85.0999984741211,85
2026-05-23T08:35:41.153Z,39.43000030517578,85.0999984741211,85
2026-05-23T08:35:41.220Z,39.43000030517578,85.0999984741211,85
2026-05-23T08:35:41.288Z,39.41999816894531,85.0999984741211,85
2026-05-23T08:35:41.356Z,39.41999816894531,85.0999984741211,85
2026-05-23T08:35:41.426Z,39.41999816894531,85.0999984741211,85
2026-05-23T08:35:41.492Z,39.40999984741211,84.73999786376953,85
2026-05-23T08:35:41.560Z,42.72999954223633,84.73999786376953,85
2026-05-23T08:35:41.630Z,41.349998474121094,84.73999786376953,85
2026-05-23T08:35:41.698Z,41.36000061035156,84.73999786376953,85
2026-05-23T08:35:41.764Z,41.36000061035156,84.73999786376953,85
2026-05-23T08:35:41.834Z,41.369998931884766,84.73999786376953,85
2026-05-23T08:35:41.900Z,41.380001068115234,84.73999786376953,85
2026-05-23T08:35:41.968Z,41.38999938964844,85.0999984741211,85
2026-05-23T08:35:42.036Z,38.099998474121094,85.0999984741211,85
2026-05-23T08:35:42.104Z,39.470001220703125,85.0999984741211,85
2026-05-23T08:35:42.171Z,39.459999084472656,85.0999984741211,85
2026-05-23T08:35:42.239Z,39.459999084472656,85.0999984741211,85
2026-05-23T08:35:42.307Z,39.459999084472656,85.0999984741211,85
2026-05-23T08:35:42.375Z,39.45000076293945,85.0999984741211,85
2026-05-23T08:35:42.443Z,39.45000076293945,85.0999984741211,85
2026-05-23T08:35:42.511Z,39.45000076293945,85.0999984741211,85
2026-05-23T08:35:42.579Z,39.439998626708984,85.0999984741211,85
2026-05-23T08:35:42.647Z,39.439998626708984,85.0999984741211,85
2026-05-23T08:35:42.715Z,39.439998626708984,85.0999984741211,85
2026-05-23T08:35:42.783Z,39.439998626708984,85.0999984741211,85
2026-05-23T08:35:42.882Z,39.43000030517578,85.0999984741211,85
2026-05-23T08:35:42.920Z,39.43000030517578,85.0999984741211,85
2026-05-23T08:35:42.987Z,39.43000030517578,85.0999984741211,85
2026-05-23T08:35:43.055Z,39.41999816894531,85.0999984741211,85
2026-05-23T08:35:43.123Z,39.41999816894531,85.0999984741211,85
2026-05-23T08:35:43.191Z,39.41999816894531,85.0999984741211,85
2026-05-23T08:35:43.259Z,39.40999984741211,85.0999984741211,85
2026-05-23T08:35:43.327Z,39.40999984741211,85.0999984741211,85
2026-05-23T08:35:43.395Z,39.40999984741211,85.0999984741211,85
2026-05-23T08:35:43.469Z,39.400001525878906,85.0999984741211,85
2026-05-23T08:35:43.531Z,39.400001525878906,85.0999984741211,85
2026-05-23T08:35:43.598Z,39.400001525878906,85.0999984741211,85
2026-05-23T08:35:43.666Z,39.38999938964844,85.0999984741211,85
2026-05-23T08:35:43.735Z,39.38999938964844,85.0999984741211,85
2026-05-23T08:35:43.803Z,39.38999938964844,85.0999984741211,85
2026-05-23T08:35:43.871Z,39.380001068115234,85.0999984741211,85
2026-05-23T08:35:43.939Z,39.380001068115234,85.0999984741211,85
2026-05-23T08:35:44.006Z,39.380001068115234,85.0999984741211,85
2026-05-23T08:35:44.074Z,39.369998931884766,85.0999984741211,85
2026-05-23T08:35:44.142Z,39.369998931884766,85.0999984741211,85
2026-05-23T08:35:44.210Z,39.369998931884766,85.0999984741211,85
2026-05-23T08:35:44.278Z,39.36000061035156,85.0999984741211,85
2026-05-23T08:35:44.346Z,39.36000061035156,85.0999984741211,85
2026-05-23T08:35:44.414Z,39.36000061035156,85.0999984741211,85
2026-05-23T08:35:44.482Z,39.349998474121094,85.0999984741211,85
2026-05-23T08:35:44.550Z,39.349998474121094,85.0999984741211,85
2026-05-23T08:35:44.618Z,39.349998474121094,85.0999984741211,85
2026-05-23T08:35:44.686Z,39.34000015258789,85.0999984741211,85
2026-05-23T08:35:44.754Z,39.34000015258789,85.0999984741211,85
2026-05-23T08:35:44.822Z,39.34000015258789,85.0999984741211,85
2026-05-23T08:35:44.890Z,39.33000183105469,85.0999984741211,85
2026-05-23T08:35:44.958Z,39.33000183105469,85.0999984741211,85
2026-05-23T08:35:45.026Z,39.33000183105469,84.73999786376953,85
2026-05-23T08:35:45.094Z,42.619998931884766,84.73999786376953,85
2026-05-23T08:35:45.161Z,41.2599983215332,84.73999786376953,85
2026-05-23T08:35:45.229Z,41.27000045776367,84.73999786376953,85
2026-05-23T08:35:45.297Z,41.279998779296875,84.73999786376953,85
2026-05-23T08:35:45.365Z,41.290000915527344,84.73999786376953,85
2026-05-23T08:35:45.433Z,41.29999923706055,84.73999786376953,85
2026-05-23T08:35:45.501Z,41.29999923706055,84.73999786376953,85
2026-05-23T08:35:45.569Z,41.310001373291016,84.73999786376953,85
2026-05-23T08:35:45.637Z,41.31999969482422,84.73999786376953,85
2026-05-23T08:35:45.705Z,41.33000183105469,84.73999786376953,85
2026-05-23T08:35:45.773Z,41.34000015258789,84.73999786376953,85
2026-05-23T08:35:45.841Z,41.349998474121094,84.73999786376953,85
2026-05-23T08:35:45.909Z,41.36000061035156,84.73999786376953,85
2026-05-23T08:35:45.977Z,41.369998931884766,84.73999786376953,85
2026-05-23T08:35:46.045Z,41.380001068115234,84.73999786376953,85
2026-05-23T08:35:46.113Z,41.380001068115234,84.73999786376953,85
2026-05-23T08:35:46.181Z,41.38999938964844,84.73999786376953,85
2026-05-23T08:35:46.249Z,41.400001525878906,84.73999786376953,85
2026-05-23T08:35:46.317Z,41.400001525878906,84.73999786376953,85
2026-05-23T08:35:46.385Z,41.400001525878906,84.73999786376953,85
2026-05-23T08:35:46.453Z,41.400001525878906,84.73999786376953,85
2026-05-23T08:35:46.521Z,41.400001525878906,84.73999786376953,85
2026-05-23T08:35:46.589Z,41.400001525878906,84.73999786376953,85
2026-05-23T08:35:46.657Z,41.400001525878906,84.73999786376953,85
2026-05-23T08:35:46.724Z,41.400001525878906,84.73999786376953,85
2026-05-23T08:35:46.792Z,41.400001525878906,84.73999786376953,85
2026-05-23T08:35:46.860Z,41.400001525878906,84.73999786376953,85
2026-05-23T08:35:46.928Z,41.400001525878906,84.73999786376953,85
2026-05-23T08:35:46.996Z,41.400001525878906,84.73999786376953,85
2026-05-23T08:35:47.064Z,41.400001525878906,84.73999786376953,85
2026-05-23T08:35:47.132Z,41.400001525878906,84.73999786376953,85
2026-05-23T08:35:47.200Z,41.400001525878906,85.0999984741211,85
2026-05-23T08:35:47.268Z,38.11000061035156,85.0999984741211,85
2026-05-23T08:35:47.336Z,39.470001220703125,85.0999984741211,85
2026-05-23T08:35:47.404Z,39.470001220703125,85.0999984741211,85
2026-05-23T08:35:47.472Z,39.470001220703125,85.0999984741211,85
2026-05-23T08:35:47.540Z,39.459999084472656,85.0999984741211,85
2026-05-23T08:35:47.608Z,39.459999084472656,85.0999984741211,85
2026-05-23T08:35:47.676Z,39.459999084472656,85.0999984741211,85
2026-05-23T08:35:47.744Z,39.45000076293945,85.0999984741211,85
2026-05-23T08:35:47.812Z,39.45000076293945,85.0999984741211,85
2026-05-23T08:35:47.880Z,39.45000076293945,85.0999984741211,85
2026-05-23T08:35:47.948Z,39.439998626708984,85.0999984741211,85
2026-05-23T08:35:48.016Z,39.439998626708984,85.0999984741211,90
2026-05-23T08:35:48.083Z,80,84.73999786376953,90
2026-05-23T08:35:48.151Z,69.54000091552734,84.73999786376953,90
2026-05-23T08:35:48.220Z,68.1500015258789,84.73999786376953,90
2026-05-23T08:35:48.288Z,68.1500015258789,84.73999786376953,90
2026-05-23T08:35:48.356Z,68.1500015258789,84.73999786376953,90
2026-05-23T08:35:48.423Z,68.1500015258789,84.73999786376953,90
2026-05-23T08:35:48.491Z,68.1500015258789,84.73999786376953,90
2026-05-23T08:35:48.559Z,68.1500015258789,84.73999786376953,90
2026-05-23T08:35:48.627Z,68.1500015258789,84.73999786376953,90
2026-05-23T08:35:48.695Z,68.1500015258789,84.73999786376953,90
2026-05-23T08:35:48.763Z,68.1500015258789,84.73999786376953,90
2026-05-23T08:35:48.831Z,68.1500015258789,84.73999786376953,90
2026-05-23T08:35:48.899Z,68.1500015258789,84.73999786376953,90
2026-05-23T08:35:48.967Z,68.1500015258789,84.73999786376953,90
2026-05-23T08:35:49.035Z,68.1500015258789,84.73999786376953,90
2026-05-23T08:35:49.103Z,68.1500015258789,84.73999786376953,90
2026-05-23T08:35:49.172Z,68.1500015258789,84.73999786376953,90
2026-05-23T08:35:49.239Z,68.1500015258789,84.73999786376953,90
2026-05-23T08:35:49.307Z,68.1500015258789,84.73999786376953,90
2026-05-23T08:35:49.375Z,68.1500015258789,84.73999786376953,90
2026-05-23T08:35:49.442Z,68.1500015258789,84.73999786376953,90
2026-05-23T08:35:49.510Z,68.1500015258789,84.73999786376953,90
2026-05-23T08:35:49.578Z,68.1500015258789,84.73999786376953,90
2026-05-23T08:35:49.646Z,68.1500015258789,84.73999786376953,90
2026-05-23T08:35:49.714Z,68.1500015258789,84.73999786376953,90
2026-05-23T08:35:49.782Z,68.1500015258789,84.73999786376953,90
2026-05-23T08:35:49.850Z,68.1500015258789,84.73999786376953,90
2026-05-23T08:35:49.918Z,68.1500015258789,84.73999786376953,90
2026-05-23T08:35:49.986Z,68.1500015258789,84.73999786376953,90
2026-05-23T08:35:50.054Z,68.1500015258789,84.73999786376953,90
2026-05-23T08:35:50.123Z,68.1500015258789,84.73999786376953,90
2026-05-23T08:35:50.190Z,68.1500015258789,84.73999786376953,90
2026-05-23T08:35:50.258Z,68.1500015258789,84.73999786376953,90
2026-05-23T08:35:50.326Z,68.1500015258789,84.73999786376953,90
2026-05-23T08:35:50.394Z,68.1500015258789,84.73999786376953,90
2026-05-23T08:35:50.462Z,68.1500015258789,84.73999786376953,90
2026-05-23T08:35:50.530Z,68.1500015258789,84.73999786376953,90
2026-05-23T08:35:50.598Z,68.1500015258789,84.73999786376953,90
2026-05-23T08:35:50.666Z,68.1500015258789,84.73999786376953,90
2026-05-23T08:35:50.734Z,68.1500015258789,84.73999786376953,90
2026-05-23T08:35:50.802Z,68.1500015258789,84.73999786376953,90
2026-05-23T08:35:50.870Z,68.1500015258789,84.73999786376953,90
2026-05-23T08:35:50.939Z,68.1500015258789,84.73999786376953,90
2026-05-23T08:35:51.006Z,68.1500015258789,84.73999786376953,90
2026-05-23T08:35:51.074Z,68.1500015258789,84.73999786376953,90
2026-05-23T08:35:51.141Z,68.1500015258789,84.73999786376953,90
2026-05-23T08:35:51.209Z,68.1500015258789,84.73999786376953,90
2026-05-23T08:35:51.277Z,68.1500015258789,84.73999786376953,90
2026-05-23T08:35:51.345Z,68.1500015258789,84.73999786376953,90
2026-05-23T08:35:51.413Z,68.1500015258789,84.73999786376953,90
2026-05-23T08:35:51.481Z,68.1500015258789,84.73999786376953,90
2026-05-23T08:35:51.549Z,68.1500015258789,84.73999786376953,90
2026-05-23T08:35:51.617Z,68.1500015258789,84.73999786376953,90
2026-05-23T08:35:51.685Z,68.1500015258789,84.73999786376953,90
2026-05-23T08:35:51.753Z,68.1500015258789,84.73999786376953,90
2026-05-23T08:35:51.821Z,68.1500015258789,84.73999786376953,90
2026-05-23T08:35:51.889Z,68.1500015258789,84.73999786376953,90
2026-05-23T08:35:51.957Z,68.1500015258789,84.73999786376953,90
2026-05-23T08:35:52.025Z,68.1500015258789,84.73999786376953,90
2026-05-23T08:35:52.093Z,68.1500015258789,84.73999786376953,90
2026-05-23T08:35:52.161Z,68.1500015258789,84.73999786376953,90
2026-05-23T08:35:52.229Z,68.1500015258789,84.73999786376953,90
2026-05-23T08:35:52.297Z,68.1500015258789,84.73999786376953,90
2026-05-23T08:35:52.365Z,68.1500015258789,84.73999786376953,90
2026-05-23T08:35:52.433Z,68.1500015258789,84.73999786376953,90
2026-05-23T08:35:52.501Z,68.1500015258789,84.73999786376953,90
2026-05-23T08:35:52.568Z,68.1500015258789,84.73999786376953,90
2026-05-23T08:35:52.636Z,68.1500015258789,84.73999786376953,90
2026-05-23T08:35:52.705Z,68.1500015258789,84.73999786376953,90
2026-05-23T08:35:52.773Z,68.1500015258789,84.73999786376953,90
2026-05-23T08:35:52.840Z,68.1500015258789,84.73999786376953,90
2026-05-23T08:35:52.909Z,68.1500015258789,84.73999786376953,90
2026-05-23T08:35:52.976Z,68.1500015258789,84.73999786376953,90
2026-05-23T08:35:53.044Z,68.1500015258789,84.73999786376953,90
2026-05-23T08:35:53.112Z,68.1500015258789,84.73999786376953,90
2026-05-23T08:35:53.180Z,68.1500015258789,84.73999786376953,90
2026-05-23T08:35:53.248Z,68.1500015258789,84.73999786376953,90
2026-05-23T08:35:53.316Z,68.1500015258789,84.73999786376953,90
2026-05-23T08:35:53.384Z,68.1500015258789,84.73999786376953,90
2026-05-23T08:35:53.452Z,68.1500015258789,84.73999786376953,90
2026-05-23T08:35:53.520Z,68.1500015258789,84.73999786376953,90
2026-05-23T08:35:53.588Z,68.1500015258789,84.73999786376953,90
2026-05-23T08:35:53.656Z,68.1500015258789,84.73999786376953,90
2026-05-23T08:35:53.727Z,68.1500015258789,84.73999786376953,90
2026-05-23T08:35:53.792Z,68.1500015258789,84.73999786376953,90
2026-05-23T08:35:53.859Z,68.1500015258789,84.73999786376953,90
2026-05-23T08:35:53.927Z,68.1500015258789,84.73999786376953,90
2026-05-23T08:35:53.995Z,68.1500015258789,84.73999786376953,90
2026-05-23T08:35:54.063Z,68.1500015258789,84.73999786376953,90
2026-05-23T08:35:54.131Z,68.1500015258789,84.73999786376953,90
2026-05-23T08:35:54.199Z,68.1500015258789,84.73999786376953,90
2026-05-23T08:35:54.267Z,68.1500015258789,84.73999786376953,90
2026-05-23T08:35:54.335Z,68.1500015258789,84.73999786376953,90
2026-05-23T08:35:54.403Z,68.1500015258789,84.73999786376953,90
2026-05-23T08:35:54.472Z,68.1500015258789,84.73999786376953,90
2026-05-23T08:35:54.540Z,68.1500015258789,84.73999786376953,90
2026-05-23T08:35:54.607Z,68.1500015258789,84.73999786376953,90
2026-05-23T08:35:54.675Z,68.1500015258789,84.73999786376953,90
2026-05-23T08:35:54.743Z,68.1500015258789,84.73999786376953,90
2026-05-23T08:35:54.811Z,68.1500015258789,84.73999786376953,90
2026-05-23T08:35:54.879Z,68.1500015258789,84.73999786376953,90
2026-05-23T08:35:54.947Z,68.1500015258789,84.73999786376953,90
2026-05-23T08:35:55.015Z,68.1500015258789,84.73999786376953,90
2026-05-23T08:35:55.083Z,68.1500015258789,84.73999786376953,90
2026-05-23T08:35:55.151Z,68.1500015258789,84.73999786376953,90
2026-05-23T08:35:55.219Z,68.1500015258789,84.73999786376953,90
2026-05-23T08:35:55.287Z,68.1500015258789,84.73999786376953,90
2026-05-23T08:35:55.356Z,68.1500015258789,84.73999786376953,90
2026-05-23T08:35:55.423Z,68.1500015258789,84.73999786376953,90
2026-05-23T08:35:55.491Z,68.1500015258789,85.0999984741211,90
2026-05-23T08:35:55.558Z,64.86000061035156,85.0999984741211,90
2026-05-23T08:35:55.627Z,66.2300033569336,85.0999984741211,90
2026-05-23T08:35:55.698Z,66.2300033569336,85.0999984741211,90
2026-05-23T08:35:55.767Z,66.2300033569336,85.0999984741211,90
2026-05-23T08:35:55.830Z,66.2300033569336,85.0999984741211,90
2026-05-23T08:35:55.898Z,66.2300033569336,85.0999984741211,90
2026-05-23T08:35:55.966Z,66.2300033569336,85.0999984741211,90
2026-05-23T08:35:56.034Z,66.2300033569336,85.0999984741211,90
2026-05-23T08:35:56.102Z,66.2300033569336,85.0999984741211,90
2026-05-23T08:35:56.170Z,66.2300033569336,85.0999984741211,90
2026-05-23T08:35:56.238Z,66.2300033569336,85.0999984741211,90
2026-05-23T08:35:56.306Z,66.2300033569336,85.0999984741211,90
2026-05-23T08:35:56.374Z,66.2300033569336,85.0999984741211,90
2026-05-23T08:35:56.442Z,66.2300033569336,85.0999984741211,90
2026-05-23T08:35:56.510Z,66.2300033569336,85.0999984741211,90
2026-05-23T08:35:56.578Z,66.2300033569336,85.0999984741211,90
2026-05-23T08:35:56.646Z,66.2300033569336,85.0999984741211,90
2026-05-23T08:35:56.714Z,66.2300033569336,85.0999984741211,90
2026-05-23T08:35:56.782Z,66.2300033569336,85.0999984741211,90
2026-05-23T08:35:56.849Z,66.2300033569336,85.45999908447266,90
2026-05-23T08:35:56.918Z,62.90999984741211,85.45999908447266,90
2026-05-23T08:35:56.986Z,64.29000091552734,85.45999908447266,90
2026-05-23T08:35:57.053Z,64.29000091552734,85.45999908447266,90
2026-05-23T08:35:57.122Z,64.29000091552734,85.45999908447266,90
2026-05-23T08:35:57.190Z,64.29000091552734,85.45999908447266,90
2026-05-23T08:35:57.257Z,64.29000091552734,85.45999908447266,90
2026-05-23T08:35:57.325Z,64.29000091552734,85.45999908447266,90
2026-05-23T08:35:57.393Z,64.29000091552734,85.45999908447266,90
2026-05-23T08:35:57.461Z,64.29000091552734,85.45999908447266,90
2026-05-23T08:35:57.529Z,64.29000091552734,85.45999908447266,90
2026-05-23T08:35:57.597Z,64.29000091552734,85.45999908447266,90
2026-05-23T08:35:57.665Z,64.29000091552734,85.45999908447266,90
2026-05-23T08:35:57.733Z,64.29000091552734,85.45999908447266,90
2026-05-23T08:35:57.801Z,64.29000091552734,85.83000183105469,90
2026-05-23T08:35:57.869Z,60.93000030517578,85.83000183105469,90
2026-05-23T08:35:57.937Z,62.33000183105469,85.83000183105469,90
2026-05-23T08:35:58.005Z,62.33000183105469,85.83000183105469,90
2026-05-23T08:35:58.073Z,62.33000183105469,85.83000183105469,90
2026-05-23T08:35:58.141Z,62.33000183105469,85.83000183105469,90
2026-05-23T08:35:58.209Z,62.33000183105469,85.83000183105469,90
2026-05-23T08:35:58.277Z,62.33000183105469,85.83000183105469,90
2026-05-23T08:35:58.345Z,62.33000183105469,85.83000183105469,90
2026-05-23T08:35:58.412Z,62.33000183105469,85.83000183105469,90
2026-05-23T08:35:58.480Z,62.33000183105469,85.83000183105469,90
2026-05-23T08:35:58.548Z,62.33000183105469,85.83000183105469,90
2026-05-23T08:35:58.616Z,62.33000183105469,85.83000183105469,90
2026-05-23T08:35:58.684Z,62.33000183105469,85.83000183105469,90
2026-05-23T08:35:58.752Z,62.33000183105469,85.83000183105469,90
2026-05-23T08:35:58.820Z,62.33000183105469,85.83000183105469,90
2026-05-23T08:35:58.888Z,62.33000183105469,85.83000183105469,90
2026-05-23T08:35:58.957Z,62.33000183105469,85.83000183105469,90
2026-05-23T08:35:59.024Z,62.33000183105469,85.83000183105469,90
2026-05-23T08:35:59.092Z,62.33000183105469,85.83000183105469,90
2026-05-23T08:35:59.160Z,62.33000183105469,85.83000183105469,90
2026-05-23T08:35:59.228Z,62.33000183105469,85.83000183105469,90
2026-05-23T08:35:59.296Z,62.33000183105469,86.19999694824219,90
2026-05-23T08:35:59.364Z,58.939998626708984,86.19999694824219,90
2026-05-23T08:35:59.432Z,60.349998474121094,86.19999694824219,90
2026-05-23T08:35:59.500Z,60.349998474121094,86.19999694824219,90
2026-05-23T08:35:59.568Z,60.349998474121094,86.19999694824219,90
2026-05-23T08:35:59.636Z,60.349998474121094,86.19999694824219,90
2026-05-23T08:35:59.704Z,60.349998474121094,86.19999694824219,90
2026-05-23T08:35:59.772Z,60.349998474121094,86.19999694824219,90
2026-05-23T08:35:59.840Z,60.349998474121094,86.19999694824219,90
2026-05-23T08:35:59.908Z,60.349998474121094,86.19999694824219,90
2026-05-23T08:35:59.978Z,60.349998474121094,86.19999694824219,90
2026-05-23T08:36:00.043Z,60.349998474121094,86.19999694824219,90
2026-05-23T08:36:00.111Z,60.349998474121094,86.19999694824219,90
2026-05-23T08:36:00.179Z,60.349998474121094,86.19999694824219,90
2026-05-23T08:36:00.247Z,60.349998474121094,86.19999694824219,90
2026-05-23T08:36:00.315Z,60.349998474121094,86.19999694824219,90
2026-05-23T08:36:00.385Z,60.349998474121094,86.56999969482422,90
2026-05-23T08:36:00.451Z,56.91999816894531,86.56999969482422,90
2026-05-23T08:36:00.519Z,58.349998474121094,86.56999969482422,90
2026-05-23T08:36:00.587Z,58.349998474121094,86.56999969482422,90
2026-05-23T08:36:00.655Z,58.349998474121094,86.56999969482422,90
2026-05-23T08:36:00.723Z,58.349998474121094,86.56999969482422,90
2026-05-23T08:36:00.792Z,58.349998474121094,86.56999969482422,90
2026-05-23T08:36:00.859Z,58.349998474121094,86.56999969482422,90
2026-05-23T08:36:00.927Z,58.349998474121094,86.56999969482422,90
2026-05-23T08:36:00.995Z,58.349998474121094,86.56999969482422,90
2026-05-23T08:36:01.063Z,58.349998474121094,86.56999969482422,90
2026-05-23T08:36:01.131Z,58.349998474121094,86.56999969482422,90
2026-05-23T08:36:01.199Z,58.349998474121094,86.56999969482422,90
2026-05-23T08:36:01.267Z,58.349998474121094,86.56999969482422,90
2026-05-23T08:36:01.335Z,58.349998474121094,86.56999969482422,90
2026-05-23T08:36:01.402Z,58.349998474121094,86.56999969482422,90
2026-05-23T08:36:01.470Z,58.349998474121094,86.56999969482422,90
2026-05-23T08:36:01.538Z,58.349998474121094,86.56999969482422,90
2026-05-23T08:36:01.607Z,58.349998474121094,86.56999969482422,90
2026-05-23T08:36:01.674Z,58.349998474121094,86.94999694824219,90
2026-05-23T08:36:01.742Z,54.880001068115234,86.94999694824219,90
2026-05-23T08:36:01.810Z,56.31999969482422,86.94999694824219,90
2026-05-23T08:36:01.878Z,56.31999969482422,86.94999694824219,90
2026-05-23T08:36:01.946Z,56.31999969482422,86.94999694824219,90
2026-05-23T08:36:02.014Z,56.31999969482422,86.94999694824219,90
2026-05-23T08:36:02.082Z,56.31999969482422,86.94999694824219,90
2026-05-23T08:36:02.150Z,56.31999969482422,86.94999694824219,90
2026-05-23T08:36:02.218Z,56.31999969482422,86.94999694824219,90
2026-05-23T08:36:02.286Z,56.31999969482422,86.94999694824219,90
2026-05-23T08:36:02.354Z,56.31999969482422,86.94999694824219,90
2026-05-23T08:36:02.422Z,56.31999969482422,86.94999694824219,90
2026-05-23T08:36:02.490Z,56.31999969482422,86.94999694824219,90
2026-05-23T08:36:02.558Z,56.31999969482422,86.94999694824219,90
2026-05-23T08:36:02.626Z,56.31999969482422,86.94999694824219,90
2026-05-23T08:36:02.694Z,56.31999969482422,86.94999694824219,90
2026-05-23T08:36:02.762Z,56.31999969482422,86.94999694824219,90
2026-05-23T08:36:02.829Z,56.31999969482422,86.94999694824219,90
2026-05-23T08:36:02.897Z,56.31999969482422,86.94999694824219,90
2026-05-23T08:36:02.965Z,56.31999969482422,86.94999694824219,90
2026-05-23T08:36:03.033Z,56.31999969482422,86.94999694824219,90
2026-05-23T08:36:03.101Z,56.31999969482422,86.94999694824219,90
2026-05-23T08:36:03.169Z,56.31999969482422,86.94999694824219,90
2026-05-23T08:36:03.237Z,56.31999969482422,86.94999694824219,90
2026-05-23T08:36:03.305Z,56.31999969482422,86.94999694824219,90
2026-05-23T08:36:03.373Z,56.31999969482422,86.94999694824219,90
2026-05-23T08:36:03.442Z,56.31999969482422,86.94999694824219,90
2026-05-23T08:36:03.509Z,56.31999969482422,86.94999694824219,90
2026-05-23T08:36:03.577Z,56.31999969482422,87.33000183105469,90
2026-05-23T08:36:03.645Z,52.790000915527344,87.33000183105469,90
2026-05-23T08:36:03.713Z,54.27000045776367,87.33000183105469,90
2026-05-23T08:36:03.781Z,54.27000045776367,87.33000183105469,90
2026-05-23T08:36:03.849Z,54.27000045776367,87.33000183105469,90
2026-05-23T08:36:03.917Z,54.27000045776367,87.33000183105469,90
2026-05-23T08:36:03.985Z,54.27000045776367,87.33000183105469,90
2026-05-23T08:36:04.053Z,54.27000045776367,87.33000183105469,90
2026-05-23T08:36:04.121Z,54.27000045776367,87.33000183105469,90
2026-05-23T08:36:04.189Z,54.27000045776367,87.33000183105469,90
2026-05-23T08:36:04.257Z,54.27000045776367,87.33000183105469,90
2026-05-23T08:36:04.325Z,54.27000045776367,87.33000183105469,90
2026-05-23T08:36:04.392Z,54.27000045776367,87.33000183105469,90
2026-05-23T08:36:04.460Z,54.27000045776367,87.33000183105469,90
2026-05-23T08:36:04.528Z,54.27000045776367,87.33000183105469,90
2026-05-23T08:36:04.596Z,54.27000045776367,87.33000183105469,90
2026-05-23T08:36:04.664Z,54.27000045776367,87.33000183105469,90
2026-05-23T08:36:04.732Z,54.27000045776367,87.33000183105469,90
2026-05-23T08:36:04.800Z,54.27000045776367,87.33000183105469,90
2026-05-23T08:36:04.868Z,54.27000045776367,87.33000183105469,90
2026-05-23T08:36:04.936Z,54.27000045776367,87.33000183105469,90
2026-05-23T08:36:05.004Z,54.27000045776367,87.33000183105469,90
2026-05-23T08:36:05.072Z,54.27000045776367,87.33000183105469,90
2026-05-23T08:36:05.140Z,54.27000045776367,87.33000183105469,90
2026-05-23T08:36:05.208Z,54.27000045776367,87.33000183105469,90
2026-05-23T08:36:05.276Z,54.27000045776367,87.33000183105469,90
2026-05-23T08:36:05.344Z,54.27000045776367,87.33000183105469,90
2026-05-23T08:36:05.412Z,54.27000045776367,87.33000183105469,90
2026-05-23T08:36:05.480Z,54.27000045776367,87.33000183105469,90
2026-05-23T08:36:05.548Z,54.27000045776367,87.33000183105469,90
2026-05-23T08:36:05.616Z,54.27000045776367,87.72000122070312,90
2026-05-23T08:36:05.684Z,50.720001220703125,87.72000122070312,90
2026-05-23T08:36:05.752Z,52.20000076293945,87.72000122070312,90
2026-05-23T08:36:05.820Z,52.20000076293945,87.72000122070312,90
2026-05-23T08:36:05.887Z,52.20000076293945,87.72000122070312,90
2026-05-23T08:36:05.956Z,52.20000076293945,87.72000122070312,90
2026-05-23T08:36:06.023Z,52.20000076293945,87.72000122070312,90
2026-05-23T08:36:06.092Z,52.20000076293945,87.72000122070312,90
2026-05-23T08:36:06.160Z,52.20000076293945,87.72000122070312,90
2026-05-23T08:36:06.227Z,52.20000076293945,87.72000122070312,90
2026-05-23T08:36:06.295Z,52.20000076293945,87.72000122070312,90
2026-05-23T08:36:06.363Z,52.20000076293945,87.72000122070312,90
2026-05-23T08:36:06.431Z,52.20000076293945,87.72000122070312,90
2026-05-23T08:36:06.499Z,52.20000076293945,87.72000122070312,90
2026-05-23T08:36:06.567Z,52.20000076293945,87.72000122070312,90
2026-05-23T08:36:06.635Z,52.20000076293945,87.72000122070312,90
2026-05-23T08:36:06.703Z,52.20000076293945,87.72000122070312,90
2026-05-23T08:36:06.771Z,52.20000076293945,87.72000122070312,90
2026-05-23T08:36:06.839Z,52.20000076293945,87.72000122070312,90
2026-05-23T08:36:06.907Z,52.20000076293945,87.72000122070312,90
2026-05-23T08:36:06.975Z,52.20000076293945,87.72000122070312,90
2026-05-23T08:36:07.043Z,52.20000076293945,87.72000122070312,90
2026-05-23T08:36:07.111Z,52.20000076293945,87.72000122070312,90
2026-05-23T08:36:07.179Z,52.20000076293945,87.72000122070312,90
2026-05-23T08:36:07.247Z,52.20000076293945,87.72000122070312,90
2026-05-23T08:36:07.315Z,52.20000076293945,87.72000122070312,90
2026-05-23T08:36:07.383Z,52.20000076293945,87.72000122070312,90
2026-05-23T08:36:07.450Z,52.20000076293945,87.72000122070312,90
2026-05-23T08:36:07.518Z,52.20000076293945,87.72000122070312,90
2026-05-23T08:36:07.586Z,52.20000076293945,87.72000122070312,90
2026-05-23T08:36:07.654Z,52.20000076293945,87.72000122070312,90
2026-05-23T08:36:07.722Z,52.20000076293945,87.72000122070312,90
2026-05-23T08:36:07.790Z,52.20000076293945,87.72000122070312,90
2026-05-23T08:36:07.859Z,52.20000076293945,88.11000061035156,90
2026-05-23T08:36:07.926Z,48.58000183105469,88.11000061035156,90
2026-05-23T08:36:07.994Z,50.099998474121094,88.11000061035156,90
2026-05-23T08:36:08.062Z,50.099998474121094,87.72000122070312,90
2026-05-23T08:36:08.130Z,53.70000076293945,87.72000122070312,90
2026-05-23T08:36:08.198Z,52.20000076293945,87.72000122070312,90
2026-05-23T08:36:08.266Z,52.20000076293945,87.72000122070312,90
2026-05-23T08:36:08.334Z,52.20000076293945,87.72000122070312,90
2026-05-23T08:36:08.402Z,52.20000076293945,87.72000122070312,90
2026-05-23T08:36:08.470Z,52.20000076293945,87.72000122070312,90
2026-05-23T08:36:08.538Z,52.20000076293945,87.72000122070312,90
2026-05-23T08:36:08.606Z,52.20000076293945,87.72000122070312,90
2026-05-23T08:36:08.674Z,52.20000076293945,87.72000122070312,90
2026-05-23T08:36:08.742Z,52.20000076293945,87.72000122070312,90
2026-05-23T08:36:08.810Z,52.20000076293945,87.72000122070312,90
2026-05-23T08:36:08.877Z,52.20000076293945,87.72000122070312,90
2026-05-23T08:36:08.946Z,52.20000076293945,87.72000122070312,90
2026-05-23T08:36:09.014Z,52.20000076293945,87.72000122070312,90
2026-05-23T08:36:09.081Z,52.20000076293945,87.72000122070312,90
2026-05-23T08:36:09.149Z,52.20000076293945,87.72000122070312,90
2026-05-23T08:36:09.217Z,52.20000076293945,87.72000122070312,90
2026-05-23T08:36:09.285Z,52.20000076293945,87.72000122070312,90
2026-05-23T08:36:09.353Z,52.20000076293945,88.11000061035156,90
2026-05-23T08:36:09.421Z,48.58000183105469,88.11000061035156,90
2026-05-23T08:36:09.489Z,50.099998474121094,88.11000061035156,90
2026-05-23T08:36:09.557Z,50.099998474121094,88.11000061035156,90
2026-05-23T08:36:09.625Z,50.099998474121094,88.11000061035156,90
2026-05-23T08:36:09.693Z,50.099998474121094,88.11000061035156,90
2026-05-23T08:36:09.761Z,50.099998474121094,88.11000061035156,90
2026-05-23T08:36:09.829Z,50.099998474121094,88.11000061035156,90
2026-05-23T08:36:09.897Z,50.099998474121094,88.11000061035156,90
2026-05-23T08:36:09.965Z,50.099998474121094,88.11000061035156,90
2026-05-23T08:36:10.033Z,50.099998474121094,88.11000061035156,90
2026-05-23T08:36:10.101Z,50.099998474121094,88.11000061035156,90
2026-05-23T08:36:10.169Z,50.099998474121094,88.11000061035156,90
2026-05-23T08:36:10.236Z,50.099998474121094,88.11000061035156,90
2026-05-23T08:36:10.304Z,50.099998474121094,88.11000061035156,90
2026-05-23T08:36:10.372Z,50.099998474121094,88.11000061035156,90
2026-05-23T08:36:10.440Z,50.099998474121094,88.11000061035156,90
2026-05-23T08:36:10.508Z,50.099998474121094,88.11000061035156,90
2026-05-23T08:36:10.577Z,50.099998474121094,88.11000061035156,90
2026-05-23T08:36:10.644Z,50.099998474121094,88.11000061035156,90
2026-05-23T08:36:10.712Z,50.099998474121094,88.11000061035156,90
2026-05-23T08:36:10.780Z,50.099998474121094,88.11000061035156,90
2026-05-23T08:36:10.848Z,50.099998474121094,88.11000061035156,90
2026-05-23T08:36:10.916Z,50.099998474121094,88.11000061035156,90
2026-05-23T08:36:10.984Z,50.099998474121094,88.11000061035156,90
2026-05-23T08:36:11.052Z,50.099998474121094,88.11000061035156,90
2026-05-23T08:36:11.120Z,50.099998474121094,88.11000061035156,90
2026-05-23T08:36:11.188Z,50.099998474121094,88.11000061035156,90
2026-05-23T08:36:11.256Z,50.099998474121094,88.11000061035156,90
2026-05-23T08:36:11.328Z,50.099998474121094,88.11000061035156,90
2026-05-23T08:36:11.392Z,50.099998474121094,88.11000061035156,90
2026-05-23T08:36:11.460Z,50.099998474121094,88.11000061035156,90
2026-05-23T08:36:11.528Z,50.099998474121094,88.11000061035156,90
2026-05-23T08:36:11.596Z,50.099998474121094,88.11000061035156,90
2026-05-23T08:36:11.664Z,50.099998474121094,88.11000061035156,90
2026-05-23T08:36:11.732Z,50.099998474121094,88.11000061035156,90
2026-05-23T08:36:11.799Z,50.099998474121094,88.11000061035156,90
2026-05-23T08:36:11.867Z,50.099998474121094,88.11000061035156,90
2026-05-23T08:36:11.935Z,50.099998474121094,88.11000061035156,90
2026-05-23T08:36:12.003Z,50.099998474121094,88.11000061035156,90
2026-05-23T08:36:12.071Z,50.099998474121094,88.11000061035156,90
2026-05-23T08:36:12.139Z,50.099998474121094,88.11000061035156,90
2026-05-23T08:36:12.207Z,50.099998474121094,88.11000061035156,90
2026-05-23T08:36:12.275Z,50.099998474121094,88.11000061035156,90
2026-05-23T08:36:12.343Z,50.099998474121094,88.11000061035156,90
2026-05-23T08:36:12.411Z,50.099998474121094,88.11000061035156,90
2026-05-23T08:36:12.479Z,50.099998474121094,88.11000061035156,90
2026-05-23T08:36:12.547Z,50.099998474121094,88.11000061035156,90
2026-05-23T08:36:12.615Z,50.099998474121094,88.11000061035156,90
2026-05-23T08:36:12.683Z,50.099998474121094,88.11000061035156,90
2026-05-23T08:36:12.751Z,50.099998474121094,88.11000061035156,90
2026-05-23T08:36:12.819Z,50.099998474121094,88.11000061035156,90
2026-05-23T08:36:12.887Z,50.099998474121094,88.11000061035156,90
2026-05-23T08:36:12.955Z,50.099998474121094,88.11000061035156,90
2026-05-23T08:36:13.023Z,50.099998474121094,88.11000061035156,90
2026-05-23T08:36:13.091Z,50.099998474121094,88.11000061035156,90
2026-05-23T08:36:13.159Z,50.099998474121094,88.11000061035156,90
2026-05-23T08:36:13.227Z,50.099998474121094,88.11000061035156,90
2026-05-23T08:36:13.295Z,50.099998474121094,88.11000061035156,90
2026-05-23T08:36:13.363Z,50.099998474121094,88.11000061035156,90
2026-05-23T08:36:13.430Z,50.099998474121094,88.11000061035156,90
2026-05-23T08:36:13.498Z,50.099998474121094,88.11000061035156,90
2026-05-23T08:36:13.566Z,50.099998474121094,88.11000061035156,90
2026-05-23T08:36:13.634Z,50.099998474121094,88.11000061035156,90
2026-05-23T08:36:13.702Z,50.099998474121094,88.11000061035156,90
2026-05-23T08:36:13.770Z,50.099998474121094,88.11000061035156,90
2026-05-23T08:36:13.838Z,50.099998474121094,88.11000061035156,90
2026-05-23T08:36:13.906Z,50.099998474121094,88.11000061035156,90
2026-05-23T08:36:13.974Z,50.099998474121094,88.11000061035156,90
2026-05-23T08:36:14.042Z,50.099998474121094,88.11000061035156,90
2026-05-23T08:36:14.110Z,50.099998474121094,88.11000061035156,90
2026-05-23T08:36:14.178Z,50.099998474121094,88.11000061035156,90
2026-05-23T08:36:14.246Z,50.099998474121094,88.11000061035156,90
2026-05-23T08:36:14.314Z,50.099998474121094,88.11000061035156,90
2026-05-23T08:36:14.382Z,50.099998474121094,88.11000061035156,90
2026-05-23T08:36:14.450Z,50.099998474121094,88.11000061035156,90
2026-05-23T08:36:14.518Z,50.099998474121094,88.11000061035156,90
2026-05-23T08:36:14.586Z,50.099998474121094,88.11000061035156,90
2026-05-23T08:36:14.654Z,50.099998474121094,88.11000061035156,90
2026-05-23T08:36:14.721Z,50.099998474121094,88.11000061035156,90
2026-05-23T08:36:14.789Z,50.099998474121094,88.11000061035156,90
2026-05-23T08:36:14.857Z,50.099998474121094,88.11000061035156,90
2026-05-23T08:36:14.925Z,50.099998474121094,88.11000061035156,90
2026-05-23T08:36:14.994Z,50.099998474121094,88.11000061035156,90
2026-05-23T08:36:15.061Z,50.099998474121094,88.11000061035156,90
2026-05-23T08:36:15.129Z,50.099998474121094,88.11000061035156,90
2026-05-23T08:36:15.197Z,50.099998474121094,88.11000061035156,90
2026-05-23T08:36:15.265Z,50.099998474121094,88.11000061035156,90
2026-05-23T08:36:15.333Z,50.099998474121094,88.11000061035156,90
2026-05-23T08:36:15.401Z,50.099998474121094,88.11000061035156,90
2026-05-23T08:36:15.469Z,50.099998474121094,88.11000061035156,90
2026-05-23T08:36:15.537Z,50.099998474121094,88.11000061035156,90
2026-05-23T08:36:15.605Z,50.099998474121094,88.11000061035156,90
2026-05-23T08:36:15.673Z,50.099998474121094,88.11000061035156,90
2026-05-23T08:36:15.741Z,50.099998474121094,88.11000061035156,90
2026-05-23T08:36:15.809Z,50.099998474121094,88.11000061035156,90
2026-05-23T08:36:15.877Z,50.099998474121094,88.11000061035156,90
2026-05-23T08:36:15.945Z,50.099998474121094,88.11000061035156,90
2026-05-23T08:36:16.013Z,50.099998474121094,88.11000061035156,90
2026-05-23T08:36:16.081Z,50.099998474121094,88.11000061035156,90
2026-05-23T08:36:16.149Z,50.099998474121094,88.11000061035156,90
2026-05-23T08:36:16.217Z,50.099998474121094,88.11000061035156,90
2026-05-23T08:36:16.284Z,50.099998474121094,88.11000061035156,90
2026-05-23T08:36:16.352Z,50.099998474121094,88.11000061035156,90
2026-05-23T08:36:16.420Z,50.099998474121094,88.11000061035156,90
2026-05-23T08:36:16.488Z,50.099998474121094,88.11000061035156,90
2026-05-23T08:36:16.556Z,50.099998474121094,88.11000061035156,90
2026-05-23T08:36:16.624Z,50.099998474121094,88.11000061035156,90
2026-05-23T08:36:16.692Z,50.099998474121094,88.11000061035156,90
2026-05-23T08:36:16.760Z,50.099998474121094,88.11000061035156,90
2026-05-23T08:36:16.829Z,50.099998474121094,88.11000061035156,90
2026-05-23T08:36:16.896Z,50.099998474121094,88.11000061035156,90
2026-05-23T08:36:16.964Z,50.099998474121094,88.11000061035156,90
2026-05-23T08:36:17.032Z,50.099998474121094,88.11000061035156,90
2026-05-23T08:36:17.100Z,50.099998474121094,88.11000061035156,90
2026-05-23T08:36:17.168Z,50.099998474121094,88.11000061035156,90
2026-05-23T08:36:17.236Z,50.099998474121094,88.11000061035156,90
2026-05-23T08:36:17.304Z,50.099998474121094,88.11000061035156,90
2026-05-23T08:36:17.372Z,50.099998474121094,88.11000061035156,90
2026-05-23T08:36:17.440Z,50.099998474121094,88.11000061035156,90
2026-05-23T08:36:17.508Z,50.099998474121094,88.11000061035156,90
2026-05-23T08:36:17.576Z,50.099998474121094,88.11000061035156,90
2026-05-23T08:36:17.644Z,50.099998474121094,88.11000061035156,90
2026-05-23T08:36:17.712Z,50.099998474121094,88.11000061035156,90
2026-05-23T08:36:17.780Z,50.099998474121094,88.11000061035156,90
2026-05-23T08:36:17.847Z,50.099998474121094,88.11000061035156,90
2026-05-23T08:36:17.915Z,50.099998474121094,88.11000061035156,90
2026-05-23T08:36:17.983Z,50.099998474121094,88.11000061035156,90
2026-05-23T08:36:18.052Z,50.099998474121094,88.11000061035156,90
2026-05-23T08:36:18.119Z,50.099998474121094,88.11000061035156,90
2026-05-23T08:36:18.187Z,50.099998474121094,88.11000061035156,90
2026-05-23T08:36:18.255Z,50.099998474121094,88.11000061035156,90
2026-05-23T08:36:18.323Z,50.099998474121094,88.11000061035156,90
2026-05-23T08:36:18.391Z,50.099998474121094,88.11000061035156,90
2026-05-23T08:36:18.459Z,50.099998474121094,88.11000061035156,90
2026-05-23T08:36:18.527Z,50.099998474121094,88.11000061035156,90
2026-05-23T08:36:18.595Z,50.099998474121094,88.11000061035156,90
2026-05-23T08:36:18.663Z,50.099998474121094,88.11000061035156,90
2026-05-23T08:36:18.731Z,50.099998474121094,88.11000061035156,90
2026-05-23T08:36:18.799Z,50.099998474121094,88.11000061035156,90
2026-05-23T08:36:18.867Z,50.099998474121094,88.11000061035156,90
2026-05-23T08:36:18.935Z,50.099998474121094,88.11000061035156,90
2026-05-23T08:36:19.003Z,50.099998474121094,88.11000061035156,90
2026-05-23T08:36:19.071Z,50.099998474121094,88.11000061035156,90
2026-05-23T08:36:19.139Z,50.099998474121094,88.11000061035156,90
2026-05-23T08:36:19.206Z,50.099998474121094,88.11000061035156,90
2026-05-23T08:36:19.274Z,50.099998474121094,88.11000061035156,90
2026-05-23T08:36:19.342Z,50.099998474121094,88.11000061035156,90
2026-05-23T08:36:19.410Z,50.099998474121094,88.11000061035156,90
2026-05-23T08:36:19.480Z,50.099998474121094,88.11000061035156,90
2026-05-23T08:36:19.547Z,50.099998474121094,88.11000061035156,90
2026-05-23T08:36:19.614Z,50.099998474121094,88.11000061035156,90
2026-05-23T08:36:19.682Z,50.099998474121094,88.11000061035156,90
2026-05-23T08:36:19.750Z,50.099998474121094,88.11000061035156,90
2026-05-23T08:36:19.819Z,50.099998474121094,88.11000061035156,90
2026-05-23T08:36:19.886Z,50.099998474121094,88.11000061035156,90
2026-05-23T08:36:19.954Z,50.099998474121094,88.11000061035156,90
2026-05-23T08:36:20.022Z,50.099998474121094,88.11000061035156,90
2026-05-23T08:36:20.090Z,50.099998474121094,88.11000061035156,90
2026-05-23T08:36:20.158Z,50.099998474121094,88.11000061035156,90
2026-05-23T08:36:20.226Z,50.099998474121094,88.11000061035156,90
2026-05-23T08:36:20.294Z,50.099998474121094,88.11000061035156,90
2026-05-23T08:36:20.362Z,50.099998474121094,88.11000061035156,90
2026-05-23T08:36:20.430Z,50.099998474121094,88.11000061035156,90
2026-05-23T08:36:20.498Z,50.099998474121094,88.11000061035156,90
2026-05-23T08:36:20.565Z,50.099998474121094,88.11000061035156,90
2026-05-23T08:36:20.633Z,50.099998474121094,88.11000061035156,90
2026-05-23T08:36:20.701Z,50.099998474121094,88.11000061035156,90
2026-05-23T08:36:20.769Z,50.099998474121094,88.11000061035156,90
2026-05-23T08:36:20.837Z,50.099998474121094,88.11000061035156,90
2026-05-23T08:36:20.905Z,50.099998474121094,88.11000061035156,90
2026-05-23T08:36:20.973Z,50.099998474121094,88.11000061035156,90
2026-05-23T08:36:21.041Z,50.099998474121094,88.11000061035156,90
2026-05-23T08:36:21.109Z,50.099998474121094,88.11000061035156,90
2026-05-23T08:36:21.177Z,50.099998474121094,88.11000061035156,90
2026-05-23T08:36:21.245Z,50.099998474121094,88.11000061035156,90
2026-05-23T08:36:21.313Z,50.099998474121094,88.11000061035156,90
2026-05-23T08:36:21.381Z,50.099998474121094,88.11000061035156,90
2026-05-23T08:36:21.449Z,50.099998474121094,88.11000061035156,90
2026-05-23T08:36:21.517Z,50.099998474121094,88.11000061035156,90
2026-05-23T08:36:21.585Z,50.099998474121094,88.11000061035156,90
2026-05-23T08:36:21.653Z,50.099998474121094,88.11000061035156,90
2026-05-23T08:36:21.721Z,50.099998474121094,88.11000061035156,90
2026-05-23T08:36:21.789Z,50.099998474121094,88.51000213623047,90
2026-05-23T08:36:21.857Z,46.459999084472656,88.51000213623047,90
2026-05-23T08:36:21.925Z,47.97999954223633,88.51000213623047,90
2026-05-23T08:36:21.993Z,47.97999954223633,88.51000213623047,90
2026-05-23T08:36:22.060Z,47.97999954223633,88.51000213623047,90
2026-05-23T08:36:22.129Z,47.97999954223633,88.51000213623047,90
2026-05-23T08:36:22.196Z,47.97999954223633,88.51000213623047,90
2026-05-23T08:36:22.264Z,47.97999954223633,88.51000213623047,90
2026-05-23T08:36:22.332Z,47.97999954223633,88.51000213623047,90
2026-05-23T08:36:22.400Z,47.97999954223633,88.51000213623047,90
2026-05-23T08:36:22.468Z,47.97999954223633,88.51000213623047,90
2026-05-23T08:36:22.536Z,47.97999954223633,88.51000213623047,90
2026-05-23T08:36:22.604Z,47.97999954223633,88.51000213623047,90
2026-05-23T08:36:22.672Z,47.97999954223633,88.51000213623047,90
2026-05-23T08:36:22.740Z,47.97999954223633,88.51000213623047,90
2026-05-23T08:36:22.808Z,47.97999954223633,88.51000213623047,90
2026-05-23T08:36:22.876Z,47.97999954223633,88.51000213623047,90
2026-05-23T08:36:22.944Z,47.97999954223633,88.51000213623047,90
2026-05-23T08:36:23.012Z,47.97999954223633,88.51000213623047,90
2026-05-23T08:36:23.080Z,47.97999954223633,88.51000213623047,90
2026-05-23T08:36:23.148Z,47.97999954223633,88.51000213623047,90
2026-05-23T08:36:23.216Z,47.97999954223633,88.51000213623047,90
2026-05-23T08:36:23.284Z,47.97999954223633,88.51000213623047,90
2026-05-23T08:36:23.352Z,47.97999954223633,88.51000213623047,90
2026-05-23T08:36:23.420Z,47.97999954223633,88.51000213623047,90
2026-05-23T08:36:23.488Z,47.97999954223633,88.51000213623047,90
2026-05-23T08:36:23.555Z,47.97999954223633,88.51000213623047,90
2026-05-23T08:36:23.623Z,47.97999954223633,88.51000213623047,90
2026-05-23T08:36:23.691Z,47.97999954223633,88.51000213623047,90
2026-05-23T08:36:23.759Z,47.97999954223633,88.51000213623047,90
2026-05-23T08:36:23.827Z,47.97999954223633,88.51000213623047,90
2026-05-23T08:36:23.895Z,47.97999954223633,88.51000213623047,90
2026-05-23T08:36:23.964Z,47.97999954223633,88.51000213623047,90
2026-05-23T08:36:24.031Z,47.97999954223633,88.51000213623047,90
2026-05-23T08:36:24.099Z,47.97999954223633,88.51000213623047,90
2026-05-23T08:36:24.167Z,47.97999954223633,88.51000213623047,90
2026-05-23T08:36:24.235Z,47.97999954223633,88.51000213623047,90
2026-05-23T08:36:24.303Z,47.97999954223633,88.51000213623047,90
2026-05-23T08:36:24.371Z,47.97999954223633,88.51000213623047,90
2026-05-23T08:36:24.439Z,47.97999954223633,88.51000213623047,90
2026-05-23T08:36:24.507Z,47.97999954223633,88.51000213623047,90
2026-05-23T08:36:24.575Z,47.97999954223633,88.51000213623047,90
2026-05-23T08:36:24.643Z,47.97999954223633,88.51000213623047,90
2026-05-23T08:36:24.711Z,47.97999954223633,88.51000213623047,90
2026-05-23T08:36:24.779Z,47.97999954223633,88.51000213623047,90
2026-05-23T08:36:24.847Z,47.97999954223633,88.51000213623047,90
2026-05-23T08:36:24.915Z,47.97999954223633,88.51000213623047,90
2026-05-23T08:36:24.983Z,47.97999954223633,88.51000213623047,90
2026-05-23T08:36:25.050Z,47.97999954223633,88.51000213623047,90
2026-05-23T08:36:25.118Z,47.97999954223633,88.51000213623047,90
2026-05-23T08:36:25.186Z,47.97999954223633,88.51000213623047,90
2026-05-23T08:36:25.254Z,47.97999954223633,88.51000213623047,90
2026-05-23T08:36:25.322Z,47.97999954223633,88.51000213623047,90
2026-05-23T08:36:25.390Z,47.97999954223633,88.51000213623047,90
2026-05-23T08:36:25.458Z,47.97999954223633,88.51000213623047,90
2026-05-23T08:36:25.526Z,47.97999954223633,88.51000213623047,90
2026-05-23T08:36:25.594Z,47.97999954223633,88.51000213623047,90
2026-05-23T08:36:25.662Z,47.97999954223633,88.51000213623047,90
2026-05-23T08:36:25.730Z,47.97999954223633,88.51000213623047,90
2026-05-23T08:36:25.798Z,47.97999954223633,88.51000213623047,90
2026-05-23T08:36:25.866Z,47.97999954223633,88.51000213623047,90
2026-05-23T08:36:25.934Z,47.97999954223633,88.51000213623047,90
2026-05-23T08:36:26.002Z,47.97999954223633,88.51000213623047,90
2026-05-23T08:36:26.070Z,47.97999954223633,88.51000213623047,90
2026-05-23T08:36:26.138Z,47.97999954223633,88.51000213623047,90
2026-05-23T08:36:26.206Z,47.97999954223633,88.51000213623047,90
2026-05-23T08:36:26.274Z,47.97999954223633,88.51000213623047,90
2026-05-23T08:36:26.342Z,47.97999954223633,88.51000213623047,90
2026-05-23T08:36:26.410Z,47.97999954223633,88.51000213623047,90
2026-05-23T08:36:26.478Z,47.97999954223633,88.51000213623047,90
2026-05-23T08:36:26.545Z,47.97999954223633,88.51000213623047,90
2026-05-23T08:36:26.614Z,47.97999954223633,88.51000213623047,90
2026-05-23T08:36:26.682Z,47.97999954223633,88.51000213623047,90
2026-05-23T08:36:26.749Z,47.97999954223633,88.51000213623047,90
2026-05-23T08:36:26.817Z,47.97999954223633,88.51000213623047,90
2026-05-23T08:36:26.885Z,47.97999954223633,88.51000213623047,90
2026-05-23T08:36:26.953Z,47.97999954223633,88.51000213623047,90
2026-05-23T08:36:27.021Z,47.97999954223633,88.51000213623047,90
2026-05-23T08:36:27.089Z,47.97999954223633,88.51000213623047,90
2026-05-23T08:36:27.157Z,47.97999954223633,88.51000213623047,90
2026-05-23T08:36:27.225Z,47.97999954223633,88.51000213623047,90
2026-05-23T08:36:27.293Z,47.97999954223633,88.51000213623047,90
2026-05-23T08:36:27.361Z,47.97999954223633,88.51000213623047,90
2026-05-23T08:36:27.429Z,47.97999954223633,88.51000213623047,90
2026-05-23T08:36:27.497Z,47.97999954223633,88.51000213623047,90
2026-05-23T08:36:27.565Z,47.97999954223633,88.51000213623047,95
2026-05-23T08:36:27.633Z,80,88.51000213623047,95
2026-05-23T08:36:27.701Z,74.7300033569336,88.51000213623047,95
2026-05-23T08:36:27.769Z,74.7300033569336,88.51000213623047,95
2026-05-23T08:36:27.837Z,74.7300033569336,88.51000213623047,95
2026-05-23T08:36:27.905Z,74.7300033569336,88.51000213623047,95
2026-05-23T08:36:27.973Z,74.7300033569336,88.51000213623047,95
2026-05-23T08:36:28.041Z,74.7300033569336,88.51000213623047,95
2026-05-23T08:36:28.109Z,74.7300033569336,88.51000213623047,95
2026-05-23T08:36:28.176Z,74.7300033569336,88.51000213623047,95
2026-05-23T08:36:28.244Z,74.7300033569336,88.51000213623047,95
2026-05-23T08:36:28.312Z,74.7300033569336,88.51000213623047,95
2026-05-23T08:36:28.381Z,74.7300033569336,88.51000213623047,95
2026-05-23T08:36:28.449Z,74.7300033569336,88.51000213623047,95
2026-05-23T08:36:28.516Z,74.7300033569336,88.51000213623047,95
2026-05-23T08:36:28.584Z,74.7300033569336,88.51000213623047,95
2026-05-23T08:36:28.652Z,74.7300033569336,88.51000213623047,95
2026-05-23T08:36:28.720Z,74.7300033569336,88.51000213623047,95
2026-05-23T08:36:28.788Z,74.7300033569336,88.51000213623047,95
2026-05-23T08:36:28.857Z,74.7300033569336,88.51000213623047,95
2026-05-23T08:36:28.924Z,74.7300033569336,88.51000213623047,95
2026-05-23T08:36:28.994Z,74.7300033569336,88.51000213623047,95
2026-05-23T08:36:29.060Z,74.7300033569336,88.51000213623047,95
2026-05-23T08:36:29.128Z,74.7300033569336,88.51000213623047,95
2026-05-23T08:36:29.196Z,74.7300033569336,88.51000213623047,95
2026-05-23T08:36:29.264Z,74.7300033569336,88.51000213623047,95
2026-05-23T08:36:29.332Z,74.7300033569336,88.51000213623047,95
2026-05-23T08:36:29.400Z,74.7300033569336,88.51000213623047,95
2026-05-23T08:36:29.468Z,74.7300033569336,88.51000213623047,95
2026-05-23T08:36:29.535Z,74.7300033569336,88.51000213623047,95
2026-05-23T08:36:29.603Z,74.7300033569336,88.51000213623047,95
2026-05-23T08:36:29.671Z,74.7300033569336,88.51000213623047,95
2026-05-23T08:36:29.739Z,74.7300033569336,88.51000213623047,95
2026-05-23T08:36:29.807Z,74.7300033569336,88.51000213623047,95
2026-05-23T08:36:29.875Z,74.7300033569336,88.51000213623047,95
2026-05-23T08:36:29.943Z,74.7300033569336,88.51000213623047,95
2026-05-23T08:36:30.011Z,74.7300033569336,88.51000213623047,95
2026-05-23T08:36:30.079Z,74.7300033569336,88.51000213623047,95
2026-05-23T08:36:30.147Z,74.7300033569336,88.51000213623047,95
2026-05-23T08:36:30.216Z,74.7300033569336,88.51000213623047,95
2026-05-23T08:36:30.284Z,74.7300033569336,88.51000213623047,95
2026-05-23T08:36:30.351Z,74.7300033569336,88.51000213623047,95
2026-05-23T08:36:30.419Z,74.7300033569336,88.51000213623047,95
2026-05-23T08:36:30.487Z,74.7300033569336,88.51000213623047,95
2026-05-23T08:36:30.555Z,74.7300033569336,88.51000213623047,95
2026-05-23T08:36:30.623Z,74.7300033569336,88.51000213623047,95
2026-05-23T08:36:30.691Z,74.7300033569336,88.51000213623047,95
2026-05-23T08:36:30.759Z,74.7300033569336,88.51000213623047,95
2026-05-23T08:36:30.827Z,74.7300033569336,88.51000213623047,95
2026-05-23T08:36:30.895Z,74.7300033569336,88.51000213623047,95
2026-05-23T08:36:30.963Z,74.7300033569336,88.51000213623047,95
2026-05-23T08:36:31.030Z,74.7300033569336,88.51000213623047,95
2026-05-23T08:36:31.099Z,74.7300033569336,88.51000213623047,95
2026-05-23T08:36:31.166Z,74.7300033569336,88.51000213623047,95
2026-05-23T08:36:31.234Z,74.7300033569336,88.51000213623047,95
2026-05-23T08:36:31.302Z,74.7300033569336,88.51000213623047,95
2026-05-23T08:36:31.370Z,74.7300033569336,88.51000213623047,95
2026-05-23T08:36:31.438Z,74.7300033569336,88.51000213623047,95
2026-05-23T08:36:31.506Z,74.7300033569336,88.51000213623047,95
2026-05-23T08:36:31.574Z,74.7300033569336,88.51000213623047,95
2026-05-23T08:36:31.642Z,74.7300033569336,88.51000213623047,95
2026-05-23T08:36:31.710Z,74.7300033569336,88.51000213623047,95
2026-05-23T08:36:31.778Z,74.7300033569336,88.51000213623047,95
2026-05-23T08:36:31.846Z,74.7300033569336,88.51000213623047,95
2026-05-23T08:36:31.914Z,74.7300033569336,88.51000213623047,95
2026-05-23T08:36:31.982Z,74.7300033569336,88.51000213623047,95
2026-05-23T08:36:32.050Z,74.7300033569336,88.51000213623047,95
2026-05-23T08:36:32.118Z,74.7300033569336,88.51000213623047,95
2026-05-23T08:36:32.186Z,74.7300033569336,88.51000213623047,95
2026-05-23T08:36:32.254Z,74.7300033569336,88.51000213623047,95
2026-05-23T08:36:32.322Z,74.7300033569336,88.51000213623047,95
2026-05-23T08:36:32.390Z,74.7300033569336,88.51000213623047,95
2026-05-23T08:36:32.458Z,74.7300033569336,88.51000213623047,95
2026-05-23T08:36:32.526Z,74.7300033569336,88.51000213623047,95
2026-05-23T08:36:32.593Z,74.7300033569336,88.51000213623047,95
2026-05-23T08:36:32.661Z,74.7300033569336,88.51000213623047,95
2026-05-23T08:36:32.729Z,74.7300033569336,88.51000213623047,95
2026-05-23T08:36:32.797Z,74.7300033569336,88.51000213623047,95
2026-05-23T08:36:32.866Z,74.7300033569336,88.51000213623047,95
2026-05-23T08:36:32.934Z,74.7300033569336,88.51000213623047,95
2026-05-23T08:36:33.001Z,74.7300033569336,88.51000213623047,95
2026-05-23T08:36:33.069Z,74.7300033569336,88.51000213623047,95
2026-05-23T08:36:33.137Z,74.7300033569336,88.51000213623047,95
2026-05-23T08:36:33.205Z,74.7300033569336,88.51000213623047,95
2026-05-23T08:36:33.273Z,74.7300033569336,88.51000213623047,95
2026-05-23T08:36:33.341Z,74.7300033569336,88.51000213623047,95
2026-05-23T08:36:33.409Z,74.7300033569336,88.51000213623047,95
2026-05-23T08:36:33.477Z,74.7300033569336,88.51000213623047,95
2026-05-23T08:36:33.545Z,74.7300033569336,88.51000213623047,95
2026-05-23T08:36:33.613Z,74.7300033569336,88.91000366210938,95
2026-05-23T08:36:33.681Z,71.04000091552734,88.91000366210938,95
2026-05-23T08:36:33.749Z,72.58000183105469,88.91000366210938,95
2026-05-23T08:36:33.817Z,72.58000183105469,88.91000366210938,95
2026-05-23T08:36:33.885Z,72.58000183105469,88.91000366210938,95
2026-05-23T08:36:33.952Z,72.58000183105469,88.91000366210938,95
2026-05-23T08:36:34.020Z,72.58000183105469,88.91000366210938,95
2026-05-23T08:36:34.088Z,72.58000183105469,88.91000366210938,95
2026-05-23T08:36:34.156Z,72.58000183105469,88.91000366210938,95
2026-05-23T08:36:34.224Z,72.58000183105469,88.91000366210938,95
2026-05-23T08:36:34.292Z,72.58000183105469,88.91000366210938,95
2026-05-23T08:36:34.360Z,72.58000183105469,88.91000366210938,95
2026-05-23T08:36:34.428Z,72.58000183105469,88.91000366210938,95
2026-05-23T08:36:34.496Z,72.58000183105469,88.91000366210938,95
2026-05-23T08:36:34.564Z,72.58000183105469,88.91000366210938,95
2026-05-23T08:36:34.632Z,72.58000183105469,88.91000366210938,95
2026-05-23T08:36:34.700Z,72.58000183105469,88.91000366210938,95
2026-05-23T08:36:34.768Z,72.58000183105469,88.91000366210938,95
2026-05-23T08:36:34.836Z,72.58000183105469,88.91000366210938,95
2026-05-23T08:36:34.904Z,72.58000183105469,88.91000366210938,95
2026-05-23T08:36:34.972Z,72.58000183105469,88.91000366210938,95
2026-05-23T08:36:35.040Z,72.58000183105469,88.91000366210938,95
2026-05-23T08:36:35.108Z,72.58000183105469,88.91000366210938,95
2026-05-23T08:36:35.176Z,72.58000183105469,88.91000366210938,95
2026-05-23T08:36:35.244Z,72.58000183105469,88.91000366210938,95
2026-05-23T08:36:35.312Z,72.58000183105469,88.91000366210938,95
2026-05-23T08:36:35.380Z,72.58000183105469,89.31999969482422,95
2026-05-23T08:36:35.448Z,68.83999633789062,89.31999969482422,95
2026-05-23T08:36:35.516Z,70.4000015258789,89.31999969482422,95
2026-05-23T08:36:35.584Z,70.4000015258789,89.31999969482422,95
2026-05-23T08:36:35.652Z,70.4000015258789,89.31999969482422,95
2026-05-23T08:36:35.719Z,70.4000015258789,89.31999969482422,95
2026-05-23T08:36:35.787Z,70.4000015258789,89.31999969482422,95
2026-05-23T08:36:35.855Z,70.4000015258789,89.31999969482422,95
2026-05-23T08:36:35.923Z,70.4000015258789,89.31999969482422,95
2026-05-23T08:36:35.991Z,70.4000015258789,89.31999969482422,95
2026-05-23T08:36:36.059Z,70.4000015258789,89.31999969482422,95
2026-05-23T08:36:36.127Z,70.4000015258789,89.31999969482422,95
2026-05-23T08:36:36.195Z,70.4000015258789,89.31999969482422,95
2026-05-23T08:36:36.263Z,70.4000015258789,89.31999969482422,95
2026-05-23T08:36:36.331Z,70.4000015258789,89.31999969482422,95
2026-05-23T08:36:36.399Z,70.4000015258789,89.31999969482422,95
2026-05-23T08:36:36.467Z,70.4000015258789,89.31999969482422,95
2026-05-23T08:36:36.535Z,70.4000015258789,89.31999969482422,95
2026-05-23T08:36:36.603Z,70.4000015258789,89.31999969482422,95
2026-05-23T08:36:36.671Z,70.4000015258789,89.31999969482422,95
2026-05-23T08:36:36.739Z,70.4000015258789,89.31999969482422,95
2026-05-23T08:36:36.807Z,70.4000015258789,89.31999969482422,95
2026-05-23T08:36:36.875Z,70.4000015258789,89.31999969482422,95
2026-05-23T08:36:36.942Z,70.4000015258789,89.31999969482422,95
2026-05-23T08:36:37.010Z,70.4000015258789,89.7300033569336,95
2026-05-23T08:36:37.078Z,66.62000274658203,89.7300033569336,95
2026-05-23T08:36:37.146Z,68.19999694824219,89.7300033569336,95
2026-05-23T08:36:37.214Z,68.19999694824219,89.7300033569336,95
2026-05-23T08:36:37.282Z,68.19999694824219,89.7300033569336,95
2026-05-23T08:36:37.351Z,68.19999694824219,89.7300033569336,95
2026-05-23T08:36:37.418Z,68.19999694824219,89.7300033569336,95
2026-05-23T08:36:37.486Z,68.19999694824219,89.7300033569336,95
2026-05-23T08:36:37.554Z,68.19999694824219,89.7300033569336,95
2026-05-23T08:36:37.622Z,68.19999694824219,89.7300033569336,95
2026-05-23T08:36:37.690Z,68.19999694824219,89.7300033569336,95
2026-05-23T08:36:37.758Z,68.19999694824219,89.7300033569336,95
2026-05-23T08:36:37.826Z,68.19999694824219,89.7300033569336,95
2026-05-23T08:36:37.894Z,68.19999694824219,89.7300033569336,95
2026-05-23T08:36:37.962Z,68.19999694824219,89.7300033569336,95
2026-05-23T08:36:38.030Z,68.19999694824219,89.7300033569336,95
2026-05-23T08:36:38.098Z,68.19999694824219,89.7300033569336,95
2026-05-23T08:36:38.166Z,68.19999694824219,89.7300033569336,95
2026-05-23T08:36:38.234Z,68.19999694824219,89.7300033569336,95
2026-05-23T08:36:38.302Z,68.19999694824219,89.7300033569336,95
2026-05-23T08:36:38.370Z,68.19999694824219,89.7300033569336,95
2026-05-23T08:36:38.437Z,68.19999694824219,89.7300033569336,95
2026-05-23T08:36:38.505Z,68.19999694824219,89.7300033569336,95
2026-05-23T08:36:38.573Z,68.19999694824219,90.1500015258789,95
2026-05-23T08:36:38.641Z,64.3499984741211,90.1500015258789,95
2026-05-23T08:36:38.709Z,65.97000122070312,90.1500015258789,95
2026-05-23T08:36:38.777Z,65.97000122070312,90.1500015258789,95
2026-05-23T08:36:38.845Z,65.97000122070312,90.1500015258789,95
2026-05-23T08:36:38.913Z,65.97000122070312,90.1500015258789,95
2026-05-23T08:36:38.981Z,65.97000122070312,90.1500015258789,95
2026-05-23T08:36:39.049Z,65.97000122070312,90.1500015258789,95
2026-05-23T08:36:39.117Z,65.97000122070312,90.1500015258789,95
2026-05-23T08:36:39.185Z,65.97000122070312,90.1500015258789,95
2026-05-23T08:36:39.253Z,65.97000122070312,90.1500015258789,95
2026-05-23T08:36:39.321Z,65.97000122070312,90.1500015258789,95
2026-05-23T08:36:39.389Z,65.97000122070312,90.1500015258789,95
2026-05-23T08:36:39.457Z,65.97000122070312,90.1500015258789,95
2026-05-23T08:36:39.525Z,65.97000122070312,90.1500015258789,95
2026-05-23T08:36:39.593Z,65.97000122070312,90.1500015258789,95
2026-05-23T08:36:39.661Z,65.97000122070312,90.1500015258789,95
2026-05-23T08:36:39.729Z,65.97000122070312,90.56999969482422,95
2026-05-23T08:36:39.797Z,62.06999969482422,90.56999969482422,95
2026-05-23T08:36:39.864Z,63.709999084472656,90.56999969482422,95
2026-05-23T08:36:39.932Z,63.709999084472656,90.56999969482422,95
2026-05-23T08:36:40.001Z,63.709999084472656,90.56999969482422,95
2026-05-23T08:36:40.069Z,63.709999084472656,90.56999969482422,95
2026-05-23T08:36:40.136Z,63.709999084472656,90.56999969482422,95
2026-05-23T08:36:40.204Z,63.709999084472656,90.56999969482422,95
2026-05-23T08:36:40.272Z,63.709999084472656,90.56999969482422,95
2026-05-23T08:36:40.340Z,63.709999084472656,90.56999969482422,95
2026-05-23T08:36:40.408Z,63.709999084472656,90.56999969482422,95
2026-05-23T08:36:40.476Z,63.709999084472656,90.56999969482422,95
2026-05-23T08:36:40.544Z,63.709999084472656,90.56999969482422,95
2026-05-23T08:36:40.612Z,63.709999084472656,90.56999969482422,95
2026-05-23T08:36:40.680Z,63.709999084472656,90.56999969482422,95
2026-05-23T08:36:40.748Z,63.709999084472656,90.56999969482422,95
2026-05-23T08:36:40.816Z,63.709999084472656,90.56999969482422,95
2026-05-23T08:36:40.884Z,63.709999084472656,90.56999969482422,95
2026-05-23T08:36:40.952Z,63.709999084472656,90.56999969482422,95
2026-05-23T08:36:41.020Z,63.709999084472656,90.56999969482422,95
2026-05-23T08:36:41.088Z,63.709999084472656,90.56999969482422,95
2026-05-23T08:36:41.156Z,63.709999084472656,90.56999969482422,95
2026-05-23T08:36:41.224Z,63.709999084472656,90.56999969482422,95
2026-05-23T08:36:41.292Z,63.709999084472656,90.56999969482422,95
2026-05-23T08:36:41.359Z,63.709999084472656,91,95
2026-05-23T08:36:41.427Z,59.7599983215332,91,95
2026-05-23T08:36:41.495Z,61.41999816894531,91,95
2026-05-23T08:36:41.563Z,61.41999816894531,91,95
2026-05-23T08:36:41.631Z,61.41999816894531,91,95
2026-05-23T08:36:41.699Z,61.41999816894531,91,95
2026-05-23T08:36:41.768Z,61.41999816894531,91,95
2026-05-23T08:36:41.835Z,61.41999816894531,91,95
2026-05-23T08:36:41.904Z,61.41999816894531,91,95
2026-05-23T08:36:41.971Z,61.41999816894531,91,95
2026-05-23T08:36:42.039Z,61.41999816894531,91,95
2026-05-23T08:36:42.107Z,61.41999816894531,91,95
2026-05-23T08:36:42.175Z,61.41999816894531,91,95
2026-05-23T08:36:42.243Z,61.41999816894531,91,95
2026-05-23T08:36:42.311Z,61.41999816894531,91,95
2026-05-23T08:36:42.379Z,61.41999816894531,91,95
2026-05-23T08:36:42.447Z,61.41999816894531,91,95
2026-05-23T08:36:42.515Z,61.41999816894531,91,95
2026-05-23T08:36:42.583Z,61.41999816894531,91,95
2026-05-23T08:36:42.651Z,61.41999816894531,91,95
2026-05-23T08:36:42.719Z,61.41999816894531,91,95
2026-05-23T08:36:42.787Z,61.41999816894531,91,95
2026-05-23T08:36:42.855Z,61.41999816894531,91,95
2026-05-23T08:36:42.922Z,61.41999816894531,91,95
2026-05-23T08:36:42.990Z,61.41999816894531,91,95
2026-05-23T08:36:43.058Z,61.41999816894531,91,95
2026-05-23T08:36:43.126Z,61.41999816894531,91,95
2026-05-23T08:36:43.194Z,61.41999816894531,91,95
2026-05-23T08:36:43.262Z,61.41999816894531,91,95
2026-05-23T08:36:43.330Z,61.41999816894531,91,95
2026-05-23T08:36:43.398Z,61.41999816894531,91.43000030517578,95
2026-05-23T08:36:43.466Z,57.439998626708984,91.43000030517578,95
2026-05-23T08:36:43.534Z,59.099998474121094,91.43000030517578,95
2026-05-23T08:36:43.602Z,59.099998474121094,91.43000030517578,95
2026-05-23T08:36:43.670Z,59.099998474121094,91.43000030517578,95
2026-05-23T08:36:43.738Z,59.099998474121094,91.43000030517578,95
2026-05-23T08:36:43.806Z,59.099998474121094,91.43000030517578,95
2026-05-23T08:36:43.874Z,59.099998474121094,91.43000030517578,95
2026-05-23T08:36:43.942Z,59.099998474121094,91.43000030517578,95
2026-05-23T08:36:44.010Z,59.099998474121094,91.43000030517578,95
2026-05-23T08:36:44.078Z,59.099998474121094,91.43000030517578,95
2026-05-23T08:36:44.146Z,59.099998474121094,91.43000030517578,95
2026-05-23T08:36:44.214Z,59.099998474121094,91.43000030517578,95
2026-05-23T08:36:44.282Z,59.099998474121094,91.43000030517578,95
2026-05-23T08:36:44.349Z,59.099998474121094,91.43000030517578,95
2026-05-23T08:36:44.417Z,59.099998474121094,91.43000030517578,95
2026-05-23T08:36:44.486Z,59.099998474121094,91.43000030517578,95
2026-05-23T08:36:44.553Z,59.099998474121094,91.43000030517578,95
2026-05-23T08:36:44.621Z,59.099998474121094,91.43000030517578,95
2026-05-23T08:36:44.689Z,59.099998474121094,91.43000030517578,95
2026-05-23T08:36:44.757Z,59.099998474121094,91.43000030517578,95
2026-05-23T08:36:44.825Z,59.099998474121094,91.43000030517578,95
2026-05-23T08:36:44.893Z,59.099998474121094,91.43000030517578,95
2026-05-23T08:36:44.961Z,59.099998474121094,91.43000030517578,95
2026-05-23T08:36:45.029Z,59.099998474121094,91.43000030517578,95
2026-05-23T08:36:45.097Z,59.099998474121094,91.43000030517578,95
2026-05-23T08:36:45.165Z,59.099998474121094,91.43000030517578,95
2026-05-23T08:36:45.233Z,59.099998474121094,91.43000030517578,95
2026-05-23T08:36:45.301Z,59.099998474121094,91.43000030517578,95
2026-05-23T08:36:45.369Z,59.099998474121094,91.43000030517578,95
2026-05-23T08:36:45.437Z,59.099998474121094,91.43000030517578,95
2026-05-23T08:36:45.505Z,59.099998474121094,91.43000030517578,95
2026-05-23T08:36:45.573Z,59.099998474121094,91.43000030517578,95
2026-05-23T08:36:45.641Z,59.099998474121094,91.43000030517578,95
2026-05-23T08:36:45.709Z,59.099998474121094,91.43000030517578,95
2026-05-23T08:36:45.777Z,59.099998474121094,91.43000030517578,95
2026-05-23T08:36:45.845Z,59.099998474121094,91.87000274658203,95
2026-05-23T08:36:45.912Z,55.06999969482422,91.87000274658203,95
2026-05-23T08:36:45.981Z,56.75,91.87000274658203,95
2026-05-23T08:36:46.048Z,56.75,91.87000274658203,95
2026-05-23T08:36:46.116Z,56.75,91.43000030517578,95
2026-05-23T08:36:46.184Z,60.79999923706055,91.43000030517578,95
2026-05-23T08:36:46.253Z,59.099998474121094,91.43000030517578,95
2026-05-23T08:36:46.320Z,59.099998474121094,91.43000030517578,95
2026-05-23T08:36:46.389Z,59.099998474121094,91.43000030517578,95
2026-05-23T08:36:46.456Z,59.099998474121094,91.43000030517578,95
2026-05-23T08:36:46.524Z,59.099998474121094,91.43000030517578,95
2026-05-23T08:36:46.599Z,59.099998474121094,91.87000274658203,95
2026-05-23T08:36:46.660Z,55.040000915527344,91.87000274658203,95
2026-05-23T08:36:46.728Z,56.75,91.87000274658203,95
2026-05-23T08:36:46.796Z,56.75,91.87000274658203,95
2026-05-23T08:36:46.864Z,56.75,91.87000274658203,95
2026-05-23T08:36:46.932Z,56.75,91.87000274658203,95
2026-05-23T08:36:47.000Z,56.75,91.87000274658203,95
2026-05-23T08:36:47.068Z,56.75,91.87000274658203,95
2026-05-23T08:36:47.136Z,56.75,91.87000274658203,95
2026-05-23T08:36:47.204Z,56.75,91.87000274658203,95
2026-05-23T08:36:47.272Z,56.75,91.87000274658203,95
2026-05-23T08:36:47.340Z,56.75,91.87000274658203,95
2026-05-23T08:36:47.408Z,56.75,91.87000274658203,95
2026-05-23T08:36:47.475Z,56.75,91.87000274658203,95
2026-05-23T08:36:47.543Z,56.75,91.87000274658203,95
2026-05-23T08:36:47.611Z,56.75,91.87000274658203,95
2026-05-23T08:36:47.679Z,56.75,91.87000274658203,95
2026-05-23T08:36:47.747Z,56.75,91.87000274658203,95
2026-05-23T08:36:47.815Z,56.75,91.87000274658203,95
2026-05-23T08:36:47.883Z,56.75,91.87000274658203,95
2026-05-23T08:36:47.951Z,56.75,91.87000274658203,95
2026-05-23T08:36:48.019Z,56.75,91.87000274658203,95
2026-05-23T08:36:48.087Z,56.75,91.87000274658203,95
2026-05-23T08:36:48.155Z,56.75,91.87000274658203,95
2026-05-23T08:36:48.223Z,56.75,91.87000274658203,95
2026-05-23T08:36:48.291Z,56.75,91.87000274658203,95
2026-05-23T08:36:48.359Z,56.75,91.87000274658203,95
2026-05-23T08:36:48.427Z,56.75,91.87000274658203,95
2026-05-23T08:36:48.495Z,56.75,91.87000274658203,95
2026-05-23T08:36:48.563Z,56.75,91.87000274658203,95
2026-05-23T08:36:48.631Z,56.75,91.87000274658203,95
2026-05-23T08:36:48.699Z,56.75,91.87000274658203,95
2026-05-23T08:36:48.767Z,56.75,91.87000274658203,95
2026-05-23T08:36:48.834Z,56.75,91.87000274658203,95
2026-05-23T08:36:48.903Z,56.75,91.87000274658203,95
2026-05-23T08:36:48.970Z,56.75,91.87000274658203,95
2026-05-23T08:36:49.039Z,56.75,91.87000274658203,95
2026-05-23T08:36:49.106Z,56.75,91.87000274658203,95
2026-05-23T08:36:49.174Z,56.75,91.87000274658203,95
2026-05-23T08:36:49.242Z,56.75,91.87000274658203,95
2026-05-23T08:36:49.310Z,56.75,91.87000274658203,95
2026-05-23T08:36:49.378Z,56.75,91.87000274658203,95
2026-05-23T08:36:49.446Z,56.75,91.87000274658203,95
2026-05-23T08:36:49.514Z,56.75,91.87000274658203,95
2026-05-23T08:36:49.582Z,56.75,91.87000274658203,95
2026-05-23T08:36:49.650Z,56.75,92.31999969482422,95
2026-05-23T08:36:49.718Z,52.65999984741211,92.31999969482422,95
2026-05-23T08:36:49.786Z,54.36000061035156,92.31999969482422,95
2026-05-23T08:36:49.854Z,54.36000061035156,92.31999969482422,95
2026-05-23T08:36:49.922Z,54.36000061035156,92.31999969482422,95
2026-05-23T08:36:49.990Z,54.36000061035156,92.31999969482422,95
2026-05-23T08:36:50.058Z,54.36000061035156,92.31999969482422,95
2026-05-23T08:36:50.126Z,54.36000061035156,92.31999969482422,95
2026-05-23T08:36:50.194Z,54.36000061035156,92.31999969482422,95
2026-05-23T08:36:50.262Z,54.36000061035156,92.31999969482422,95
2026-05-23T08:36:50.329Z,54.36000061035156,92.31999969482422,95
2026-05-23T08:36:50.397Z,54.36000061035156,92.31999969482422,95
2026-05-23T08:36:50.465Z,54.36000061035156,91.87000274658203,95
2026-05-23T08:36:50.533Z,58.45000076293945,91.87000274658203,95
2026-05-23T08:36:50.601Z,56.75,91.87000274658203,95
2026-05-23T08:36:50.670Z,56.75,91.87000274658203,95
2026-05-23T08:36:50.738Z,56.75,91.87000274658203,95
2026-05-23T08:36:50.805Z,56.75,91.87000274658203,95
2026-05-23T08:36:50.873Z,56.75,91.87000274658203,95
2026-05-23T08:36:50.941Z,56.75,91.87000274658203,95
2026-05-23T08:36:51.009Z,56.75,92.31999969482422,95
2026-05-23T08:36:51.077Z,52.63999938964844,92.31999969482422,95
2026-05-23T08:36:51.145Z,54.36000061035156,92.31999969482422,95
2026-05-23T08:36:51.218Z,54.36000061035156,92.31999969482422,95
2026-05-23T08:36:51.281Z,54.36000061035156,92.31999969482422,95
2026-05-23T08:36:51.349Z,54.36000061035156,92.31999969482422,95
2026-05-23T08:36:51.417Z,54.36000061035156,92.31999969482422,95
2026-05-23T08:36:51.485Z,54.36000061035156,92.31999969482422,95
2026-05-23T08:36:51.553Z,54.36000061035156,92.31999969482422,95
2026-05-23T08:36:51.621Z,54.36000061035156,92.31999969482422,95
2026-05-23T08:36:51.689Z,54.36000061035156,92.31999969482422,95
2026-05-23T08:36:51.757Z,54.36000061035156,92.31999969482422,95
2026-05-23T08:36:51.825Z,54.36000061035156,92.31999969482422,95
2026-05-23T08:36:51.892Z,54.36000061035156,92.31999969482422,95
2026-05-23T08:36:51.960Z,54.36000061035156,92.31999969482422,95
2026-05-23T08:36:52.028Z,54.36000061035156,92.31999969482422,95
2026-05-23T08:36:52.096Z,54.36000061035156,92.31999969482422,95
2026-05-23T08:36:52.164Z,54.36000061035156,92.31999969482422,95
2026-05-23T08:36:52.232Z,54.36000061035156,92.31999969482422,95
2026-05-23T08:36:52.300Z,54.36000061035156,92.31999969482422,95
2026-05-23T08:36:52.368Z,54.36000061035156,92.31999969482422,95
2026-05-23T08:36:52.436Z,54.36000061035156,92.31999969482422,95
2026-05-23T08:36:52.504Z,54.36000061035156,92.31999969482422,95
2026-05-23T08:36:52.572Z,54.36000061035156,92.31999969482422,95
2026-05-23T08:36:52.640Z,54.36000061035156,92.31999969482422,95
2026-05-23T08:36:52.708Z,54.36000061035156,92.31999969482422,95
2026-05-23T08:36:52.776Z,54.36000061035156,92.31999969482422,95
2026-05-23T08:36:52.844Z,54.36000061035156,92.31999969482422,95
2026-05-23T08:36:52.912Z,54.36000061035156,92.31999969482422,95
2026-05-23T08:36:52.980Z,54.36000061035156,92.31999969482422,95
2026-05-23T08:36:53.048Z,54.36000061035156,92.31999969482422,95
2026-05-23T08:36:53.116Z,54.36000061035156,92.31999969482422,95
2026-05-23T08:36:53.184Z,54.36000061035156,92.31999969482422,95
2026-05-23T08:36:53.252Z,54.36000061035156,92.31999969482422,95
2026-05-23T08:36:53.320Z,54.36000061035156,92.31999969482422,95
2026-05-23T08:36:53.388Z,54.36000061035156,92.31999969482422,95
2026-05-23T08:36:53.456Z,54.36000061035156,92.31999969482422,95
2026-05-23T08:36:53.524Z,54.36000061035156,92.31999969482422,95
2026-05-23T08:36:53.592Z,54.36000061035156,92.31999969482422,95
2026-05-23T08:36:53.659Z,54.36000061035156,92.31999969482422,95
2026-05-23T08:36:53.727Z,54.36000061035156,92.31999969482422,95
2026-05-23T08:36:53.795Z,54.36000061035156,92.31999969482422,95
2026-05-23T08:36:53.863Z,54.36000061035156,92.31999969482422,95
2026-05-23T08:36:53.931Z,54.36000061035156,92.31999969482422,95
2026-05-23T08:36:53.999Z,54.36000061035156,92.31999969482422,95
2026-05-23T08:36:54.067Z,54.36000061035156,92.31999969482422,95
2026-05-23T08:36:54.135Z,54.36000061035156,92.31999969482422,95
2026-05-23T08:36:54.203Z,54.36000061035156,92.31999969482422,95
2026-05-23T08:36:54.271Z,54.36000061035156,92.31999969482422,95
2026-05-23T08:36:54.339Z,54.36000061035156,92.31999969482422,95
2026-05-23T08:36:54.407Z,54.36000061035156,92.31999969482422,95
2026-05-23T08:36:54.475Z,54.36000061035156,92.31999969482422,95
2026-05-23T08:36:54.543Z,54.36000061035156,92.31999969482422,95
2026-05-23T08:36:54.611Z,54.36000061035156,92.31999969482422,95
2026-05-23T08:36:54.679Z,54.36000061035156,92.31999969482422,95
2026-05-23T08:36:54.747Z,54.36000061035156,92.31999969482422,95
2026-05-23T08:36:54.814Z,54.36000061035156,92.31999969482422,95
2026-05-23T08:36:54.882Z,54.36000061035156,92.31999969482422,95
2026-05-23T08:36:54.950Z,54.36000061035156,92.31999969482422,95
2026-05-23T08:36:55.018Z,54.36000061035156,92.31999969482422,95
2026-05-23T08:36:55.086Z,54.36000061035156,92.31999969482422,95
2026-05-23T08:36:55.155Z,54.36000061035156,92.31999969482422,95
2026-05-23T08:36:55.223Z,54.36000061035156,92.31999969482422,95
2026-05-23T08:36:55.291Z,54.36000061035156,92.31999969482422,95
2026-05-23T08:36:55.358Z,54.36000061035156,92.31999969482422,95
2026-05-23T08:36:55.426Z,54.36000061035156,92.31999969482422,95
2026-05-23T08:36:55.494Z,54.36000061035156,92.31999969482422,95
2026-05-23T08:36:55.562Z,54.36000061035156,92.31999969482422,95
2026-05-23T08:36:55.630Z,54.36000061035156,92.31999969482422,95
2026-05-23T08:36:55.698Z,54.36000061035156,92.31999969482422,95
2026-05-23T08:36:55.766Z,54.36000061035156,92.7699966430664,95
2026-05-23T08:36:55.834Z,50.20000076293945,92.7699966430664,95
2026-05-23T08:36:55.902Z,51.95000076293945,92.7699966430664,95
2026-05-23T08:36:55.970Z,51.95000076293945,92.7699966430664,95
2026-05-23T08:36:56.038Z,51.95000076293945,92.7699966430664,95
2026-05-23T08:36:56.106Z,51.95000076293945,92.7699966430664,95
2026-05-23T08:36:56.174Z,51.95000076293945,92.7699966430664,95
2026-05-23T08:36:56.242Z,51.95000076293945,92.31999969482422,95
2026-05-23T08:36:56.310Z,56.11000061035156,92.31999969482422,95
2026-05-23T08:36:56.377Z,54.36000061035156,92.31999969482422,95
2026-05-23T08:36:56.445Z,54.36000061035156,92.31999969482422,95
2026-05-23T08:36:56.513Z,54.36000061035156,92.31999969482422,95
2026-05-23T08:36:56.581Z,54.36000061035156,92.31999969482422,95
2026-05-23T08:36:56.649Z,54.36000061035156,92.31999969482422,95
2026-05-23T08:36:56.717Z,54.36000061035156,92.31999969482422,95
2026-05-23T08:36:56.785Z,54.36000061035156,92.31999969482422,95
2026-05-23T08:36:56.853Z,54.36000061035156,92.31999969482422,95
2026-05-23T08:36:56.921Z,54.36000061035156,92.31999969482422,95
2026-05-23T08:36:56.989Z,54.36000061035156,92.31999969482422,95
2026-05-23T08:36:57.057Z,54.36000061035156,92.31999969482422,95
2026-05-23T08:36:57.125Z,54.36000061035156,92.31999969482422,95
2026-05-23T08:36:57.193Z,54.36000061035156,92.31999969482422,95
2026-05-23T08:36:57.261Z,54.36000061035156,92.31999969482422,95
2026-05-23T08:36:57.329Z,54.36000061035156,92.7699966430664,95
2026-05-23T08:36:57.397Z,50.220001220703125,92.7699966430664,95
2026-05-23T08:36:57.465Z,51.95000076293945,92.7699966430664,95
2026-05-23T08:36:57.533Z,51.95000076293945,92.7699966430664,95
2026-05-23T08:36:57.601Z,51.95000076293945,92.7699966430664,95
2026-05-23T08:36:57.669Z,51.95000076293945,92.7699966430664,95
2026-05-23T08:36:57.737Z,51.95000076293945,92.7699966430664,95
2026-05-23T08:36:57.805Z,51.95000076293945,92.7699966430664,95
2026-05-23T08:36:57.873Z,51.95000076293945,92.7699966430664,95
2026-05-23T08:36:57.941Z,51.95000076293945,92.7699966430664,95
2026-05-23T08:36:58.009Z,51.95000076293945,92.7699966430664,95
2026-05-23T08:36:58.076Z,51.95000076293945,92.7699966430664,95
2026-05-23T08:36:58.144Z,51.95000076293945,92.7699966430664,95
2026-05-23T08:36:58.212Z,51.95000076293945,92.7699966430664,95
2026-05-23T08:36:58.280Z,51.95000076293945,92.7699966430664,95
2026-05-23T08:36:58.348Z,51.95000076293945,92.7699966430664,95
2026-05-23T08:36:58.416Z,51.95000076293945,92.7699966430664,95
2026-05-23T08:36:58.484Z,51.95000076293945,92.7699966430664,95
2026-05-23T08:36:58.552Z,51.95000076293945,92.7699966430664,95
2026-05-23T08:36:58.620Z,51.95000076293945,92.7699966430664,95
2026-05-23T08:36:58.688Z,51.95000076293945,92.7699966430664,95
2026-05-23T08:36:58.756Z,51.95000076293945,92.7699966430664,95
2026-05-23T08:36:58.824Z,51.95000076293945,92.7699966430664,95
2026-05-23T08:36:58.892Z,51.95000076293945,92.7699966430664,95
2026-05-23T08:36:58.960Z,51.95000076293945,92.7699966430664,95
2026-05-23T08:36:59.028Z,51.95000076293945,92.7699966430664,95
2026-05-23T08:36:59.096Z,51.95000076293945,92.7699966430664,95
2026-05-23T08:36:59.164Z,51.95000076293945,92.7699966430664,95
2026-05-23T08:36:59.232Z,51.95000076293945,92.7699966430664,95
2026-05-23T08:36:59.299Z,51.95000076293945,92.7699966430664,95
2026-05-23T08:36:59.367Z,51.95000076293945,92.7699966430664,95
2026-05-23T08:36:59.435Z,51.95000076293945,92.7699966430664,95
2026-05-23T08:36:59.503Z,51.95000076293945,92.7699966430664,95
2026-05-23T08:36:59.571Z,51.95000076293945,92.7699966430664,95
2026-05-23T08:36:59.640Z,51.95000076293945,92.7699966430664,95
2026-05-23T08:36:59.707Z,51.95000076293945,92.7699966430664,95
2026-05-23T08:36:59.775Z,51.95000076293945,92.7699966430664,95
2026-05-23T08:36:59.843Z,51.95000076293945,92.7699966430664,95
2026-05-23T08:36:59.911Z,51.95000076293945,92.7699966430664,95
2026-05-23T08:36:59.979Z,51.95000076293945,92.7699966430664,95
2026-05-23T08:37:00.047Z,51.95000076293945,92.7699966430664,95
2026-05-23T08:37:00.115Z,51.95000076293945,92.7699966430664,95
2026-05-23T08:37:00.183Z,51.95000076293945,92.7699966430664,95
2026-05-23T08:37:00.251Z,51.95000076293945,92.7699966430664,95
2026-05-23T08:37:00.319Z,51.95000076293945,92.7699966430664,95
2026-05-23T08:37:00.387Z,51.95000076293945,92.7699966430664,95
2026-05-23T08:37:00.455Z,51.95000076293945,92.7699966430664,95
2026-05-23T08:37:00.523Z,51.95000076293945,92.7699966430664,95
2026-05-23T08:37:00.591Z,51.95000076293945,92.7699966430664,95
2026-05-23T08:37:00.659Z,51.95000076293945,92.7699966430664,95
2026-05-23T08:37:00.727Z,51.95000076293945,92.7699966430664,95
2026-05-23T08:37:00.794Z,51.95000076293945,92.7699966430664,95
2026-05-23T08:37:00.862Z,51.95000076293945,92.7699966430664,95
2026-05-23T08:37:00.930Z,51.95000076293945,92.7699966430664,95
2026-05-23T08:37:00.998Z,51.95000076293945,92.7699966430664,95
2026-05-23T08:37:01.066Z,51.95000076293945,92.7699966430664,95
2026-05-23T08:37:01.134Z,51.95000076293945,92.7699966430664,95
2026-05-23T08:37:01.202Z,51.95000076293945,92.7699966430664,95
2026-05-23T08:37:01.270Z,51.95000076293945,92.7699966430664,95
2026-05-23T08:37:01.338Z,51.95000076293945,92.7699966430664,95
2026-05-23T08:37:01.406Z,51.95000076293945,92.7699966430664,95
2026-05-23T08:37:01.474Z,51.95000076293945,92.7699966430664,95
2026-05-23T08:37:01.542Z,51.95000076293945,92.7699966430664,95
2026-05-23T08:37:01.610Z,51.95000076293945,92.7699966430664,95
2026-05-23T08:37:01.678Z,51.95000076293945,92.7699966430664,95
2026-05-23T08:37:01.746Z,51.95000076293945,92.7699966430664,95
2026-05-23T08:37:01.814Z,51.95000076293945,92.7699966430664,95
2026-05-23T08:37:01.882Z,51.95000076293945,92.7699966430664,95
2026-05-23T08:37:01.950Z,51.95000076293945,92.7699966430664,95
2026-05-23T08:37:02.018Z,51.95000076293945,92.7699966430664,95
2026-05-23T08:37:02.086Z,51.95000076293945,92.7699966430664,95
2026-05-23T08:37:02.154Z,51.95000076293945,92.7699966430664,95
2026-05-23T08:37:02.222Z,51.95000076293945,92.7699966430664,95
2026-05-23T08:37:02.290Z,51.95000076293945,92.7699966430664,95
2026-05-23T08:37:02.358Z,51.95000076293945,92.7699966430664,95
2026-05-23T08:37:02.426Z,51.95000076293945,92.7699966430664,95
2026-05-23T08:37:02.493Z,51.95000076293945,92.7699966430664,95
2026-05-23T08:37:02.561Z,51.95000076293945,92.7699966430664,95
2026-05-23T08:37:02.629Z,51.95000076293945,92.7699966430664,95
2026-05-23T08:37:02.697Z,51.95000076293945,92.7699966430664,95
2026-05-23T08:37:02.765Z,51.95000076293945,92.7699966430664,95
2026-05-23T08:37:02.833Z,51.95000076293945,92.7699966430664,95
2026-05-23T08:37:02.901Z,51.95000076293945,92.7699966430664,95
2026-05-23T08:37:02.969Z,51.95000076293945,92.7699966430664,95
2026-05-23T08:37:03.037Z,51.95000076293945,92.7699966430664,95
2026-05-23T08:37:03.110Z,51.95000076293945,92.7699966430664,95
2026-05-23T08:37:03.173Z,51.95000076293945,92.7699966430664,95
2026-05-23T08:37:03.241Z,51.95000076293945,92.7699966430664,95
2026-05-23T08:37:03.309Z,51.95000076293945,92.7699966430664,95
2026-05-23T08:37:03.377Z,51.95000076293945,92.7699966430664,95
2026-05-23T08:37:03.445Z,51.95000076293945,92.7699966430664,95
2026-05-23T08:37:03.513Z,51.95000076293945,92.7699966430664,95
2026-05-23T08:37:03.581Z,51.95000076293945,92.7699966430664,95
2026-05-23T08:37:03.649Z,51.95000076293945,92.7699966430664,95
2026-05-23T08:37:03.717Z,51.95000076293945,92.7699966430664,95
2026-05-23T08:37:03.785Z,51.95000076293945,92.7699966430664,95
2026-05-23T08:37:03.853Z,51.95000076293945,92.7699966430664,95
2026-05-23T08:37:03.920Z,51.95000076293945,92.7699966430664,95
2026-05-23T08:37:03.988Z,51.95000076293945,92.7699966430664,95
2026-05-23T08:37:04.057Z,51.95000076293945,92.7699966430664,95
2026-05-23T08:37:04.125Z,51.95000076293945,92.7699966430664,95
2026-05-23T08:37:04.192Z,51.95000076293945,92.7699966430664,95
2026-05-23T08:37:04.260Z,51.95000076293945,92.7699966430664,95
2026-05-23T08:37:04.328Z,51.95000076293945,92.7699966430664,95
2026-05-23T08:37:04.396Z,51.95000076293945,92.7699966430664,95
2026-05-23T08:37:04.464Z,51.95000076293945,92.7699966430664,95
2026-05-23T08:37:04.532Z,51.95000076293945,92.7699966430664,95
2026-05-23T08:37:04.600Z,51.95000076293945,92.7699966430664,95
2026-05-23T08:37:04.668Z,51.95000076293945,92.7699966430664,95
2026-05-23T08:37:04.736Z,51.95000076293945,92.7699966430664,95
2026-05-23T08:37:04.804Z,51.95000076293945,92.7699966430664,95
2026-05-23T08:37:04.872Z,51.95000076293945,92.7699966430664,95
2026-05-23T08:37:04.940Z,51.95000076293945,92.7699966430664,95
2026-05-23T08:37:05.008Z,51.95000076293945,92.7699966430664,95
2026-05-23T08:37:05.076Z,51.95000076293945,92.7699966430664,95
2026-05-23T08:37:05.144Z,51.95000076293945,92.7699966430664,95
2026-05-23T08:37:05.212Z,51.95000076293945,92.7699966430664,95
2026-05-23T08:37:05.280Z,51.95000076293945,92.7699966430664,95
2026-05-23T08:37:05.348Z,51.95000076293945,92.7699966430664,95
2026-05-23T08:37:05.415Z,51.95000076293945,92.7699966430664,95
2026-05-23T08:37:05.483Z,51.95000076293945,92.7699966430664,95
2026-05-23T08:37:05.552Z,51.95000076293945,92.7699966430664,95
2026-05-23T08:37:05.619Z,51.95000076293945,92.7699966430664,95
2026-05-23T08:37:05.687Z,51.95000076293945,92.7699966430664,95
2026-05-23T08:37:05.755Z,51.95000076293945,92.7699966430664,95
2026-05-23T08:37:05.823Z,51.95000076293945,92.7699966430664,95
2026-05-23T08:37:05.891Z,51.95000076293945,92.7699966430664,95
2026-05-23T08:37:05.959Z,51.95000076293945,92.7699966430664,95
2026-05-23T08:37:06.027Z,51.95000076293945,92.7699966430664,95
2026-05-23T08:37:06.095Z,51.95000076293945,92.7699966430664,95
2026-05-23T08:37:06.163Z,51.95000076293945,92.7699966430664,95
2026-05-23T08:37:06.231Z,51.95000076293945,92.7699966430664,95
2026-05-23T08:37:06.299Z,51.95000076293945,92.7699966430664,95
2026-05-23T08:37:06.367Z,51.95000076293945,92.7699966430664,95
2026-05-23T08:37:06.435Z,51.95000076293945,92.7699966430664,95
2026-05-23T08:37:06.503Z,51.95000076293945,92.7699966430664,95
2026-05-23T08:37:06.571Z,51.95000076293945,92.7699966430664,95
2026-05-23T08:37:06.639Z,51.95000076293945,92.7699966430664,95
2026-05-23T08:37:06.707Z,51.95000076293945,92.7699966430664,95
2026-05-23T08:37:06.775Z,51.95000076293945,92.7699966430664,95
2026-05-23T08:37:06.843Z,51.95000076293945,92.7699966430664,95
2026-05-23T08:37:06.910Z,51.95000076293945,92.7699966430664,95
2026-05-23T08:37:06.978Z,51.95000076293945,92.7699966430664,95
2026-05-23T08:37:07.046Z,51.95000076293945,92.7699966430664,95
2026-05-23T08:37:07.114Z,51.95000076293945,92.7699966430664,95
2026-05-23T08:37:07.182Z,51.95000076293945,92.7699966430664,95
2026-05-23T08:37:07.250Z,51.95000076293945,92.7699966430664,95
2026-05-23T08:37:07.318Z,51.95000076293945,92.7699966430664,95
2026-05-23T08:37:07.386Z,51.95000076293945,92.7699966430664,95
2026-05-23T08:37:07.454Z,51.95000076293945,92.7699966430664,95
2026-05-23T08:37:07.522Z,51.95000076293945,92.7699966430664,95
2026-05-23T08:37:07.590Z,51.95000076293945,92.7699966430664,95
2026-05-23T08:37:07.658Z,51.95000076293945,92.7699966430664,95
2026-05-23T08:37:07.726Z,51.95000076293945,92.7699966430664,95
2026-05-23T08:37:07.794Z,51.95000076293945,92.7699966430664,95
2026-05-23T08:37:07.862Z,51.95000076293945,92.7699966430664,95
2026-05-23T08:37:07.930Z,51.95000076293945,92.7699966430664,95
2026-05-23T08:37:07.998Z,51.95000076293945,92.7699966430664,95
2026-05-23T08:37:08.066Z,51.95000076293945,92.7699966430664,95
2026-05-23T08:37:08.134Z,51.95000076293945,92.7699966430664,95
2026-05-23T08:37:08.202Z,51.95000076293945,92.7699966430664,95
2026-05-23T08:37:08.270Z,51.95000076293945,92.7699966430664,95
2026-05-23T08:37:08.338Z,51.95000076293945,92.7699966430664,95
2026-05-23T08:37:08.405Z,51.95000076293945,92.7699966430664,95
2026-05-23T08:37:08.473Z,51.95000076293945,92.7699966430664,95
2026-05-23T08:37:08.542Z,51.95000076293945,92.7699966430664,95
2026-05-23T08:37:08.609Z,51.95000076293945,92.7699966430664,95
2026-05-23T08:37:08.683Z,51.95000076293945,92.7699966430664,95
2026-05-23T08:37:08.749Z,51.95000076293945,92.7699966430664,95
2026-05-23T08:37:08.831Z,51.95000076293945,92.7699966430664,95
2026-05-23T08:37:08.891Z,51.95000076293945,92.7699966430664,95
2026-05-23T08:37:08.970Z,51.95000076293945,92.7699966430664,95
2026-05-23T08:37:09.017Z,51.95000076293945,92.7699966430664,95
2026-05-23T08:37:09.135Z,51.95000076293945,92.7699966430664,95
2026-05-23T08:37:09.201Z,51.95000076293945,92.7699966430664,95
2026-05-23T08:37:09.232Z,51.95000076293945,92.7699966430664,95
2026-05-23T08:37:09.289Z,51.95000076293945,92.7699966430664,95
2026-05-23T08:37:09.403Z,51.95000076293945,92.7699966430664,95
2026-05-23T08:37:09.433Z,51.95000076293945,92.7699966430664,95
2026-05-23T08:37:09.496Z,51.95000076293945,92.7699966430664,95
2026-05-23T08:37:09.561Z,51.95000076293945,92.7699966430664,95
2026-05-23T08:37:09.629Z,51.95000076293945,92.7699966430664,95
2026-05-23T08:37:09.697Z,51.95000076293945,92.7699966430664,95
2026-05-23T08:37:09.765Z,51.95000076293945,93.22000122070312,95
2026-05-23T08:37:09.833Z,47.75,93.22000122070312,95
2026-05-23T08:37:09.903Z,49.5,93.22000122070312,95
2026-05-23T08:37:09.969Z,49.5,93.22000122070312,95
2026-05-23T08:37:10.038Z,49.5,93.22000122070312,95
2026-05-23T08:37:10.148Z,49.5,92.7699966430664,95
2026-05-23T08:37:10.212Z,53.70000076293945,92.7699966430664,95
2026-05-23T08:37:10.289Z,51.95000076293945,92.7699966430664,95
2026-05-23T08:37:10.350Z,51.95000076293945,92.7699966430664,95
2026-05-23T08:37:10.397Z,51.95000076293945,92.7699966430664,95
2026-05-23T08:37:10.501Z,51.95000076293945,92.7699966430664,95
2026-05-23T08:37:10.525Z,51.95000076293945,92.7699966430664,95
2026-05-23T08:37:10.634Z,51.95000076293945,92.7699966430664,95
2026-05-23T08:37:10.648Z,51.95000076293945,92.7699966430664,95
2026-05-23T08:37:10.780Z,51.95000076293945,92.7699966430664,95
2026-05-23T08:37:10.795Z,51.95000076293945,92.7699966430664,95
2026-05-23T08:37:10.904Z,51.95000076293945,92.7699966430664,95
2026-05-23T08:37:10.958Z,51.95000076293945,92.7699966430664,95
2026-05-23T08:37:10.989Z,51.95000076293945,92.7699966430664,95
2026-05-23T08:37:11.082Z,51.95000076293945,92.7699966430664,95
2026-05-23T08:37:11.165Z,51.95000076293945,92.7699966430664,95
2026-05-23T08:37:11.229Z,51.95000076293945,92.7699966430664,95
2026-05-23T08:37:11.293Z,51.95000076293945,92.7699966430664,95
2026-05-23T08:37:11.374Z,51.95000076293945,92.7699966430664,95
2026-05-23T08:37:11.425Z,51.95000076293945,92.7699966430664,95
2026-05-23T08:37:11.464Z,51.95000076293945,92.7699966430664,95
2026-05-23T08:37:11.557Z,51.95000076293945,92.7699966430664,95
2026-05-23T08:37:11.624Z,51.95000076293945,92.7699966430664,95
2026-05-23T08:37:11.679Z,51.95000076293945,92.7699966430664,95
2026-05-23T08:37:11.751Z,51.95000076293945,92.7699966430664,95
2026-05-23T08:37:11.833Z,51.95000076293945,92.7699966430664,95
2026-05-23T08:37:11.872Z,51.95000076293945,92.7699966430664,95
2026-05-23T08:37:11.969Z,51.95000076293945,93.22000122070312,95
2026-05-23T08:37:12.007Z,47.720001220703125,93.22000122070312,95
2026-05-23T08:37:12.081Z,49.5,93.22000122070312,95
2026-05-23T08:37:12.144Z,49.5,92.7699966430664,95
2026-05-23T08:37:12.211Z,53.70000076293945,92.7699966430664,95
2026-05-23T08:37:12.279Z,51.95000076293945,92.7699966430664,95
2026-05-23T08:37:12.347Z,51.95000076293945,92.7699966430664,95
2026-05-23T08:37:12.415Z,51.95000076293945,92.7699966430664,95
2026-05-23T08:37:12.483Z,51.95000076293945,92.7699966430664,95
2026-05-23T08:37:12.551Z,51.95000076293945,92.7699966430664,95
2026-05-23T08:37:12.619Z,51.95000076293945,92.7699966430664,95
2026-05-23T08:37:12.687Z,51.95000076293945,92.7699966430664,95
2026-05-23T08:37:12.755Z,51.95000076293945,92.7699966430664,95
2026-05-23T08:37:12.822Z,51.95000076293945,92.7699966430664,95
2026-05-23T08:37:12.890Z,51.95000076293945,92.7699966430664,95
2026-05-23T08:37:12.958Z,51.95000076293945,92.7699966430664,95
2026-05-23T08:37:13.027Z,51.95000076293945,92.7699966430664,95
2026-05-23T08:37:13.094Z,51.95000076293945,92.7699966430664,95
2026-05-23T08:37:13.163Z,51.95000076293945,92.7699966430664,95
2026-05-23T08:37:13.230Z,51.95000076293945,92.7699966430664,95
2026-05-23T08:37:13.298Z,51.95000076293945,92.7699966430664,95
2026-05-23T08:37:13.366Z,51.95000076293945,92.7699966430664,95
2026-05-23T08:37:13.434Z,51.95000076293945,92.7699966430664,95
2026-05-23T08:37:13.502Z,51.95000076293945,92.7699966430664,95
2026-05-23T08:37:13.570Z,51.95000076293945,92.7699966430664,95
2026-05-23T08:37:13.638Z,51.95000076293945,92.7699966430664,95
2026-05-23T08:37:13.706Z,51.95000076293945,92.7699966430664,95
2026-05-23T08:37:13.774Z,51.95000076293945,92.7699966430664,95
2026-05-23T08:37:13.842Z,51.95000076293945,92.7699966430664,95
2026-05-23T08:37:13.910Z,51.95000076293945,93.22000122070312,95
2026-05-23T08:37:13.978Z,47.720001220703125,93.22000122070312,95
2026-05-23T08:37:14.046Z,49.5,93.22000122070312,95
2026-05-23T08:37:14.114Z,49.5,92.7699966430664,95
2026-05-23T08:37:14.182Z,53.70000076293945,92.7699966430664,95
2026-05-23T08:37:14.250Z,51.95000076293945,92.7699966430664,95
2026-05-23T08:37:14.317Z,51.95000076293945,92.7699966430664,95
2026-05-23T08:37:14.385Z,51.95000076293945,92.7699966430664,95
2026-05-23T08:37:14.453Z,51.95000076293945,92.7699966430664,95
2026-05-23T08:37:14.521Z,51.95000076293945,92.7699966430664,95
2026-05-23T08:37:14.589Z,51.95000076293945,92.7699966430664,95
2026-05-23T08:37:14.657Z,51.95000076293945,92.7699966430664,95
2026-05-23T08:37:14.725Z,51.95000076293945,92.7699966430664,95
2026-05-23T08:37:14.794Z,51.95000076293945,92.7699966430664,95
2026-05-23T08:37:14.861Z,51.95000076293945,92.7699966430664,95
2026-05-23T08:37:14.929Z,51.95000076293945,92.7699966430664,95
2026-05-23T08:37:14.997Z,51.95000076293945,92.7699966430664,95
2026-05-23T08:37:15.065Z,51.95000076293945,92.7699966430664,95
2026-05-23T08:37:15.133Z,51.95000076293945,92.7699966430664,95
2026-05-23T08:37:15.201Z,51.95000076293945,92.7699966430664,95
2026-05-23T08:37:15.269Z,51.95000076293945,92.7699966430664,95
2026-05-23T08:37:15.337Z,51.95000076293945,92.7699966430664,95
2026-05-23T08:37:15.405Z,51.95000076293945,92.7699966430664,95
2026-05-23T08:37:15.482Z,51.95000076293945,92.7699966430664,95
2026-05-23T08:37:15.541Z,51.95000076293945,92.7699966430664,95
2026-05-23T08:37:15.609Z,51.95000076293945,92.7699966430664,95
2026-05-23T08:37:15.677Z,51.95000076293945,92.7699966430664,95
2026-05-23T08:37:15.745Z,51.95000076293945,92.7699966430664,95
2026-05-23T08:37:15.813Z,51.95000076293945,92.7699966430664,95
2026-05-23T08:37:15.880Z,51.95000076293945,92.7699966430664,95
2026-05-23T08:37:15.948Z,51.95000076293945,93.22000122070312,95
2026-05-23T08:37:16.016Z,47.75,93.22000122070312,95
2026-05-23T08:37:16.084Z,49.5,93.22000122070312,95
2026-05-23T08:37:16.152Z,49.5,93.22000122070312,95
2026-05-23T08:37:16.220Z,49.5,92.7699966430664,95
2026-05-23T08:37:16.288Z,53.720001220703125,92.7699966430664,95
2026-05-23T08:37:16.356Z,51.95000076293945,92.7699966430664,95
2026-05-23T08:37:16.424Z,51.95000076293945,92.7699966430664,95
2026-05-23T08:37:16.492Z,51.95000076293945,92.7699966430664,95
2026-05-23T08:37:16.560Z,51.95000076293945,92.7699966430664,95
2026-05-23T08:37:16.628Z,51.95000076293945,92.7699966430664,95
2026-05-23T08:37:16.696Z,51.95000076293945,92.7699966430664,95
2026-05-23T08:37:16.764Z,51.95000076293945,92.7699966430664,95
2026-05-23T08:37:16.832Z,51.95000076293945,92.7699966430664,95
2026-05-23T08:37:16.900Z,51.95000076293945,92.7699966430664,95
2026-05-23T08:37:16.968Z,51.95000076293945,92.7699966430664,95
2026-05-23T08:37:17.036Z,51.95000076293945,92.7699966430664,95
2026-05-23T08:37:17.104Z,51.95000076293945,92.7699966430664,95
2026-05-23T08:37:17.172Z,51.95000076293945,92.7699966430664,95
2026-05-23T08:37:17.240Z,51.95000076293945,92.7699966430664,95
2026-05-23T08:37:17.307Z,51.95000076293945,92.7699966430664,95
2026-05-23T08:37:17.376Z,51.95000076293945,92.7699966430664,95
2026-05-23T08:37:17.444Z,51.95000076293945,92.7699966430664,95
2026-05-23T08:37:17.512Z,51.95000076293945,92.7699966430664,95
2026-05-23T08:37:17.579Z,51.95000076293945,92.7699966430664,95
2026-05-23T08:37:17.647Z,51.95000076293945,93.22000122070312,95
2026-05-23T08:37:17.715Z,47.720001220703125,93.22000122070312,95
2026-05-23T08:37:17.783Z,49.5,93.22000122070312,95
2026-05-23T08:37:17.851Z,49.5,93.22000122070312,95
2026-05-23T08:37:17.919Z,49.5,93.22000122070312,95
2026-05-23T08:37:17.987Z,49.5,93.22000122070312,95
2026-05-23T08:37:18.055Z,49.5,93.22000122070312,95
2026-05-23T08:37:18.123Z,49.5,93.22000122070312,95
2026-05-23T08:37:18.191Z,49.5,93.22000122070312,95
2026-05-23T08:37:18.259Z,49.5,93.22000122070312,95
2026-05-23T08:37:18.327Z,49.5,93.22000122070312,95
2026-05-23T08:37:18.395Z,49.5,92.7699966430664,95
2026-05-23T08:37:18.463Z,53.70000076293945,92.7699966430664,95
2026-05-23T08:37:18.531Z,51.95000076293945,92.7699966430664,95
2026-05-23T08:37:18.599Z,51.95000076293945,92.7699966430664,95
2026-05-23T08:37:18.667Z,51.95000076293945,92.7699966430664,95
2026-05-23T08:37:18.735Z,51.95000076293945,92.7699966430664,95
2026-05-23T08:37:18.802Z,51.95000076293945,92.7699966430664,95
2026-05-23T08:37:18.870Z,51.95000076293945,92.7699966430664,95
2026-05-23T08:37:18.938Z,51.95000076293945,92.7699966430664,95
2026-05-23T08:37:19.006Z,51.95000076293945,92.7699966430664,95
2026-05-23T08:37:19.074Z,51.95000076293945,92.7699966430664,95
2026-05-23T08:37:19.142Z,51.95000076293945,92.7699966430664,95
2026-05-23T08:37:19.210Z,51.95000076293945,92.7699966430664,95
2026-05-23T08:37:19.278Z,51.95000076293945,92.7699966430664,95
2026-05-23T08:37:19.346Z,51.95000076293945,92.7699966430664,95
2026-05-23T08:37:19.414Z,51.95000076293945,92.7699966430664,95
2026-05-23T08:37:19.482Z,51.95000076293945,92.7699966430664,95
2026-05-23T08:37:19.550Z,51.95000076293945,92.7699966430664,95
2026-05-23T08:37:19.618Z,51.95000076293945,93.22000122070312,95
2026-05-23T08:37:19.686Z,47.720001220703125,93.22000122070312,95
2026-05-23T08:37:19.754Z,49.5,93.22000122070312,95
2026-05-23T08:37:19.822Z,49.5,93.22000122070312,95
2026-05-23T08:37:19.890Z,49.5,93.22000122070312,95
2026-05-23T08:37:19.958Z,49.5,93.22000122070312,95
2026-05-23T08:37:20.026Z,49.5,93.22000122070312,95
2026-05-23T08:37:20.094Z,49.5,93.22000122070312,95
2026-05-23T08:37:20.162Z,49.5,93.22000122070312,95
2026-05-23T08:37:20.230Z,49.5,93.22000122070312,95
2026-05-23T08:37:20.298Z,49.5,93.22000122070312,95
2026-05-23T08:37:20.366Z,49.5,93.22000122070312,95
2026-05-23T08:37:20.433Z,49.5,92.7699966430664,95
2026-05-23T08:37:20.501Z,53.720001220703125,92.7699966430664,95
2026-05-23T08:37:20.569Z,51.95000076293945,92.7699966430664,95
2026-05-23T08:37:20.637Z,51.95000076293945,92.7699966430664,95
2026-05-23T08:37:20.705Z,51.95000076293945,92.7699966430664,95
2026-05-23T08:37:20.773Z,51.95000076293945,92.7699966430664,95
2026-05-23T08:37:20.841Z,51.95000076293945,92.7699966430664,95
2026-05-23T08:37:20.909Z,51.95000076293945,92.7699966430664,95
2026-05-23T08:37:20.977Z,51.95000076293945,92.7699966430664,95
2026-05-23T08:37:21.045Z,51.95000076293945,92.7699966430664,95
2026-05-23T08:37:21.113Z,51.95000076293945,92.7699966430664,95
2026-05-23T08:37:21.181Z,51.95000076293945,92.7699966430664,95
2026-05-23T08:37:21.249Z,51.95000076293945,92.7699966430664,95
2026-05-23T08:37:21.317Z,51.95000076293945,92.7699966430664,95
2026-05-23T08:37:21.385Z,51.95000076293945,92.7699966430664,95
2026-05-23T08:37:21.453Z,51.95000076293945,92.7699966430664,95
2026-05-23T08:37:21.521Z,51.95000076293945,92.7699966430664,95
2026-05-23T08:37:21.592Z,51.95000076293945,92.7699966430664,95
2026-05-23T08:37:21.657Z,51.95000076293945,93.22000122070312,95
2026-05-23T08:37:21.725Z,47.779998779296875,93.22000122070312,95
2026-05-23T08:37:21.793Z,49.5,93.22000122070312,95
2026-05-23T08:37:21.860Z,49.5,93.22000122070312,95
2026-05-23T08:37:21.929Z,49.5,93.22000122070312,95
2026-05-23T08:37:21.997Z,49.5,93.22000122070312,95
2026-05-23T08:37:22.064Z,49.5,93.22000122070312,95
2026-05-23T08:37:22.132Z,49.5,93.22000122070312,95
2026-05-23T08:37:22.200Z,49.5,93.22000122070312,95
2026-05-23T08:37:22.268Z,49.5,93.22000122070312,95
2026-05-23T08:37:22.336Z,49.5,93.22000122070312,95
2026-05-23T08:37:22.404Z,49.5,92.7699966430664,95
2026-05-23T08:37:22.472Z,53.720001220703125,92.7699966430664,95
2026-05-23T08:37:22.540Z,51.95000076293945,92.7699966430664,95
2026-05-23T08:37:22.608Z,51.95000076293945,92.7699966430664,95
2026-05-23T08:37:22.676Z,51.95000076293945,92.7699966430664,95
2026-05-23T08:37:22.744Z,51.95000076293945,92.7699966430664,95
2026-05-23T08:37:22.812Z,51.95000076293945,92.7699966430664,95
2026-05-23T08:37:22.880Z,51.95000076293945,92.7699966430664,95
2026-05-23T08:37:22.948Z,51.95000076293945,92.7699966430664,95
2026-05-23T08:37:23.016Z,51.95000076293945,92.7699966430664,95
2026-05-23T08:37:23.084Z,51.95000076293945,92.7699966430664,95
2026-05-23T08:37:23.152Z,51.95000076293945,92.7699966430664,95
2026-05-23T08:37:23.220Z,51.95000076293945,92.7699966430664,95
2026-05-23T08:37:23.287Z,51.95000076293945,92.7699966430664,95
2026-05-23T08:37:23.355Z,51.95000076293945,92.7699966430664,95
2026-05-23T08:37:23.423Z,51.95000076293945,92.7699966430664,95
2026-05-23T08:37:23.491Z,51.95000076293945,92.7699966430664,95
2026-05-23T08:37:23.559Z,51.95000076293945,92.7699966430664,95
2026-05-23T08:37:23.627Z,51.95000076293945,93.22000122070312,95
2026-05-23T08:37:23.696Z,47.75,93.22000122070312,95
2026-05-23T08:37:23.764Z,49.5,93.22000122070312,95
2026-05-23T08:37:23.831Z,49.5,93.22000122070312,95
2026-05-23T08:37:23.899Z,49.5,93.22000122070312,95
2026-05-23T08:37:23.967Z,49.5,93.22000122070312,95
2026-05-23T08:37:24.035Z,49.5,93.22000122070312,95
2026-05-23T08:37:24.103Z,49.5,93.22000122070312,95
2026-05-23T08:37:24.171Z,49.5,93.22000122070312,95
2026-05-23T08:37:24.239Z,49.5,93.22000122070312,95
2026-05-23T08:37:24.313Z,49.5,93.22000122070312,95
2026-05-23T08:37:24.375Z,49.5,93.22000122070312,95
2026-05-23T08:37:24.443Z,49.5,92.7699966430664,95
2026-05-23T08:37:24.511Z,53.70000076293945,92.7699966430664,95
2026-05-23T08:37:24.579Z,51.95000076293945,93.22000122070312,95
2026-05-23T08:37:24.647Z,47.75,93.22000122070312,95
2026-05-23T08:37:24.715Z,49.5,93.22000122070312,95
2026-05-23T08:37:24.783Z,49.5,93.22000122070312,95
2026-05-23T08:37:24.850Z,49.5,93.22000122070312,95
2026-05-23T08:37:24.918Z,49.5,93.22000122070312,95
2026-05-23T08:37:24.986Z,49.5,93.22000122070312,95
2026-05-23T08:37:25.054Z,49.5,93.22000122070312,95
2026-05-23T08:37:25.122Z,49.5,93.22000122070312,95
2026-05-23T08:37:25.190Z,49.5,93.22000122070312,95
2026-05-23T08:37:25.258Z,49.5,93.22000122070312,95
2026-05-23T08:37:25.326Z,49.5,93.22000122070312,95
2026-05-23T08:37:25.394Z,49.5,93.22000122070312,95
2026-05-23T08:37:25.462Z,49.5,93.22000122070312,95
2026-05-23T08:37:25.530Z,49.5,93.22000122070312,95
2026-05-23T08:37:25.598Z,49.5,93.22000122070312,95
2026-05-23T08:37:25.666Z,49.5,93.22000122070312,95
2026-05-23T08:37:25.734Z,49.5,93.22000122070312,95
2026-05-23T08:37:25.802Z,49.5,93.22000122070312,95
2026-05-23T08:37:25.870Z,49.5,93.22000122070312,95
2026-05-23T08:37:25.938Z,49.5,93.22000122070312,95
2026-05-23T08:37:26.006Z,49.5,93.22000122070312,95
2026-05-23T08:37:26.074Z,49.5,93.22000122070312,95
2026-05-23T08:37:26.142Z,49.5,93.22000122070312,95
2026-05-23T08:37:26.210Z,49.5,93.22000122070312,95
2026-05-23T08:37:26.278Z,49.5,93.22000122070312,95
2026-05-23T08:37:26.345Z,49.5,93.22000122070312,95
2026-05-23T08:37:26.414Z,49.5,93.22000122070312,95
2026-05-23T08:37:26.481Z,49.5,93.22000122070312,95
2026-05-23T08:37:26.550Z,49.5,93.22000122070312,95
2026-05-23T08:37:26.617Z,49.5,93.22000122070312,95
2026-05-23T08:37:26.685Z,49.5,93.22000122070312,95
2026-05-23T08:37:26.753Z,49.5,93.22000122070312,95
2026-05-23T08:37:26.821Z,49.5,93.22000122070312,95
2026-05-23T08:37:26.889Z,49.5,93.22000122070312,95
2026-05-23T08:37:26.957Z,49.5,93.22000122070312,95
2026-05-23T08:37:27.025Z,49.5,93.22000122070312,95
2026-05-23T08:37:27.093Z,49.5,93.22000122070312,95
2026-05-23T08:37:27.161Z,49.5,93.22000122070312,95
2026-05-23T08:37:27.229Z,49.5,93.22000122070312,95
2026-05-23T08:37:27.297Z,49.5,93.22000122070312,95
2026-05-23T08:37:27.365Z,49.5,93.22000122070312,95
2026-05-23T08:37:27.433Z,49.5,93.22000122070312,95
2026-05-23T08:37:27.501Z,49.5,93.22000122070312,95
2026-05-23T08:37:27.569Z,49.5,93.22000122070312,95
2026-05-23T08:37:27.637Z,49.5,93.22000122070312,95
2026-05-23T08:37:27.704Z,49.5,93.22000122070312,95
2026-05-23T08:37:27.773Z,49.5,93.22000122070312,95
2026-05-23T08:37:27.840Z,49.5,93.22000122070312,95
2026-05-23T08:37:27.908Z,49.5,93.22000122070312,95
2026-05-23T08:37:27.976Z,49.5,93.22000122070312,95
2026-05-23T08:37:28.044Z,49.5,93.22000122070312,95
2026-05-23T08:37:28.112Z,49.5,93.22000122070312,95
2026-05-23T08:37:28.181Z,49.5,93.22000122070312,95
2026-05-23T08:37:28.248Z,49.5,93.22000122070312,95
2026-05-23T08:37:28.316Z,49.5,93.22000122070312,95
2026-05-23T08:37:28.384Z,49.5,93.22000122070312,95
2026-05-23T08:37:28.452Z,49.5,93.22000122070312,95
2026-05-23T08:37:28.520Z,49.5,93.22000122070312,95
2026-05-23T08:37:28.588Z,49.5,93.22000122070312,95
2026-05-23T08:37:28.656Z,49.5,93.22000122070312,95
2026-05-23T08:37:28.724Z,49.5,93.22000122070312,95
2026-05-23T08:37:28.792Z,49.5,93.22000122070312,95
2026-05-23T08:37:28.860Z,49.5,93.22000122070312,95
2026-05-23T08:37:28.928Z,49.5,93.22000122070312,95
2026-05-23T08:37:28.996Z,49.5,93.22000122070312,95
2026-05-23T08:37:29.064Z,49.5,93.22000122070312,95
2026-05-23T08:37:29.132Z,49.5,93.22000122070312,95
2026-05-23T08:37:29.200Z,49.5,93.22000122070312,95
2026-05-23T08:37:29.267Z,49.5,93.22000122070312,95
2026-05-23T08:37:29.336Z,49.5,93.22000122070312,95
2026-05-23T08:37:29.403Z,49.5,93.22000122070312,95
2026-05-23T08:37:29.471Z,49.5,93.22000122070312,95
2026-05-23T08:37:29.539Z,49.5,93.22000122070312,95
2026-05-23T08:37:29.607Z,49.5,93.22000122070312,95
2026-05-23T08:37:29.675Z,49.5,93.22000122070312,95
2026-05-23T08:37:29.743Z,49.5,93.22000122070312,95
2026-05-23T08:37:29.811Z,49.5,93.22000122070312,95
2026-05-23T08:37:29.879Z,49.5,93.22000122070312,95
2026-05-23T08:37:29.947Z,49.5,93.22000122070312,95
2026-05-23T08:37:30.015Z,49.5,93.22000122070312,95
2026-05-23T08:37:30.083Z,49.5,93.22000122070312,95
2026-05-23T08:37:30.151Z,49.5,93.22000122070312,95
2026-05-23T08:37:30.219Z,49.5,93.22000122070312,95
2026-05-23T08:37:30.287Z,49.5,93.22000122070312,95
2026-05-23T08:37:30.355Z,49.5,93.22000122070312,95
2026-05-23T08:37:30.423Z,49.5,93.22000122070312,95
2026-05-23T08:37:30.491Z,49.5,93.22000122070312,95
2026-05-23T08:37:30.559Z,49.5,93.22000122070312,95
2026-05-23T08:37:30.626Z,49.5,93.22000122070312,95
2026-05-23T08:37:30.694Z,49.5,93.22000122070312,95
2026-05-23T08:37:30.762Z,49.5,93.22000122070312,95
2026-05-23T08:37:30.831Z,49.5,93.22000122070312,95
2026-05-23T08:37:30.899Z,49.5,93.22000122070312,95
2026-05-23T08:37:30.967Z,49.5,93.22000122070312,95
2026-05-23T08:37:31.034Z,49.5,93.22000122070312,95
2026-05-23T08:37:31.102Z,49.5,93.22000122070312,95
2026-05-23T08:37:31.170Z,49.5,93.22000122070312,95
2026-05-23T08:37:31.238Z,49.5,93.22000122070312,95
2026-05-23T08:37:31.306Z,49.5,93.22000122070312,95
2026-05-23T08:37:31.374Z,49.5,93.22000122070312,95
2026-05-23T08:37:31.442Z,49.5,93.22000122070312,95
2026-05-23T08:37:31.510Z,49.5,93.22000122070312,95
2026-05-23T08:37:31.578Z,49.5,93.22000122070312,95
2026-05-23T08:37:31.646Z,49.5,93.22000122070312,95
2026-05-23T08:37:31.714Z,49.5,93.22000122070312,95
2026-05-23T08:37:31.782Z,49.5,93.22000122070312,95
2026-05-23T08:37:31.850Z,49.5,93.22000122070312,95
2026-05-23T08:37:31.918Z,49.5,93.22000122070312,95
2026-05-23T08:37:31.994Z,49.5,93.22000122070312,95
2026-05-23T08:37:32.054Z,49.5,93.22000122070312,95
2026-05-23T08:37:32.122Z,49.5,93.22000122070312,95
2026-05-23T08:37:32.190Z,49.5,93.22000122070312,95
2026-05-23T08:37:32.258Z,49.5,93.22000122070312,95
2026-05-23T08:37:32.325Z,49.5,93.22000122070312,95
2026-05-23T08:37:32.393Z,49.5,93.22000122070312,95
2026-05-23T08:37:32.461Z,49.5,93.22000122070312,95
2026-05-23T08:37:32.529Z,49.5,93.22000122070312,95
2026-05-23T08:37:32.598Z,49.5,93.22000122070312,95
2026-05-23T08:37:32.665Z,49.5,93.22000122070312,95
2026-05-23T08:37:32.733Z,49.5,93.22000122070312,95
2026-05-23T08:37:32.801Z,49.5,93.22000122070312,95
2026-05-23T08:37:32.869Z,49.5,93.22000122070312,95
2026-05-23T08:37:32.937Z,49.5,93.22000122070312,95
2026-05-23T08:37:33.005Z,49.5,93.22000122070312,95
2026-05-23T08:37:33.073Z,49.5,93.22000122070312,95
2026-05-23T08:37:33.141Z,49.5,93.22000122070312,95
2026-05-23T08:37:33.209Z,49.5,93.22000122070312,95
2026-05-23T08:37:33.277Z,49.5,93.22000122070312,95
2026-05-23T08:37:33.345Z,49.5,93.22000122070312,95
2026-05-23T08:37:33.413Z,49.5,93.22000122070312,95
2026-05-23T08:37:33.481Z,49.5,93.22000122070312,95
2026-05-23T08:37:33.549Z,49.5,93.22000122070312,95
2026-05-23T08:37:33.617Z,49.5,93.22000122070312,95
2026-05-23T08:37:33.685Z,49.5,93.22000122070312,95
2026-05-23T08:37:33.752Z,49.5,93.22000122070312,95
2026-05-23T08:37:33.820Z,49.5,93.22000122070312,95
2026-05-23T08:37:33.888Z,49.5,93.22000122070312,95
2026-05-23T08:37:33.956Z,49.5,93.22000122070312,95
2026-05-23T08:37:34.024Z,49.5,93.22000122070312,95
2026-05-23T08:37:34.092Z,49.5,93.22000122070312,95
2026-05-23T08:37:34.160Z,49.5,93.22000122070312,95
2026-05-23T08:37:34.228Z,49.5,93.22000122070312,95
2026-05-23T08:37:34.296Z,49.5,93.22000122070312,95
2026-05-23T08:37:34.364Z,49.5,93.22000122070312,95
2026-05-23T08:37:34.432Z,49.5,93.22000122070312,95
2026-05-23T08:37:34.500Z,49.5,93.22000122070312,95
2026-05-23T08:37:34.568Z,49.5,93.22000122070312,95
2026-05-23T08:37:34.645Z,49.5,93.22000122070312,95
2026-05-23T08:37:34.704Z,49.5,93.22000122070312,95
2026-05-23T08:37:34.772Z,49.5,93.22000122070312,95
2026-05-23T08:37:34.840Z,49.5,93.22000122070312,95
2026-05-23T08:37:34.908Z,49.5,93.22000122070312,95
2026-05-23T08:37:34.976Z,49.5,93.22000122070312,95
2026-05-23T08:37:35.044Z,49.5,93.22000122070312,95
2026-05-23T08:37:35.112Z,49.5,93.22000122070312,95
2026-05-23T08:37:35.179Z,49.5,93.22000122070312,95
2026-05-23T08:37:35.247Z,49.5,93.22000122070312,95
2026-05-23T08:37:35.316Z,49.5,93.22000122070312,95
2026-05-23T08:37:35.384Z,49.5,93.22000122070312,95
2026-05-23T08:37:35.451Z,49.5,93.22000122070312,95
2026-05-23T08:37:35.519Z,49.5,93.22000122070312,95
2026-05-23T08:37:35.587Z,49.5,93.22000122070312,95
2026-05-23T08:37:35.655Z,49.5,93.22000122070312,95
2026-05-23T08:37:35.723Z,49.5,93.22000122070312,95
2026-05-23T08:37:35.791Z,49.5,93.22000122070312,95
2026-05-23T08:37:35.859Z,49.5,93.22000122070312,95
2026-05-23T08:37:35.927Z,49.5,93.22000122070312,95
2026-05-23T08:37:35.995Z,49.5,93.22000122070312,95
2026-05-23T08:37:36.063Z,49.5,93.22000122070312,95
2026-05-23T08:37:36.131Z,49.5,93.22000122070312,95
2026-05-23T08:37:36.199Z,49.5,93.22000122070312,95
2026-05-23T08:37:36.267Z,49.5,93.22000122070312,95
2026-05-23T08:37:36.335Z,49.5,93.22000122070312,95
2026-05-23T08:37:36.403Z,49.5,93.22000122070312,95
2026-05-23T08:37:36.471Z,49.5,93.22000122070312,95
2026-05-23T08:37:36.539Z,49.5,93.22000122070312,95
2026-05-23T08:37:36.607Z,49.5,93.22000122070312,95
2026-05-23T08:37:36.675Z,49.5,93.22000122070312,95
2026-05-23T08:37:36.742Z,49.5,93.22000122070312,95
2026-05-23T08:37:36.810Z,49.5,93.22000122070312,95
2026-05-23T08:37:36.878Z,49.5,93.22000122070312,95
2026-05-23T08:37:36.946Z,49.5,93.22000122070312,95
2026-05-23T08:37:37.014Z,49.5,93.22000122070312,95
2026-05-23T08:37:37.083Z,49.5,93.22000122070312,95
2026-05-23T08:37:37.150Z,49.5,93.22000122070312,95
2026-05-23T08:37:37.218Z,49.5,93.22000122070312,95
2026-05-23T08:37:37.286Z,49.5,93.22000122070312,95
2026-05-23T08:37:37.354Z,49.5,93.22000122070312,95
2026-05-23T08:37:37.422Z,49.5,93.22000122070312,95
2026-05-23T08:37:37.490Z,49.5,93.22000122070312,95
2026-05-23T08:37:37.558Z,49.5,93.22000122070312,95
2026-05-23T08:37:37.626Z,49.5,93.22000122070312,95
2026-05-23T08:37:37.694Z,49.5,93.22000122070312,95
2026-05-23T08:37:37.762Z,49.5,93.22000122070312,95
2026-05-23T08:37:37.830Z,49.5,93.22000122070312,95
2026-05-23T08:37:37.898Z,49.5,93.22000122070312,95
2026-05-23T08:37:37.966Z,49.5,93.22000122070312,95
2026-05-23T08:37:38.034Z,49.5,93.22000122070312,95
2026-05-23T08:37:38.102Z,49.5,93.22000122070312,95
2026-05-23T08:37:38.169Z,49.5,93.22000122070312,95
2026-05-23T08:37:38.237Z,49.5,93.22000122070312,95
2026-05-23T08:37:38.305Z,49.5,93.22000122070312,95
2026-05-23T08:37:38.373Z,49.5,93.22000122070312,95
2026-05-23T08:37:38.441Z,49.5,93.22000122070312,95
2026-05-23T08:37:38.509Z,49.5,93.22000122070312,95
2026-05-23T08:37:38.577Z,49.5,93.22000122070312,95
2026-05-23T08:37:38.645Z,49.5,93.22000122070312,95
2026-05-23T08:37:38.713Z,49.5,93.22000122070312,95
2026-05-23T08:37:38.781Z,49.5,93.22000122070312,95
2026-05-23T08:37:38.849Z,49.5,93.22000122070312,95
2026-05-23T08:37:38.917Z,49.5,93.22000122070312,95
2026-05-23T08:37:38.985Z,49.5,93.22000122070312,95
2026-05-23T08:37:39.053Z,49.5,93.22000122070312,95
2026-05-23T08:37:39.121Z,49.5,93.22000122070312,95
2026-05-23T08:37:39.189Z,49.5,93.22000122070312,95
2026-05-23T08:37:39.257Z,49.5,93.22000122070312,95
2026-05-23T08:37:39.325Z,49.5,93.22000122070312,95
2026-05-23T08:37:39.393Z,49.5,93.22000122070312,95
2026-05-23T08:37:39.461Z,49.5,93.22000122070312,95
2026-05-23T08:37:39.529Z,49.5,93.22000122070312,95
2026-05-23T08:37:39.597Z,49.5,93.22000122070312,95
2026-05-23T08:37:39.664Z,49.5,93.22000122070312,95
2026-05-23T08:37:39.732Z,49.5,93.22000122070312,95
2026-05-23T08:37:39.801Z,49.5,93.22000122070312,95
2026-05-23T08:37:39.869Z,49.5,93.22000122070312,95
2026-05-23T08:37:39.936Z,49.5,93.22000122070312,95
2026-05-23T08:37:40.004Z,49.5,93.22000122070312,95
2026-05-23T08:37:40.072Z,49.5,93.22000122070312,95
2026-05-23T08:37:40.140Z,49.5,93.22000122070312,95
2026-05-23T08:37:40.208Z,49.5,93.22000122070312,95
2026-05-23T08:37:40.276Z,49.5,93.22000122070312,95
2026-05-23T08:37:40.344Z,49.5,93.22000122070312,95
2026-05-23T08:37:40.412Z,49.5,93.22000122070312,95
2026-05-23T08:37:40.480Z,49.5,93.22000122070312,95
2026-05-23T08:37:40.548Z,49.5,93.22000122070312,95
2026-05-23T08:37:40.616Z,49.5,93.22000122070312,95
2026-05-23T08:37:40.684Z,49.5,93.22000122070312,95
2026-05-23T08:37:40.752Z,49.5,93.22000122070312,95
2026-05-23T08:37:40.820Z,49.5,93.22000122070312,95
2026-05-23T08:37:40.888Z,49.5,93.22000122070312,95
2026-05-23T08:37:40.956Z,49.5,93.22000122070312,95
2026-05-23T08:37:41.023Z,49.5,93.22000122070312,95
2026-05-23T08:37:41.092Z,49.5,93.22000122070312,95
2026-05-23T08:37:41.159Z,49.5,93.22000122070312,95
2026-05-23T08:37:41.227Z,49.5,93.22000122070312,95
2026-05-23T08:37:41.295Z,49.5,93.22000122070312,95
2026-05-23T08:37:41.363Z,49.5,93.22000122070312,95
2026-05-23T08:37:41.431Z,49.5,93.22000122070312,95
2026-05-23T08:37:41.499Z,49.5,93.22000122070312,95
2026-05-23T08:37:41.567Z,49.5,93.22000122070312,95
2026-05-23T08:37:41.636Z,49.5,93.22000122070312,95
2026-05-23T08:37:41.703Z,49.5,93.22000122070312,95
2026-05-23T08:37:41.771Z,49.5,93.22000122070312,95
2026-05-23T08:37:41.839Z,49.5,93.22000122070312,95
2026-05-23T08:37:41.907Z,49.5,93.22000122070312,95
2026-05-23T08:37:41.975Z,49.5,93.22000122070312,95
2026-05-23T08:37:42.043Z,49.5,93.22000122070312,95
2026-05-23T08:37:42.111Z,49.5,93.22000122070312,95
2026-05-23T08:37:42.179Z,49.5,93.22000122070312,95
2026-05-23T08:37:42.247Z,49.5,93.22000122070312,95
2026-05-23T08:37:42.315Z,49.5,93.22000122070312,95
2026-05-23T08:37:42.383Z,49.5,93.22000122070312,95
2026-05-23T08:37:42.451Z,49.5,93.22000122070312,95
2026-05-23T08:37:42.519Z,49.5,93.22000122070312,95
2026-05-23T08:37:42.587Z,49.5,93.69000244140625,95
2026-05-23T08:37:42.655Z,45.2400016784668,93.69000244140625,95
2026-05-23T08:37:42.722Z,47.02000045776367,93.69000244140625,95
2026-05-23T08:37:42.790Z,47.02000045776367,93.69000244140625,95
2026-05-23T08:37:42.858Z,47.02000045776367,93.69000244140625,95
2026-05-23T08:37:42.926Z,47.02000045776367,93.69000244140625,95
2026-05-23T08:37:42.994Z,47.02000045776367,93.69000244140625,95
2026-05-23T08:37:43.062Z,47.02000045776367,93.69000244140625,95
2026-05-23T08:37:43.130Z,47.02000045776367,93.69000244140625,95
2026-05-23T08:37:43.198Z,47.02000045776367,93.69000244140625,95
2026-05-23T08:37:43.266Z,47.02000045776367,93.69000244140625,95
2026-05-23T08:37:43.334Z,47.02000045776367,93.69000244140625,95
2026-05-23T08:37:43.402Z,47.02000045776367,93.69000244140625,95
2026-05-23T08:37:43.470Z,47.02000045776367,93.69000244140625,95
2026-05-23T08:37:43.538Z,47.02000045776367,93.69000244140625,95
2026-05-23T08:37:43.606Z,47.02000045776367,93.69000244140625,95
2026-05-23T08:37:43.674Z,47.02000045776367,93.69000244140625,95
2026-05-23T08:37:43.742Z,47.02000045776367,93.69000244140625,95
2026-05-23T08:37:43.810Z,47.02000045776367,93.69000244140625,95
2026-05-23T08:37:43.878Z,47.02000045776367,93.69000244140625,95
2026-05-23T08:37:43.946Z,47.02000045776367,93.69000244140625,95
2026-05-23T08:37:44.014Z,47.02000045776367,93.69000244140625,95
2026-05-23T08:37:44.082Z,47.02000045776367,93.69000244140625,95
2026-05-23T08:37:44.149Z,47.02000045776367,93.69000244140625,95
2026-05-23T08:37:44.218Z,47.02000045776367,93.69000244140625,95
2026-05-23T08:37:44.286Z,47.02000045776367,93.69000244140625,95
2026-05-23T08:37:44.353Z,47.02000045776367,93.69000244140625,95
2026-05-23T08:37:44.421Z,47.02000045776367,93.69000244140625,95
2026-05-23T08:37:44.489Z,47.02000045776367,93.69000244140625,95
2026-05-23T08:37:44.557Z,47.02000045776367,93.69000244140625,95
2026-05-23T08:37:44.625Z,47.02000045776367,93.69000244140625,95
2026-05-23T08:37:44.693Z,47.02000045776367,93.69000244140625,95
2026-05-23T08:37:44.761Z,47.02000045776367,93.69000244140625,95
2026-05-23T08:37:44.829Z,47.02000045776367,93.69000244140625,95
2026-05-23T08:37:44.897Z,47.02000045776367,93.69000244140625,95
2026-05-23T08:37:44.965Z,47.02000045776367,93.69000244140625,95
2026-05-23T08:37:45.033Z,47.02000045776367,93.69000244140625,95
2026-05-23T08:37:45.101Z,47.02000045776367,93.69000244140625,95
2026-05-23T08:37:45.169Z,47.02000045776367,93.69000244140625,95
2026-05-23T08:37:45.237Z,47.02000045776367,93.69000244140625,95
2026-05-23T08:37:45.305Z,47.02000045776367,93.69000244140625,95
2026-05-23T08:37:45.373Z,47.02000045776367,93.69000244140625,95
2026-05-23T08:37:45.441Z,47.02000045776367,93.69000244140625,95
2026-05-23T08:37:45.508Z,47.02000045776367,93.69000244140625,95
2026-05-23T08:37:45.576Z,47.02000045776367,93.69000244140625,95
2026-05-23T08:37:45.644Z,47.02000045776367,93.69000244140625,95
2026-05-23T08:37:45.712Z,47.02000045776367,93.69000244140625,95
2026-05-23T08:37:45.780Z,47.02000045776367,93.69000244140625,95
2026-05-23T08:37:45.848Z,47.02000045776367,93.69000244140625,95
2026-05-23T08:37:45.916Z,47.02000045776367,93.69000244140625,95
2026-05-23T08:37:45.984Z,47.02000045776367,93.69000244140625,95
2026-05-23T08:37:46.052Z,47.02000045776367,93.69000244140625,95
2026-05-23T08:37:46.121Z,47.02000045776367,93.69000244140625,95
2026-05-23T08:37:46.188Z,47.02000045776367,93.69000244140625,95
2026-05-23T08:37:46.256Z,47.02000045776367,93.69000244140625,95
2026-05-23T08:37:46.324Z,47.02000045776367,93.69000244140625,95
2026-05-23T08:37:46.392Z,47.02000045776367,93.69000244140625,95
2026-05-23T08:37:46.460Z,47.02000045776367,93.69000244140625,95
2026-05-23T08:37:46.528Z,47.02000045776367,93.69000244140625,95
2026-05-23T08:37:46.596Z,47.02000045776367,93.69000244140625,95
2026-05-23T08:37:46.664Z,47.02000045776367,93.69000244140625,95
2026-05-23T08:37:46.732Z,47.02000045776367,93.69000244140625,95
2026-05-23T08:37:46.800Z,47.02000045776367,93.69000244140625,95
2026-05-23T08:37:46.868Z,47.02000045776367,93.69000244140625,95
2026-05-23T08:37:46.936Z,47.02000045776367,93.69000244140625,95
2026-05-23T08:37:47.004Z,47.02000045776367,93.69000244140625,95
2026-05-23T08:37:47.071Z,47.02000045776367,93.69000244140625,95
2026-05-23T08:37:47.140Z,47.02000045776367,93.69000244140625,95
2026-05-23T08:37:47.207Z,47.02000045776367,93.69000244140625,95
2026-05-23T08:37:47.275Z,47.02000045776367,93.69000244140625,95
2026-05-23T08:37:47.343Z,47.02000045776367,93.69000244140625,95
2026-05-23T08:37:47.411Z,47.02000045776367,93.69000244140625,95
2026-05-23T08:37:47.479Z,47.02000045776367,93.69000244140625,95
2026-05-23T08:37:47.547Z,47.02000045776367,93.69000244140625,95
2026-05-23T08:37:47.615Z,47.02000045776367,93.69000244140625,95
2026-05-23T08:37:47.683Z,47.02000045776367,93.69000244140625,95
2026-05-23T08:37:47.751Z,47.02000045776367,93.69000244140625,95
2026-05-23T08:37:47.819Z,47.02000045776367,93.69000244140625,95
2026-05-23T08:37:47.887Z,47.02000045776367,93.69000244140625,95
2026-05-23T08:37:47.955Z,47.02000045776367,93.69000244140625,95
2026-05-23T08:37:48.023Z,47.02000045776367,93.69000244140625,95
2026-05-23T08:37:48.091Z,47.02000045776367,93.69000244140625,95
2026-05-23T08:37:48.159Z,47.02000045776367,93.69000244140625,95
2026-05-23T08:37:48.227Z,47.02000045776367,93.69000244140625,95
2026-05-23T08:37:48.295Z,47.02000045776367,93.69000244140625,95
2026-05-23T08:37:48.363Z,47.02000045776367,93.69000244140625,95
2026-05-23T08:37:48.431Z,47.02000045776367,93.69000244140625,95
2026-05-23T08:37:48.498Z,47.02000045776367,93.69000244140625,95
2026-05-23T08:37:48.566Z,47.02000045776367,93.69000244140625,95
2026-05-23T08:37:48.634Z,47.02000045776367,93.69000244140625,95
2026-05-23T08:37:48.703Z,47.02000045776367,93.69000244140625,95
2026-05-23T08:37:48.771Z,47.02000045776367,93.69000244140625,95
2026-05-23T08:37:48.838Z,47.02000045776367,93.69000244140625,95
2026-05-23T08:37:48.906Z,47.02000045776367,93.69000244140625,95
2026-05-23T08:37:48.974Z,47.02000045776367,93.69000244140625,95
2026-05-23T08:37:49.042Z,47.02000045776367,93.69000244140625,95
2026-05-23T08:37:49.110Z,47.02000045776367,93.69000244140625,95
2026-05-23T08:37:49.178Z,47.02000045776367,93.69000244140625,95
2026-05-23T08:37:49.246Z,47.02000045776367,93.69000244140625,95
2026-05-23T08:37:49.314Z,47.02000045776367,93.69000244140625,95
2026-05-23T08:37:49.382Z,47.02000045776367,93.69000244140625,95
2026-05-23T08:37:49.450Z,47.02000045776367,93.69000244140625,95
2026-05-23T08:37:49.518Z,47.02000045776367,93.69000244140625,95
2026-05-23T08:37:49.586Z,47.02000045776367,93.69000244140625,95
2026-05-23T08:37:49.654Z,47.02000045776367,93.69000244140625,95
2026-05-23T08:37:49.722Z,47.02000045776367,93.69000244140625,95
2026-05-23T08:37:49.790Z,47.02000045776367,93.69000244140625,95
2026-05-23T08:37:49.858Z,47.02000045776367,93.69000244140625,95
2026-05-23T08:37:49.926Z,47.02000045776367,93.69000244140625,95
2026-05-23T08:37:49.994Z,47.02000045776367,93.69000244140625,95
2026-05-23T08:37:50.062Z,47.02000045776367,93.69000244140625,95
2026-05-23T08:37:50.129Z,47.02000045776367,93.69000244140625,95
2026-05-23T08:37:50.197Z,47.02000045776367,93.69000244140625,95
2026-05-23T08:37:50.265Z,47.02000045776367,93.69000244140625,95
2026-05-23T08:37:50.333Z,47.02000045776367,93.69000244140625,95
2026-05-23T08:37:50.401Z,47.02000045776367,93.69000244140625,95
2026-05-23T08:37:50.470Z,47.02000045776367,93.69000244140625,95
2026-05-23T08:37:50.538Z,47.02000045776367,93.69000244140625,95
2026-05-23T08:37:50.605Z,47.02000045776367,93.69000244140625,95
2026-05-23T08:37:50.673Z,47.02000045776367,93.69000244140625,95
2026-05-23T08:37:50.741Z,47.02000045776367,93.69000244140625,95
2026-05-23T08:37:50.809Z,47.02000045776367,93.69000244140625,95
2026-05-23T08:37:50.877Z,47.02000045776367,93.69000244140625,95
2026-05-23T08:37:51.269Z,0,93.69000244140625,95
2026-05-23T08:37:51.335Z,0,93.69000244140625,95
2026-05-23T08:37:51.404Z,0,93.69000244140625,95
2026-05-23T08:37:51.470Z,0,93.69000244140625,95
2026-05-23T08:37:51.537Z,0,93.69000244140625,95
2026-05-23T08:37:51.604Z,0,93.69000244140625,95
2026-05-23T08:37:51.670Z,0,93.69000244140625,95
2026-05-23T08:37:51.737Z,0,93.69000244140625,95
2026-05-23T08:37:51.804Z,0,93.69000244140625,95
2026-05-23T08:37:51.871Z,0,93.69000244140625,95
2026-05-23T08:37:51.938Z,0,93.69000244140625,95
2026-05-23T08:37:52.005Z,0,94.16000366210938,95
2026-05-23T08:37:52.072Z,0,94.16000366210938,95
2026-05-23T08:37:52.139Z,0,94.16000366210938,95
2026-05-23T08:37:52.205Z,0,94.16000366210938,95
2026-05-23T08:37:52.272Z,0,94.16000366210938,95
2026-05-23T08:37:52.339Z,0,94.16000366210938,95
2026-05-23T08:37:52.406Z,0,94.16000366210938,95
2026-05-23T08:37:52.473Z,0,94.16000366210938,95
2026-05-23T08:37:52.540Z,0,94.16000366210938,95
2026-05-23T08:37:52.607Z,0,94.16000366210938,95
2026-05-23T08:37:52.674Z,0,94.16000366210938,95
2026-05-23T08:37:52.741Z,0,94.16000366210938,95
2026-05-23T08:37:52.808Z,0,94.63999938964844,95
2026-05-23T08:37:52.874Z,0,94.63999938964844,95
2026-05-23T08:37:52.941Z,0,94.63999938964844,95
2026-05-23T08:37:53.008Z,0,94.63999938964844,95
2026-05-23T08:37:53.075Z,0,94.63999938964844,95
2026-05-23T08:37:53.142Z,0,94.63999938964844,95
2026-05-23T08:37:53.209Z,0,94.63999938964844,95
2026-05-23T08:37:53.276Z,0,94.63999938964844,95
2026-05-23T08:37:53.343Z,0,94.63999938964844,95
2026-05-23T08:37:53.410Z,0,94.63999938964844,95
2026-05-23T08:37:53.477Z,0,94.63999938964844,95
2026-05-23T08:37:53.544Z,0,94.63999938964844,95
2026-05-23T08:37:53.611Z,0,94.63999938964844,95
2026-05-23T08:37:53.677Z,0,95.12000274658203,95
2026-05-23T08:37:53.744Z,0,95.12000274658203,95
2026-05-23T08:37:53.811Z,0,95.12000274658203,95
2026-05-23T08:37:53.878Z,0,95.12000274658203,95
2026-05-23T08:37:53.945Z,0,95.12000274658203,95
2026-05-23T08:37:54.012Z,0,95.12000274658203,95
2026-05-23T08:37:54.079Z,0,95.12000274658203,95
2026-05-23T08:37:54.146Z,0,95.12000274658203,95
2026-05-23T08:37:54.213Z,0,95.12000274658203,95
2026-05-23T08:37:54.280Z,0,95.12000274658203,95
2026-05-23T08:37:54.346Z,0,95.12000274658203,95
2026-05-23T08:37:54.413Z,0,95.12000274658203,95
2026-05-23T08:37:54.480Z,0,95.12000274658203,95
2026-05-23T08:37:54.547Z,0,95.12000274658203,95
2026-05-23T08:37:54.614Z,0,95.61000061035156,95
2026-05-23T08:37:54.681Z,0,95.61000061035156,95
2026-05-23T08:37:54.748Z,0,95.61000061035156,95
2026-05-23T08:37:54.815Z,0,95.61000061035156,95
2026-05-23T08:37:54.882Z,0,95.61000061035156,95
2026-05-23T08:37:54.949Z,0,95.61000061035156,95
2026-05-23T08:37:55.016Z,0,95.61000061035156,95
2026-05-23T08:37:55.083Z,0,95.61000061035156,95
2026-05-23T08:37:55.149Z,0,95.61000061035156,95
2026-05-23T08:37:55.216Z,0,95.61000061035156,95
2026-05-23T08:37:55.283Z,0,95.61000061035156,95
2026-05-23T08:37:55.350Z,0,95.61000061035156,95
2026-05-23T08:37:55.417Z,0,95.61000061035156,95
2026-05-23T08:37:55.484Z,0,95.61000061035156,95
2026-05-23T08:37:55.551Z,0,95.61000061035156,95
2026-05-23T08:37:55.618Z,0,95.61000061035156,95
2026-05-23T08:37:55.685Z,0,95.61000061035156,95
2026-05-23T08:37:55.752Z,0,96.11000061035156,95
2026-05-23T08:37:55.819Z,0,96.11000061035156,95
2026-05-23T08:37:55.885Z,0,96.11000061035156,95
2026-05-23T08:37:55.952Z,0,96.11000061035156,95
2026-05-23T08:37:56.019Z,0,96.11000061035156,95
2026-05-23T08:37:56.086Z,0,96.11000061035156,95
2026-05-23T08:37:56.153Z,0,96.11000061035156,95
2026-05-23T08:37:56.220Z,0,96.11000061035156,95
2026-05-23T08:37:56.287Z,0,96.11000061035156,95
2026-05-23T08:37:56.354Z,0,96.11000061035156,95
2026-05-23T08:37:56.421Z,0,96.11000061035156,95
2026-05-23T08:37:56.488Z,0,96.11000061035156,95
2026-05-23T08:37:56.555Z,0,96.11000061035156,95
2026-05-23T08:37:56.622Z,0,96.11000061035156,95
2026-05-23T08:37:56.689Z,0,96.11000061035156,95
2026-05-23T08:37:56.756Z,0,96.11000061035156,95
2026-05-23T08:37:56.823Z,0,96.11000061035156,95
2026-05-23T08:37:56.889Z,0,96.11000061035156,95
2026-05-23T08:37:56.956Z,0,96.11000061035156,95
2026-05-23T08:37:57.023Z,0,96.11000061035156,95
2026-05-23T08:37:57.090Z,0,96.62000274658203,95
2026-05-23T08:37:57.157Z,0,96.62000274658203,95
2026-05-23T08:37:57.224Z,0,96.62000274658203,95
2026-05-23T08:37:57.291Z,0,96.62000274658203,95
2026-05-23T08:37:57.358Z,0,96.62000274658203,95
2026-05-23T08:37:57.424Z,0,96.62000274658203,95
2026-05-23T08:37:57.491Z,0,96.62000274658203,95
2026-05-23T08:37:57.559Z,0,96.62000274658203,95
2026-05-23T08:37:57.626Z,0,96.62000274658203,95
2026-05-23T08:37:57.692Z,0,96.62000274658203,95
2026-05-23T08:37:57.759Z,0,96.62000274658203,95
2026-05-23T08:37:57.826Z,0,96.62000274658203,95
2026-05-23T08:37:57.893Z,0,96.62000274658203,95
2026-05-23T08:37:57.960Z,0,96.62000274658203,95
2026-05-23T08:37:58.027Z,0,96.62000274658203,95
2026-05-23T08:37:58.094Z,0,96.62000274658203,95
2026-05-23T08:37:58.160Z,0,96.62000274658203,95
2026-05-23T08:37:58.228Z,0,96.62000274658203,95
2026-05-23T08:37:58.294Z,0,96.62000274658203,95
2026-05-23T08:37:58.361Z,0,96.62000274658203,95
2026-05-23T08:37:58.428Z,0,96.62000274658203,95
2026-05-23T08:37:58.495Z,0,96.62000274658203,95
2026-05-23T08:37:58.562Z,0,96.11000061035156,95
2026-05-23T08:37:58.629Z,0,96.11000061035156,95
2026-05-23T08:37:58.696Z,0,96.11000061035156,95
2026-05-23T08:37:58.763Z,0,96.11000061035156,95
2026-05-23T08:37:58.830Z,0,96.11000061035156,95
2026-05-23T08:37:58.896Z,0,96.11000061035156,95
2026-05-23T08:37:58.963Z,0,96.11000061035156,95
2026-05-23T08:37:59.030Z,0,96.11000061035156,95
2026-05-23T08:37:59.097Z,0,96.11000061035156,95
2026-05-23T08:37:59.164Z,0,96.11000061035156,95
2026-05-23T08:37:59.231Z,0,96.11000061035156,95
2026-05-23T08:37:59.298Z,0,96.11000061035156,95
2026-05-23T08:37:59.365Z,0,96.11000061035156,95
2026-05-23T08:37:59.432Z,0,96.11000061035156,95
2026-05-23T08:37:59.499Z,0,96.11000061035156,95
2026-05-23T08:37:59.566Z,0,96.11000061035156,95
2026-05-23T08:37:59.633Z,0,96.11000061035156,95
2026-05-23T08:37:59.699Z,0,95.61000061035156,95
2026-05-23T08:37:59.766Z,0,95.61000061035156,95
2026-05-23T08:37:59.833Z,0,95.61000061035156,95
2026-05-23T08:37:59.900Z,0,95.61000061035156,95
2026-05-23T08:37:59.967Z,0,95.61000061035156,95
2026-05-23T08:38:00.034Z,0,95.61000061035156,95
2026-05-23T08:38:00.101Z,0,95.61000061035156,95
2026-05-23T08:38:00.168Z,0,95.61000061035156,95
2026-05-23T08:38:00.235Z,0,95.61000061035156,95
2026-05-23T08:38:00.302Z,0,95.61000061035156,95
2026-05-23T08:38:00.369Z,0,95.61000061035156,95
2026-05-23T08:38:00.435Z,0,95.61000061035156,95
2026-05-23T08:38:00.502Z,0,95.61000061035156,95
2026-05-23T08:38:00.569Z,0,95.61000061035156,95
2026-05-23T08:38:00.636Z,0,95.61000061035156,95
2026-05-23T08:38:00.703Z,0,95.12000274658203,95
2026-05-23T08:38:00.770Z,0,95.12000274658203,95
2026-05-23T08:38:00.837Z,0,95.12000274658203,95
2026-05-23T08:38:00.904Z,0,95.12000274658203,95
2026-05-23T08:38:00.971Z,0,95.12000274658203,95
2026-05-23T08:38:01.041Z,0,95.12000274658203,95
2026-05-23T08:38:01.104Z,0,95.12000274658203,95
2026-05-23T08:38:01.171Z,0,95.12000274658203,95
2026-05-23T08:38:01.239Z,0,95.12000274658203,95
2026-05-23T08:38:01.306Z,0,95.12000274658203,95
2026-05-23T08:38:01.372Z,0,95.12000274658203,95
2026-05-23T08:38:01.439Z,0,95.12000274658203,95
2026-05-23T08:38:01.506Z,0,95.12000274658203,95
2026-05-23T08:38:01.573Z,0,95.12000274658203,95
2026-05-23T08:38:01.640Z,0,95.12000274658203,95
2026-05-23T08:38:01.707Z,0,94.63999938964844,95
2026-05-23T08:38:01.774Z,0,94.63999938964844,95
2026-05-23T08:38:01.841Z,0,94.63999938964844,95
2026-05-23T08:38:01.908Z,0,94.63999938964844,95
2026-05-23T08:38:01.974Z,0,94.63999938964844,95
2026-05-23T08:38:02.041Z,0,94.63999938964844,95
2026-05-23T08:38:02.108Z,0,94.63999938964844,95
2026-05-23T08:38:02.175Z,0,94.63999938964844,95
2026-05-23T08:38:02.242Z,0,94.63999938964844,95
2026-05-23T08:38:02.309Z,0,94.63999938964844,95
2026-05-23T08:38:02.376Z,0,94.63999938964844,95
2026-05-23T08:38:02.443Z,0,94.63999938964844,95
2026-05-23T08:38:02.510Z,0,94.63999938964844,95
2026-05-23T08:38:02.577Z,0,94.63999938964844,95
2026-05-23T08:38:02.644Z,0,94.63999938964844,95
2026-05-23T08:38:02.710Z,0,94.63999938964844,95
2026-05-23T08:38:02.777Z,0,94.16000366210938,95
2026-05-23T08:38:02.844Z,0,94.16000366210938,95
2026-05-23T08:38:02.911Z,0,94.16000366210938,95
2026-05-23T08:38:02.978Z,0,94.16000366210938,95
2026-05-23T08:38:03.045Z,0,94.16000366210938,95
2026-05-23T08:38:03.112Z,0,94.16000366210938,95
2026-05-23T08:38:03.179Z,0,94.16000366210938,95
2026-05-23T08:38:03.246Z,0,94.16000366210938,95
2026-05-23T08:38:03.313Z,0,94.16000366210938,95
2026-05-23T08:38:03.380Z,0,94.16000366210938,95
2026-05-23T08:38:03.446Z,0,94.16000366210938,95
2026-05-23T08:38:03.513Z,0,94.16000366210938,95
2026-05-23T08:38:03.580Z,0,94.16000366210938,95
2026-05-23T08:38:03.647Z,0,94.16000366210938,95
2026-05-23T08:38:03.714Z,0,94.16000366210938,95
2026-05-23T08:38:03.781Z,0,93.69000244140625,95
2026-05-23T08:38:03.848Z,0,93.69000244140625,95
2026-05-23T08:38:03.915Z,0,93.69000244140625,95
2026-05-23T08:38:03.982Z,0,93.69000244140625,95
2026-05-23T08:38:04.049Z,0,93.69000244140625,95
2026-05-23T08:38:04.116Z,0,93.69000244140625,95
2026-05-23T08:38:04.182Z,0,93.69000244140625,95
2026-05-23T08:38:04.249Z,0,93.69000244140625,95
2026-05-23T08:38:04.316Z,0,93.69000244140625,95
2026-05-23T08:38:04.383Z,0,93.69000244140625,95
2026-05-23T08:38:04.450Z,0,93.69000244140625,95
2026-05-23T08:38:04.517Z,0,93.69000244140625,95
2026-05-23T08:38:04.584Z,0,93.69000244140625,95
2026-05-23T08:38:04.651Z,0,93.69000244140625,95
2026-05-23T08:38:04.718Z,0,93.69000244140625,95
2026-05-23T08:38:04.785Z,0,93.22000122070312,95
2026-05-23T08:38:04.852Z,0,93.22000122070312,95
2026-05-23T08:38:04.918Z,0,93.22000122070312,95
2026-05-23T08:38:04.985Z,0,93.22000122070312,95
2026-05-23T08:38:05.052Z,0,93.22000122070312,95
2026-05-23T08:38:05.119Z,0,93.22000122070312,95
2026-05-23T08:38:05.186Z,0,93.22000122070312,95
2026-05-23T08:38:05.253Z,0,93.22000122070312,95
2026-05-23T08:38:05.320Z,0,93.22000122070312,95
2026-05-23T08:38:05.387Z,0,93.22000122070312,95
2026-05-23T08:38:05.454Z,0,93.22000122070312,95
2026-05-23T08:38:05.521Z,0,93.22000122070312,95
2026-05-23T08:38:05.588Z,0,93.22000122070312,95
2026-05-23T08:38:05.654Z,0,93.22000122070312,95
2026-05-23T08:38:05.721Z,0,93.22000122070312,95
2026-05-23T08:38:05.788Z,0,92.7699966430664,95
2026-05-23T08:38:05.855Z,0,92.7699966430664,95
2026-05-23T08:38:05.922Z,0,92.7699966430664,95
2026-05-23T08:38:05.989Z,0,92.7699966430664,95
2026-05-23T08:38:06.056Z,0,92.7699966430664,95
2026-05-23T08:38:06.123Z,0,92.7699966430664,95
2026-05-23T08:38:06.190Z,0,92.7699966430664,95
2026-05-23T08:38:06.257Z,0,92.7699966430664,95
2026-05-23T08:38:06.324Z,0,92.7699966430664,95
2026-05-23T08:38:06.391Z,0,92.7699966430664,95
2026-05-23T08:38:06.458Z,0,92.7699966430664,95
2026-05-23T08:38:06.524Z,0,92.7699966430664,95
2026-05-23T08:38:06.591Z,0,92.7699966430664,95
2026-05-23T08:38:06.659Z,0,92.7699966430664,95
2026-05-23T08:38:06.725Z,0,92.7699966430664,95
2026-05-23T08:38:06.792Z,0,92.31999969482422,95
2026-05-23T08:38:06.859Z,0,92.31999969482422,95
2026-05-23T08:38:06.926Z,0,92.31999969482422,95
2026-05-23T08:38:06.993Z,0,92.31999969482422,95
2026-05-23T08:38:07.060Z,0,92.31999969482422,95
2026-05-23T08:38:07.127Z,0,92.31999969482422,95
2026-05-23T08:38:07.194Z,0,92.31999969482422,95
2026-05-23T08:38:07.260Z,0,92.31999969482422,95
2026-05-23T08:38:07.327Z,0,92.31999969482422,95
2026-05-23T08:38:07.394Z,0,92.31999969482422,95
2026-05-23T08:38:07.461Z,0,92.31999969482422,95
2026-05-23T08:38:07.528Z,0,92.31999969482422,95
2026-05-23T08:38:07.595Z,0,92.31999969482422,95
2026-05-23T08:38:07.662Z,0,92.31999969482422,95
2026-05-23T08:38:07.729Z,0,92.31999969482422,95
2026-05-23T08:38:07.796Z,0,92.31999969482422,95
2026-05-23T08:38:07.863Z,0,91.87000274658203,95
2026-05-23T08:38:07.930Z,0,91.87000274658203,95
2026-05-23T08:38:07.996Z,0,91.87000274658203,95
2026-05-23T08:38:08.063Z,0,91.87000274658203,95
2026-05-23T08:38:08.130Z,0,91.87000274658203,95
2026-05-23T08:38:08.197Z,0,91.87000274658203,95
2026-05-23T08:38:08.264Z,0,91.87000274658203,95
2026-05-23T08:38:08.331Z,0,91.87000274658203,95
2026-05-23T08:38:08.398Z,0,91.87000274658203,95
2026-05-23T08:38:08.465Z,0,91.87000274658203,95
2026-05-23T08:38:08.532Z,0,91.87000274658203,95
2026-05-23T08:38:08.599Z,0,91.87000274658203,95
2026-05-23T08:38:08.666Z,0,91.87000274658203,95
2026-05-23T08:38:08.732Z,0,91.87000274658203,95
2026-05-23T08:38:08.799Z,0,91.87000274658203,95
2026-05-23T08:38:08.866Z,0,91.43000030517578,95
2026-05-23T08:38:08.933Z,0,91.43000030517578,95
2026-05-23T08:38:09.000Z,0,91.43000030517578,95
2026-05-23T08:38:09.067Z,0,91.43000030517578,95
2026-05-23T08:38:09.134Z,0,91.43000030517578,95
2026-05-23T08:38:09.201Z,0,91.43000030517578,95
2026-05-23T08:38:09.268Z,0,91.43000030517578,95
2026-05-23T08:38:09.335Z,0,91.43000030517578,95
2026-05-23T08:38:09.402Z,0,91.43000030517578,95
2026-05-23T08:38:09.468Z,0,91.43000030517578,95
2026-05-23T08:38:09.535Z,0,91.43000030517578,95
2026-05-23T08:38:09.602Z,0,91.43000030517578,95
2026-05-23T08:38:09.669Z,0,91.43000030517578,95
2026-05-23T08:38:09.736Z,0,91.43000030517578,95
2026-05-23T08:38:09.803Z,0,91.43000030517578,95
2026-05-23T08:38:09.870Z,0,91,95
2026-05-23T08:38:09.937Z,0,91,95
2026-05-23T08:38:10.004Z,0,91,95
2026-05-23T08:38:10.071Z,0,91,95
2026-05-23T08:38:10.138Z,0,91,95
2026-05-23T08:38:10.204Z,0,91,95
2026-05-23T08:38:10.271Z,0,91,95
2026-05-23T08:38:10.338Z,0,91,95
2026-05-23T08:38:10.405Z,0,91,95
2026-05-23T08:38:10.472Z,0,91,95
2026-05-23T08:38:10.539Z,0,91,95
2026-05-23T08:38:10.606Z,0,91,95
2026-05-23T08:38:10.673Z,0,91,95
2026-05-23T08:38:10.740Z,0,91,95
2026-05-23T08:38:10.807Z,0,91,95
2026-05-23T08:38:10.874Z,0,90.56999969482422,95
2026-05-23T08:38:10.940Z,0,90.56999969482422,95
2026-05-23T08:38:11.008Z,0,90.56999969482422,95
2026-05-23T08:38:11.075Z,0,90.56999969482422,95
2026-05-23T08:38:11.147Z,0,90.56999969482422,95
2026-05-23T08:38:11.209Z,0,90.56999969482422,95
2026-05-23T08:38:11.275Z,0,90.56999969482422,95
2026-05-23T08:38:11.342Z,0,90.56999969482422,95
2026-05-23T08:38:11.409Z,0,90.56999969482422,95
2026-05-23T08:38:11.476Z,0,90.56999969482422,95
2026-05-23T08:38:11.543Z,0,90.56999969482422,95
2026-05-23T08:38:11.610Z,0,90.56999969482422,95
2026-05-23T08:38:11.677Z,0,90.56999969482422,95
2026-05-23T08:38:11.744Z,0,90.56999969482422,95
2026-05-23T08:38:11.811Z,0,90.56999969482422,95
2026-05-23T08:38:11.877Z,0,90.1500015258789,95
2026-05-23T08:38:11.944Z,0,90.1500015258789,95
2026-05-23T08:38:12.014Z,0,90.1500015258789,95
2026-05-23T08:38:12.079Z,0,90.1500015258789,95
2026-05-23T08:38:12.145Z,0,90.1500015258789,95
2026-05-23T08:38:12.212Z,0,90.1500015258789,95
2026-05-23T08:38:12.279Z,0,90.1500015258789,95
2026-05-23T08:38:12.346Z,0,90.1500015258789,95
2026-05-23T08:38:12.413Z,0,90.1500015258789,95
2026-05-23T08:38:12.479Z,0,90.1500015258789,95
2026-05-23T08:38:12.546Z,0,90.1500015258789,95
2026-05-23T08:38:12.613Z,0,90.1500015258789,95
2026-05-23T08:38:12.682Z,0,90.1500015258789,95
2026-05-23T08:38:12.748Z,0,90.1500015258789,95
2026-05-23T08:38:12.814Z,0,90.1500015258789,95
2026-05-23T08:38:12.881Z,0,89.7300033569336,95
2026-05-23T08:38:12.948Z,0,89.7300033569336,95
2026-05-23T08:38:13.015Z,0,89.7300033569336,95
2026-05-23T08:38:13.082Z,0,89.7300033569336,95
2026-05-23T08:38:13.149Z,0,89.7300033569336,95
2026-05-23T08:38:13.215Z,0,89.7300033569336,95
2026-05-23T08:38:13.282Z,0,89.7300033569336,95
2026-05-23T08:38:13.349Z,0,89.7300033569336,95
2026-05-23T08:38:13.416Z,0,89.7300033569336,95
2026-05-23T08:38:13.483Z,0,89.7300033569336,95
2026-05-23T08:38:13.550Z,0,89.7300033569336,95
2026-05-23T08:38:13.617Z,0,89.7300033569336,95
2026-05-23T08:38:13.684Z,0,89.7300033569336,95
2026-05-23T08:38:13.751Z,0,89.7300033569336,95
2026-05-23T08:38:13.818Z,0,89.7300033569336,95
2026-05-23T08:38:13.885Z,0,89.7300033569336,95
2026-05-23T08:38:13.952Z,0,89.31999969482422,95
2026-05-23T08:38:14.018Z,0,89.31999969482422,95
2026-05-23T08:38:14.085Z,0,89.31999969482422,95
2026-05-23T08:38:14.152Z,0,89.31999969482422,95
2026-05-23T08:38:14.219Z,0,89.31999969482422,95
2026-05-23T08:38:14.286Z,0,89.31999969482422,95
2026-05-23T08:38:14.353Z,0,89.31999969482422,95
2026-05-23T08:38:14.420Z,0,89.31999969482422,95
2026-05-23T08:38:14.487Z,0,89.31999969482422,95
2026-05-23T08:38:14.554Z,0,89.31999969482422,95
2026-05-23T08:38:14.621Z,0,89.31999969482422,95
2026-05-23T08:38:14.687Z,0,89.31999969482422,95
2026-05-23T08:38:14.754Z,0,89.31999969482422,95
2026-05-23T08:38:14.821Z,0,89.31999969482422,95
2026-05-23T08:38:14.888Z,0,89.31999969482422,95
2026-05-23T08:38:14.955Z,0,89.31999969482422,95
2026-05-23T08:38:15.022Z,0,88.91000366210938,95
2026-05-23T08:38:15.089Z,0,88.91000366210938,95
2026-05-23T08:38:15.156Z,0,88.91000366210938,95
2026-05-23T08:38:15.223Z,0,88.91000366210938,95
2026-05-23T08:38:15.290Z,0,88.91000366210938,95
2026-05-23T08:38:15.357Z,0,88.91000366210938,95
2026-05-23T08:38:15.424Z,0,88.91000366210938,95
2026-05-23T08:38:15.490Z,0,88.91000366210938,95
2026-05-23T08:38:15.557Z,0,88.91000366210938,95
2026-05-23T08:38:15.624Z,0,88.91000366210938,95
2026-05-23T08:38:15.691Z,0,88.91000366210938,95
2026-05-23T08:38:15.758Z,0,88.91000366210938,95
2026-05-23T08:38:15.825Z,0,88.91000366210938,95
2026-05-23T08:38:15.892Z,0,88.91000366210938,95
2026-05-23T08:38:15.959Z,0,88.91000366210938,95
2026-05-23T08:38:16.026Z,0,88.91000366210938,95
2026-05-23T08:38:16.093Z,0,88.91000366210938,95
2026-05-23T08:38:16.160Z,0,88.51000213623047,95
2026-05-23T08:38:16.227Z,0,88.51000213623047,95
2026-05-23T08:38:16.294Z,0,88.51000213623047,95
2026-05-23T08:38:16.361Z,0,88.51000213623047,95
2026-05-23T08:38:16.427Z,0,88.51000213623047,95
2026-05-23T08:38:16.494Z,0,88.51000213623047,95
2026-05-23T08:38:16.561Z,0,88.51000213623047,95
2026-05-23T08:38:16.629Z,0,88.51000213623047,95
2026-05-23T08:38:16.696Z,0,88.51000213623047,95
2026-05-23T08:38:16.762Z,0,88.51000213623047,95
2026-05-23T08:38:16.829Z,0,88.51000213623047,95
2026-05-23T08:38:16.896Z,0,88.51000213623047,95
2026-05-23T08:38:16.963Z,0,88.51000213623047,95
2026-05-23T08:38:17.030Z,0,88.51000213623047,95
2026-05-23T08:38:17.096Z,0,88.51000213623047,95
2026-05-23T08:38:17.163Z,0,88.51000213623047,95
2026-05-23T08:38:17.230Z,0,88.11000061035156,95
2026-05-23T08:38:17.297Z,0,88.11000061035156,95
2026-05-23T08:38:17.364Z,0,88.11000061035156,95
2026-05-23T08:38:17.432Z,0,88.11000061035156,95
2026-05-23T08:38:17.498Z,0,88.11000061035156,95
2026-05-23T08:38:17.565Z,0,88.11000061035156,95
2026-05-23T08:38:17.632Z,0,88.11000061035156,95
2026-05-23T08:38:17.699Z,0,88.11000061035156,95
2026-05-23T08:38:17.765Z,0,88.11000061035156,95
2026-05-23T08:38:17.832Z,0,88.11000061035156,95
2026-05-23T08:38:17.899Z,0,88.11000061035156,95
2026-05-23T08:38:17.966Z,0,88.11000061035156,95
2026-05-23T08:38:18.033Z,0,88.11000061035156,95
2026-05-23T08:38:18.100Z,0,88.11000061035156,95
2026-05-23T08:38:18.167Z,0,88.11000061035156,95
2026-05-23T08:38:18.234Z,0,88.11000061035156,95
2026-05-23T08:38:18.301Z,0,88.11000061035156,95
2026-05-23T08:38:18.368Z,0,87.72000122070312,95
2026-05-23T08:38:18.434Z,0,87.72000122070312,95
2026-05-23T08:38:18.501Z,0,87.72000122070312,95
2026-05-23T08:38:18.568Z,0,87.72000122070312,95
2026-05-23T08:38:18.635Z,0,87.72000122070312,95
2026-05-23T08:38:18.702Z,0,87.72000122070312,95
2026-05-23T08:38:18.769Z,0,87.72000122070312,95
2026-05-23T08:38:18.836Z,0,87.72000122070312,95
2026-05-23T08:38:18.903Z,0,87.72000122070312,95
2026-05-23T08:38:18.970Z,0,87.72000122070312,95
2026-05-23T08:38:19.037Z,0,87.72000122070312,95
2026-05-23T08:38:19.104Z,0,87.72000122070312,95
2026-05-23T08:38:19.171Z,0,87.72000122070312,95
2026-05-23T08:38:19.237Z,0,87.72000122070312,95
2026-05-23T08:38:19.304Z,0,87.72000122070312,95
2026-05-23T08:38:19.371Z,0,87.72000122070312,95
2026-05-23T08:38:19.438Z,0,87.72000122070312,95
2026-05-23T08:38:19.505Z,0,87.33000183105469,95
2026-05-23T08:38:19.572Z,0,87.33000183105469,95
2026-05-23T08:38:19.639Z,0,87.33000183105469,95
2026-05-23T08:38:19.706Z,0,87.33000183105469,95
2026-05-23T08:38:19.773Z,0,87.33000183105469,95
2026-05-23T08:38:19.840Z,0,87.33000183105469,95
2026-05-23T08:38:19.907Z,0,87.33000183105469,95
2026-05-23T08:38:19.974Z,0,87.33000183105469,95
2026-05-23T08:38:20.040Z,0,87.33000183105469,95
2026-05-23T08:38:20.107Z,0,87.33000183105469,95
2026-05-23T08:38:20.174Z,0,87.33000183105469,95
2026-05-23T08:38:20.241Z,0,87.33000183105469,95
2026-05-23T08:38:20.308Z,0,87.33000183105469,95
2026-05-23T08:38:20.375Z,0,87.33000183105469,95
2026-05-23T08:38:20.442Z,0,87.33000183105469,95
2026-05-23T08:38:20.509Z,0,87.33000183105469,95
2026-05-23T08:38:20.576Z,0,87.33000183105469,95
2026-05-23T08:38:20.643Z,0,86.94999694824219,95
2026-05-23T08:38:20.709Z,0,86.94999694824219,95
2026-05-23T08:38:20.776Z,0,86.94999694824219,95
2026-05-23T08:38:20.843Z,0,86.94999694824219,95
2026-05-23T08:38:20.910Z,0,86.94999694824219,95
2026-05-23T08:38:20.978Z,0,86.94999694824219,95
2026-05-23T08:38:21.045Z,0,86.94999694824219,95
2026-05-23T08:38:21.112Z,0,86.94999694824219,95
2026-05-23T08:38:21.178Z,0,86.94999694824219,95
2026-05-23T08:38:21.245Z,0,86.94999694824219,95
2026-05-23T08:38:21.312Z,0,86.94999694824219,95
2026-05-23T08:38:21.379Z,0,86.94999694824219,95
2026-05-23T08:38:21.446Z,0,86.94999694824219,95
2026-05-23T08:38:21.513Z,0,86.94999694824219,95
2026-05-23T08:38:21.579Z,0,86.94999694824219,95
2026-05-23T08:38:21.646Z,0,86.94999694824219,95
2026-05-23T08:38:21.713Z,0,86.94999694824219,95
2026-05-23T08:38:21.780Z,0,86.56999969482422,95
2026-05-23T08:38:21.847Z,0,86.56999969482422,95
2026-05-23T08:38:21.914Z,0,86.56999969482422,95
2026-05-23T08:38:21.981Z,0,86.56999969482422,95
2026-05-23T08:38:22.048Z,0,86.56999969482422,95
2026-05-23T08:38:22.115Z,0,86.56999969482422,95
2026-05-23T08:38:22.182Z,0,86.56999969482422,95
2026-05-23T08:38:22.248Z,0,86.56999969482422,95
2026-05-23T08:38:22.316Z,0,86.56999969482422,95
2026-05-23T08:38:22.382Z,0,86.56999969482422,95
2026-05-23T08:38:22.449Z,0,86.56999969482422,95
2026-05-23T08:38:22.516Z,0,86.56999969482422,95
2026-05-23T08:38:22.583Z,0,86.56999969482422,95
2026-05-23T08:38:22.650Z,0,86.56999969482422,95
2026-05-23T08:38:22.717Z,0,86.56999969482422,95
2026-05-23T08:38:22.784Z,0,86.56999969482422,95
2026-05-23T08:38:22.851Z,0,86.19999694824219,95
2026-05-23T08:38:22.918Z,0,86.19999694824219,95
2026-05-23T08:38:22.984Z,0,86.19999694824219,95
2026-05-23T08:38:23.051Z,0,86.19999694824219,95
2026-05-23T08:38:23.118Z,0,86.19999694824219,95
2026-05-23T08:38:23.185Z,0,86.19999694824219,95
2026-05-23T08:38:23.252Z,0,86.19999694824219,95
2026-05-23T08:38:23.319Z,0,86.19999694824219,95
2026-05-23T08:38:23.386Z,0,86.19999694824219,95
2026-05-23T08:38:23.453Z,0,86.19999694824219,95
2026-05-23T08:38:23.520Z,0,86.19999694824219,95
2026-05-23T08:38:23.587Z,0,86.19999694824219,95
2026-05-23T08:38:23.654Z,0,86.19999694824219,95
2026-05-23T08:38:23.721Z,0,86.19999694824219,95
2026-05-23T08:38:23.787Z,0,86.19999694824219,95
2026-05-23T08:38:23.854Z,0,86.19999694824219,95
2026-05-23T08:38:23.921Z,0,86.19999694824219,95
2026-05-23T08:38:23.988Z,0,85.83000183105469,95
2026-05-23T08:38:24.055Z,0,85.83000183105469,95
2026-05-23T08:38:24.122Z,0,85.83000183105469,95
2026-05-23T08:38:24.189Z,0,85.83000183105469,95
2026-05-23T08:38:24.256Z,0,85.83000183105469,95
2026-05-23T08:38:24.323Z,0,85.83000183105469,95
2026-05-23T08:38:24.390Z,0,85.83000183105469,95
2026-05-23T08:38:24.457Z,0,85.83000183105469,95
2026-05-23T08:38:24.523Z,0,85.83000183105469,95
2026-05-23T08:38:24.591Z,0,85.83000183105469,95
2026-05-23T08:38:24.657Z,0,85.83000183105469,95
2026-05-23T08:38:24.724Z,0,85.83000183105469,95
2026-05-23T08:38:24.791Z,0,85.83000183105469,95
2026-05-23T08:38:24.858Z,0,85.83000183105469,95
2026-05-23T08:38:24.925Z,0,85.83000183105469,95
2026-05-23T08:38:24.992Z,0,85.83000183105469,95
2026-05-23T08:38:25.059Z,0,85.83000183105469,95
2026-05-23T08:38:25.126Z,0,85.83000183105469,95
2026-05-23T08:38:25.193Z,0,85.45999908447266,95
2026-05-23T08:38:25.260Z,0,85.45999908447266,95
2026-05-23T08:38:25.326Z,0,85.45999908447266,95
2026-05-23T08:38:25.393Z,0,85.45999908447266,95
2026-05-23T08:38:25.460Z,0,85.45999908447266,95
2026-05-23T08:38:25.527Z,0,85.45999908447266,95
2026-05-23T08:38:25.594Z,0,85.45999908447266,95
2026-05-23T08:38:25.661Z,0,85.45999908447266,95
2026-05-23T08:38:25.728Z,0,85.45999908447266,95
2026-05-23T08:38:25.795Z,0,85.45999908447266,95
2026-05-23T08:38:25.862Z,0,85.45999908447266,95
2026-05-23T08:38:25.929Z,0,85.45999908447266,95
2026-05-23T08:38:25.996Z,0,85.45999908447266,95
2026-05-23T08:38:26.063Z,0,85.45999908447266,95
2026-05-23T08:38:26.130Z,0,85.45999908447266,95
2026-05-23T08:38:26.197Z,0,85.45999908447266,95
2026-05-23T08:38:26.263Z,0,85.45999908447266,95
2026-05-23T08:38:26.330Z,0,85.0999984741211,95
2026-05-23T08:38:26.397Z,0,85.0999984741211,95
2026-05-23T08:38:26.464Z,0,85.0999984741211,95
2026-05-23T08:38:26.531Z,0,85.0999984741211,95
2026-05-23T08:38:26.598Z,0,85.0999984741211,95
2026-05-23T08:38:26.665Z,0,85.0999984741211,95
2026-05-23T08:38:26.732Z,0,85.0999984741211,95
2026-05-23T08:38:26.798Z,0,85.0999984741211,95
2026-05-23T08:38:26.866Z,0,85.0999984741211,95
2026-05-23T08:38:26.932Z,0,85.0999984741211,95
2026-05-23T08:38:26.999Z,0,85.0999984741211,95
2026-05-23T08:38:27.066Z,0,85.0999984741211,95
2026-05-23T08:38:27.133Z,0,85.0999984741211,95
2026-05-23T08:38:27.200Z,0,85.0999984741211,95
2026-05-23T08:38:27.267Z,0,85.0999984741211,95
2026-05-23T08:38:27.334Z,0,85.0999984741211,95
2026-05-23T08:38:27.401Z,0,85.0999984741211,95
2026-05-23T08:38:27.468Z,0,84.73999786376953,95
2026-05-23T08:38:27.534Z,0,84.73999786376953,95
2026-05-23T08:38:27.601Z,0,84.73999786376953,95
2026-05-23T08:38:27.668Z,0,84.73999786376953,95
2026-05-23T08:38:27.735Z,0,84.73999786376953,95
2026-05-23T08:38:27.802Z,0,84.73999786376953,95
2026-05-23T08:38:27.869Z,0,84.73999786376953,95
2026-05-23T08:38:27.936Z,0,84.73999786376953,95
2026-05-23T08:38:28.003Z,0,84.73999786376953,95
2026-05-23T08:38:28.070Z,0,84.73999786376953,95
2026-05-23T08:38:28.137Z,0,84.73999786376953,95
2026-05-23T08:38:28.204Z,0,84.73999786376953,95
2026-05-23T08:38:28.270Z,0,84.73999786376953,95
2026-05-23T08:38:28.337Z,0,84.73999786376953,95
2026-05-23T08:38:28.404Z,0,84.73999786376953,95
2026-05-23T08:38:28.471Z,0,84.73999786376953,95
2026-05-23T08:38:28.538Z,0,84.73999786376953,95
2026-05-23T08:38:28.605Z,0,84.73999786376953,95
2026-05-23T08:38:28.672Z,0,84.37999725341797,95
2026-05-23T08:38:28.739Z,0,84.37999725341797,95
2026-05-23T08:38:28.806Z,0,84.37999725341797,95
2026-05-23T08:38:28.877Z,0,84.37999725341797,95
2026-05-23T08:38:28.939Z,0,84.37999725341797,95
2026-05-23T08:38:29.006Z,0,84.37999725341797,95
2026-05-23T08:38:29.073Z,0,84.37999725341797,95
2026-05-23T08:38:29.140Z,0,84.37999725341797,95
2026-05-23T08:38:29.207Z,0,84.37999725341797,95
2026-05-23T08:38:29.274Z,0,84.37999725341797,95
2026-05-23T08:38:29.341Z,0,84.37999725341797,95
2026-05-23T08:38:29.408Z,0,84.37999725341797,95
2026-05-23T08:38:29.475Z,0,84.37999725341797,95
2026-05-23T08:38:29.542Z,0,84.37999725341797,95
2026-05-23T08:38:29.609Z,0,84.37999725341797,95
2026-05-23T08:38:29.676Z,0,84.37999725341797,95
2026-05-23T08:38:29.743Z,0,84.37999725341797,95
2026-05-23T08:38:29.810Z,0,84.37999725341797,95
2026-05-23T08:38:29.876Z,0,84.02999877929688,95
2026-05-23T08:38:29.943Z,0,84.02999877929688,95
2026-05-23T08:38:30.010Z,0,84.02999877929688,95
2026-05-23T08:38:30.077Z,0,84.02999877929688,95
2026-05-23T08:38:30.144Z,0,84.02999877929688,95
2026-05-23T08:38:30.211Z,0,84.02999877929688,95
2026-05-23T08:38:30.278Z,0,84.02999877929688,95
2026-05-23T08:38:30.345Z,0,84.02999877929688,95
2026-05-23T08:38:30.412Z,0,84.02999877929688,95
2026-05-23T08:38:30.479Z,0,84.02999877929688,95
2026-05-23T08:38:30.545Z,0,84.02999877929688,95
2026-05-23T08:38:30.612Z,0,84.02999877929688,95
2026-05-23T08:38:30.679Z,0,84.02999877929688,95
2026-05-23T08:38:30.746Z,0,84.02999877929688,95
2026-05-23T08:38:30.814Z,0,84.02999877929688,95
2026-05-23T08:38:30.887Z,0,84.02999877929688,95
2026-05-23T08:38:30.949Z,0,84.02999877929688,95
2026-05-23T08:38:31.015Z,0,84.02999877929688,95
2026-05-23T08:38:31.081Z,0,83.69000244140625,95
2026-05-23T08:38:31.148Z,0,83.69000244140625,95
2026-05-23T08:38:31.215Z,0,83.69000244140625,95
2026-05-23T08:38:31.282Z,0,83.69000244140625,95
2026-05-23T08:38:31.349Z,0,83.69000244140625,95
2026-05-23T08:38:31.415Z,0,83.69000244140625,95
2026-05-23T08:38:31.483Z,0,83.69000244140625,95
2026-05-23T08:38:31.550Z,0,83.69000244140625,95
2026-05-23T08:38:31.616Z,0,83.69000244140625,95
2026-05-23T08:38:31.683Z,0,83.69000244140625,95
2026-05-23T08:38:31.750Z,0,83.69000244140625,95
2026-05-23T08:38:31.817Z,0,83.69000244140625,95
2026-05-23T08:38:31.884Z,0,83.69000244140625,95
2026-05-23T08:38:31.955Z,0,83.69000244140625,95
2026-05-23T08:38:32.017Z,0,83.69000244140625,95
2026-05-23T08:38:32.084Z,0,83.69000244140625,95
2026-05-23T08:38:32.151Z,0,83.33999633789062,95
2026-05-23T08:38:32.218Z,0,83.33999633789062,95
2026-05-23T08:38:32.285Z,0,83.33999633789062,95
2026-05-23T08:38:32.352Z,0,83.33999633789062,95
2026-05-23T08:38:32.419Z,0,83.33999633789062,95
2026-05-23T08:38:32.486Z,0,83.33999633789062,95
2026-05-23T08:38:32.557Z,0,83.33999633789062,95
2026-05-23T08:38:32.650Z,0,83.33999633789062,95
2026-05-23T08:38:32.714Z,0,83.33999633789062,95
2026-05-23T08:38:32.755Z,0,83.33999633789062,95
2026-05-23T08:38:32.820Z,0,83.33999633789062,95
2026-05-23T08:38:32.887Z,0,83.33999633789062,95
2026-05-23T08:38:32.954Z,0,83.33999633789062,95
2026-05-23T08:38:33.021Z,0,83.33999633789062,95
2026-05-23T08:38:33.088Z,0,83.33999633789062,95
2026-05-23T08:38:33.155Z,0,83.33999633789062,95
2026-05-23T08:38:33.222Z,0,83.33999633789062,95
2026-05-23T08:38:33.289Z,0,83,95
2026-05-23T08:38:33.356Z,0,83,95
2026-05-23T08:38:33.423Z,0,83,95
2026-05-23T08:38:33.489Z,0,83,95
2026-05-23T08:38:33.556Z,0,83,95
2026-05-23T08:38:33.623Z,0,83,95
2026-05-23T08:38:33.690Z,0,83,95
2026-05-23T08:38:33.757Z,0,83,95
2026-05-23T08:38:33.824Z,0,83,95
2026-05-23T08:38:33.891Z,0,83,95
2026-05-23T08:38:33.958Z,0,83,95
2026-05-23T08:38:34.025Z,0,83,95
2026-05-23T08:38:34.092Z,0,83,95
2026-05-23T08:38:34.159Z,0,83,95
2026-05-23T08:38:34.225Z,0,83,95
2026-05-23T08:38:34.292Z,0,83,95
2026-05-23T08:38:34.359Z,0,83,95
2026-05-23T08:38:34.426Z,0,82.66999816894531,95
2026-05-23T08:38:34.493Z,0,82.66999816894531,95
2026-05-23T08:38:34.560Z,0,82.66999816894531,95
2026-05-23T08:38:34.627Z,0,82.66999816894531,95
2026-05-23T08:38:34.694Z,0,82.66999816894531,95
2026-05-23T08:38:34.761Z,0,82.66999816894531,95
2026-05-23T08:38:34.828Z,0,82.66999816894531,95
2026-05-23T08:38:34.895Z,0,82.66999816894531,95
2026-05-23T08:38:34.962Z,0,82.66999816894531,95
2026-05-23T08:38:35.029Z,0,82.66999816894531,95
2026-05-23T08:38:35.095Z,0,82.66999816894531,95
2026-05-23T08:38:35.162Z,0,82.66999816894531,95
2026-05-23T08:38:35.229Z,0,82.66999816894531,95
2026-05-23T08:38:35.296Z,0,82.66999816894531,95
2026-05-23T08:38:35.363Z,0,82.66999816894531,95
2026-05-23T08:38:35.430Z,0,82.33999633789062,95
2026-05-23T08:38:35.497Z,0,82.33999633789062,95
2026-05-23T08:38:35.564Z,0,82.33999633789062,95
2026-05-23T08:38:35.631Z,0,82.33999633789062,95
2026-05-23T08:38:35.698Z,0,82.33999633789062,95
2026-05-23T08:38:35.765Z,0,82.33999633789062,95
2026-05-23T08:38:35.832Z,0,82.33999633789062,95
2026-05-23T08:38:35.899Z,0,82.33999633789062,95
2026-05-23T08:38:35.966Z,0,82.33999633789062,95
2026-05-23T08:38:36.033Z,0,82.33999633789062,95
2026-05-23T08:38:36.100Z,0,82.33999633789062,95
2026-05-23T08:38:36.166Z,0,82.33999633789062,95
2026-05-23T08:38:36.233Z,0,82.33999633789062,95
2026-05-23T08:38:36.300Z,0,82.33999633789062,95
2026-05-23T08:38:36.367Z,0,82.33999633789062,95
2026-05-23T08:38:36.434Z,0,82.33999633789062,95
2026-05-23T08:38:36.502Z,0,82.01000213623047,95
2026-05-23T08:38:36.567Z,0,82.01000213623047,95
2026-05-23T08:38:36.634Z,0,82.01000213623047,95
2026-05-23T08:38:36.701Z,0,82.01000213623047,95
2026-05-23T08:38:36.768Z,0,82.01000213623047,95
2026-05-23T08:38:36.835Z,0,82.01000213623047,95
2026-05-23T08:38:36.902Z,0,82.01000213623047,95
2026-05-23T08:38:36.969Z,0,82.01000213623047,95
2026-05-23T08:38:37.036Z,0,82.01000213623047,95
2026-05-23T08:38:37.103Z,0,82.01000213623047,95
2026-05-23T08:38:37.170Z,0,82.01000213623047,95
2026-05-23T08:38:37.236Z,0,82.01000213623047,95
2026-05-23T08:38:37.303Z,0,82.01000213623047,95
2026-05-23T08:38:37.370Z,0,82.01000213623047,95
2026-05-23T08:38:37.437Z,0,82.01000213623047,95
2026-05-23T08:38:37.504Z,0,82.01000213623047,95
2026-05-23T08:38:37.571Z,0,81.68000030517578,95
2026-05-23T08:38:37.638Z,0,81.68000030517578,95
2026-05-23T08:38:37.705Z,0,81.68000030517578,95
2026-05-23T08:38:37.774Z,0,81.68000030517578,95
2026-05-23T08:38:37.839Z,0,81.68000030517578,95
2026-05-23T08:38:37.930Z,0,81.68000030517578,95
2026-05-23T08:38:37.974Z,0,81.68000030517578,95
2026-05-23T08:38:38.056Z,0,81.68000030517578,95
2026-05-23T08:38:38.110Z,0,81.68000030517578,95
2026-05-23T08:38:38.173Z,0,81.68000030517578,95
2026-05-23T08:38:38.245Z,0,81.68000030517578,95
2026-05-23T08:38:38.309Z,0,81.68000030517578,95
2026-05-23T08:38:38.374Z,0,81.68000030517578,95
2026-05-23T08:38:38.441Z,0,81.68000030517578,95
2026-05-23T08:38:38.508Z,0,81.68000030517578,95
2026-05-23T08:38:38.575Z,0,81.68000030517578,95
2026-05-23T08:38:38.642Z,0,81.36000061035156,95
2026-05-23T08:38:38.709Z,0,81.36000061035156,95
2026-05-23T08:38:38.775Z,0,81.36000061035156,95
2026-05-23T08:38:38.842Z,0,81.36000061035156,95
2026-05-23T08:38:38.909Z,0,81.36000061035156,95
2026-05-23T08:38:38.976Z,0,81.36000061035156,95
2026-05-23T08:38:39.043Z,0,81.36000061035156,95
2026-05-23T08:38:39.111Z,0,81.36000061035156,95
2026-05-23T08:38:39.177Z,0,81.36000061035156,95
2026-05-23T08:38:39.244Z,0,81.36000061035156,95
2026-05-23T08:38:39.311Z,0,81.36000061035156,95
2026-05-23T08:38:39.379Z,0,81.36000061035156,95
2026-05-23T08:38:39.445Z,0,81.36000061035156,95
2026-05-23T08:38:39.512Z,0,81.36000061035156,95
2026-05-23T08:38:39.580Z,0,81.36000061035156,95
2026-05-23T08:38:39.646Z,0,81.36000061035156,95
2026-05-23T08:38:39.712Z,0,81.04000091552734,95
2026-05-23T08:38:39.779Z,0,81.04000091552734,95
2026-05-23T08:38:39.846Z,0,81.04000091552734,95
2026-05-23T08:38:39.913Z,0,81.04000091552734,95
2026-05-23T08:38:39.980Z,0,81.04000091552734,95
2026-05-23T08:38:40.047Z,0,81.04000091552734,95
2026-05-23T08:38:40.114Z,0,81.04000091552734,95
2026-05-23T08:38:40.181Z,0,81.04000091552734,95
2026-05-23T08:38:40.247Z,0,81.04000091552734,95
2026-05-23T08:38:40.314Z,0,81.04000091552734,95
2026-05-23T08:38:40.381Z,0,81.04000091552734,95
2026-05-23T08:38:40.448Z,0,81.04000091552734,95
2026-05-23T08:38:40.515Z,0,81.04000091552734,95
2026-05-23T08:38:40.582Z,0,81.04000091552734,95
2026-05-23T08:38:40.649Z,0,81.04000091552734,95
2026-05-23T08:38:40.716Z,0,81.04000091552734,95
2026-05-23T08:38:40.786Z,0,80.72000122070312,95
2026-05-23T08:38:40.854Z,0,80.72000122070312,95
2026-05-23T08:38:40.917Z,0,80.72000122070312,95
2026-05-23T08:38:40.984Z,0,80.72000122070312,95
2026-05-23T08:38:41.072Z,0,80.72000122070312,95
2026-05-23T08:38:41.132Z,0,80.72000122070312,95
2026-05-23T08:38:41.224Z,0,80.72000122070312,95
2026-05-23T08:38:41.254Z,0,80.72000122070312,95
2026-05-23T08:38:41.319Z,0,80.72000122070312,95
2026-05-23T08:38:41.386Z,0,80.72000122070312,95
2026-05-23T08:38:41.464Z,0,80.72000122070312,95
2026-05-23T08:38:41.547Z,0,80.72000122070312,95
2026-05-23T08:38:41.588Z,0,80.72000122070312,95
2026-05-23T08:38:41.653Z,0,80.72000122070312,95
2026-05-23T08:38:41.720Z,0,80.72000122070312,95
2026-05-23T08:38:41.786Z,0,80.72000122070312,95
2026-05-23T08:38:41.853Z,0,80.41000366210938,95
2026-05-23T08:38:41.920Z,0,80.41000366210938,95
2026-05-23T08:38:41.987Z,0,80.41000366210938,95
2026-05-23T08:38:42.056Z,0,80.41000366210938,95
2026-05-23T08:38:42.121Z,0,80.41000366210938,95
2026-05-23T08:38:42.188Z,0,80.41000366210938,95
2026-05-23T08:38:42.255Z,0,80.41000366210938,95
2026-05-23T08:38:42.322Z,0,80.41000366210938,95
2026-05-23T08:38:42.389Z,0,80.41000366210938,95
2026-05-23T08:38:42.459Z,0,80.41000366210938,95
2026-05-23T08:38:42.590Z,0,80.41000366210938,95
2026-05-23T08:38:42.609Z,0,80.41000366210938,95
2026-05-23T08:38:42.656Z,0,80.41000366210938,95
2026-05-23T08:38:42.723Z,0,80.41000366210938,95
2026-05-23T08:38:42.790Z,0,80.41000366210938,95
2026-05-23T08:38:42.857Z,0,80.08999633789062,95
2026-05-23T08:38:42.924Z,0,80.08999633789062,95
2026-05-23T08:38:42.991Z,0,80.08999633789062,95
2026-05-23T08:38:43.058Z,0,80.08999633789062,95
2026-05-23T08:38:43.126Z,0,80.08999633789062,95
2026-05-23T08:38:43.191Z,0,80.08999633789062,95
2026-05-23T08:38:43.258Z,0,80.08999633789062,95
2026-05-23T08:38:43.325Z,0,80.08999633789062,95
2026-05-23T08:38:43.392Z,0,80.08999633789062,95
2026-05-23T08:38:43.508Z,0,80.08999633789062,95
2026-05-23T08:38:43.544Z,0,80.08999633789062,95
2026-05-23T08:38:43.593Z,0,80.08999633789062,95
2026-05-23T08:38:43.675Z,0,80.08999633789062,95
2026-05-23T08:38:43.727Z,0,80.08999633789062,95
2026-05-23T08:38:43.794Z,0,80.08999633789062,95
2026-05-23T08:38:43.861Z,0,80.08999633789062,95
2026-05-23T08:38:43.928Z,0,79.79000091552734,95
2026-05-23T08:38:43.995Z,0,79.79000091552734,95
2026-05-23T08:38:44.061Z,0,79.79000091552734,95
2026-05-23T08:38:44.128Z,0,79.79000091552734,95
2026-05-23T08:38:44.195Z,0,79.79000091552734,95
2026-05-23T08:38:44.262Z,0,79.79000091552734,95
2026-05-23T08:38:44.330Z,0,79.79000091552734,95
2026-05-23T08:38:44.396Z,0,79.79000091552734,95
2026-05-23T08:38:44.463Z,0,79.79000091552734,95
2026-05-23T08:38:44.530Z,0,79.79000091552734,95
2026-05-23T08:38:44.597Z,0,79.79000091552734,95
2026-05-23T08:38:44.664Z,0,79.79000091552734,95
2026-05-23T08:38:44.731Z,0,79.79000091552734,95
2026-05-23T08:38:44.797Z,0,79.79000091552734,95
2026-05-23T08:38:44.871Z,0,79.79000091552734,95
2026-05-23T08:38:44.931Z,0,79.79000091552734,95
2026-05-23T08:38:44.998Z,0,79.4800033569336,95
2026-05-23T08:38:45.065Z,0,79.4800033569336,95
2026-05-23T08:38:45.132Z,0,79.4800033569336,95
2026-05-23T08:38:45.199Z,0,79.4800033569336,95
2026-05-23T08:38:45.266Z,0,79.4800033569336,95
2026-05-23T08:38:45.333Z,0,79.4800033569336,95
2026-05-23T08:38:45.400Z,0,79.4800033569336,95
2026-05-23T08:38:45.466Z,0,79.4800033569336,95
2026-05-23T08:38:45.533Z,0,79.4800033569336,95
2026-05-23T08:38:45.600Z,0,79.4800033569336,95
2026-05-23T08:38:45.670Z,0,79.4800033569336,95
2026-05-23T08:38:45.738Z,0,79.4800033569336,95
2026-05-23T08:38:45.802Z,0,79.4800033569336,95
2026-05-23T08:38:45.869Z,0,79.4800033569336,95
2026-05-23T08:38:45.935Z,0,79.4800033569336,95
2026-05-23T08:38:46.002Z,0,79.18000030517578,95
2026-05-23T08:38:46.070Z,0,79.18000030517578,95
2026-05-23T08:38:46.137Z,0,79.18000030517578,95
2026-05-23T08:38:46.203Z,0,79.18000030517578,95
2026-05-23T08:38:46.270Z,0,79.18000030517578,95
2026-05-23T08:38:46.337Z,0,79.18000030517578,95
2026-05-23T08:38:46.406Z,0,79.18000030517578,95
2026-05-23T08:38:46.471Z,0,79.18000030517578,95
2026-05-23T08:38:46.539Z,0,79.18000030517578,95
2026-05-23T08:38:46.605Z,0,79.18000030517578,95
2026-05-23T08:38:46.671Z,0,79.18000030517578,95
2026-05-23T08:38:46.738Z,0,79.18000030517578,95
2026-05-23T08:38:46.805Z,0,79.18000030517578,95
2026-05-23T08:38:46.872Z,0,79.18000030517578,95
2026-05-23T08:38:46.939Z,0,79.18000030517578,95
2026-05-23T08:38:47.006Z,0,78.87999725341797,95
2026-05-23T08:38:47.074Z,0,78.87999725341797,95
2026-05-23T08:38:47.141Z,0,78.87999725341797,95
2026-05-23T08:38:47.207Z,0,78.87999725341797,95
2026-05-23T08:38:47.274Z,0,78.87999725341797,95
2026-05-23T08:38:47.340Z,0,78.87999725341797,95
2026-05-23T08:38:47.407Z,0,78.87999725341797,95
2026-05-23T08:38:47.474Z,0,78.87999725341797,95
2026-05-23T08:38:47.541Z,0,78.87999725341797,95
2026-05-23T08:38:47.608Z,0,78.87999725341797,95
2026-05-23T08:38:47.675Z,0,78.87999725341797,95
2026-05-23T08:38:47.741Z,0,78.87999725341797,95
2026-05-23T08:38:47.808Z,0,78.87999725341797,95
2026-05-23T08:38:47.875Z,0,78.87999725341797,95
2026-05-23T08:38:47.942Z,0,78.87999725341797,95
2026-05-23T08:38:48.009Z,0,78.58000183105469,95
2026-05-23T08:38:48.080Z,0,78.58000183105469,95
2026-05-23T08:38:48.143Z,0,78.58000183105469,95
2026-05-23T08:38:48.210Z,0,78.58000183105469,95
2026-05-23T08:38:48.277Z,0,78.58000183105469,95
2026-05-23T08:38:48.344Z,0,78.58000183105469,95
2026-05-23T08:38:48.410Z,0,78.58000183105469,95
2026-05-23T08:38:48.478Z,0,78.58000183105469,95
2026-05-23T08:38:48.544Z,0,78.58000183105469,95
2026-05-23T08:38:48.611Z,0,78.58000183105469,95
2026-05-23T08:38:48.678Z,0,78.58000183105469,95
2026-05-23T08:38:48.745Z,0,78.58000183105469,95
2026-05-23T08:38:48.812Z,0,78.58000183105469,95
2026-05-23T08:38:48.879Z,0,78.58000183105469,95
2026-05-23T08:38:48.946Z,0,78.58000183105469,95
2026-05-23T08:38:49.013Z,0,78.58000183105469,95
2026-05-23T08:38:49.080Z,0,78.58000183105469,95
2026-05-23T08:38:49.147Z,0,78.29000091552734,95
2026-05-23T08:38:49.213Z,0,78.29000091552734,95
2026-05-23T08:38:49.280Z,0,78.29000091552734,95
2026-05-23T08:38:49.347Z,0,78.29000091552734,95
2026-05-23T08:38:49.414Z,0,78.29000091552734,95
2026-05-23T08:38:49.481Z,0,78.29000091552734,95
2026-05-23T08:38:49.548Z,0,78.29000091552734,95
2026-05-23T08:38:49.615Z,0,78.29000091552734,95
2026-05-23T08:38:49.684Z,0,78.29000091552734,95
2026-05-23T08:38:49.749Z,0,78.29000091552734,95
2026-05-23T08:38:49.816Z,0,78.29000091552734,95
2026-05-23T08:38:49.883Z,0,78.29000091552734,95
2026-05-23T08:38:49.950Z,0,78.29000091552734,95
2026-05-23T08:38:50.016Z,0,78.29000091552734,95
2026-05-23T08:38:50.083Z,0,78.29000091552734,95
2026-05-23T08:38:50.150Z,0,78.29000091552734,95
2026-05-23T08:38:50.217Z,0,78.29000091552734,95
2026-05-23T08:38:50.284Z,0,78,95
2026-05-23T08:38:50.351Z,0,78,95
2026-05-23T08:38:50.418Z,0,78,95
2026-05-23T08:38:50.485Z,0,78,95
2026-05-23T08:38:50.552Z,0,78,95
2026-05-23T08:38:50.624Z,0,78,95
2026-05-23T08:38:50.689Z,0,78,95
2026-05-23T08:38:50.755Z,0,78,95
2026-05-23T08:38:50.820Z,0,78,95
2026-05-23T08:38:50.886Z,0,78,95
2026-05-23T08:38:50.953Z,0,78,95
2026-05-23T08:38:51.020Z,0,78,95
2026-05-23T08:38:51.088Z,0,78,95
2026-05-23T08:38:51.156Z,0,78,95
2026-05-23T08:38:51.229Z,0,78,95
2026-05-23T08:38:51.289Z,0,78,95
2026-05-23T08:38:51.355Z,0,78,95
2026-05-23T08:38:51.422Z,0,77.70999908447266,95
2026-05-23T08:38:51.488Z,0,77.70999908447266,95
2026-05-23T08:38:51.555Z,0,77.70999908447266,95
2026-05-23T08:38:51.622Z,0,77.70999908447266,95
2026-05-23T08:38:51.689Z,0,77.70999908447266,95
2026-05-23T08:38:51.758Z,0,77.70999908447266,95
2026-05-23T08:38:51.824Z,0,77.70999908447266,95
2026-05-23T08:38:51.890Z,0,77.70999908447266,95
2026-05-23T08:38:51.957Z,0,77.70999908447266,95
2026-05-23T08:38:52.024Z,0,77.70999908447266,95
2026-05-23T08:38:52.093Z,0,77.70999908447266,95
2026-05-23T08:38:52.158Z,0,77.70999908447266,95
2026-05-23T08:38:52.225Z,0,77.70999908447266,95
2026-05-23T08:38:52.291Z,0,77.70999908447266,95
2026-05-23T08:38:52.358Z,0,77.70999908447266,95
2026-05-23T08:38:52.425Z,0,77.70999908447266,95
2026-05-23T08:38:52.492Z,0,77.41999816894531,95
2026-05-23T08:38:52.567Z,0,77.41999816894531,95
2026-05-23T08:38:52.626Z,0,77.41999816894531,95
2026-05-23T08:38:52.693Z,0,77.41999816894531,95
2026-05-23T08:38:52.760Z,0,77.41999816894531,95
2026-05-23T08:38:52.827Z,0,77.41999816894531,95
2026-05-23T08:38:52.894Z,0,77.41999816894531,95
2026-05-23T08:38:52.960Z,0,77.41999816894531,95
2026-05-23T08:38:53.027Z,0,77.41999816894531,95
2026-05-23T08:38:53.102Z,0,77.41999816894531,95
2026-05-23T08:38:53.161Z,0,77.41999816894531,95
2026-05-23T08:38:53.228Z,0,77.41999816894531,95
2026-05-23T08:38:53.295Z,0,77.41999816894531,95
2026-05-23T08:38:53.362Z,0,77.41999816894531,95
2026-05-23T08:38:53.429Z,0,77.41999816894531,95
2026-05-23T08:38:53.496Z,0,77.41999816894531,95
2026-05-23T08:38:53.563Z,0,77.13999938964844,95
2026-05-23T08:38:53.632Z,0,77.13999938964844,95
2026-05-23T08:38:53.696Z,0,77.13999938964844,95
2026-05-23T08:38:53.764Z,0,77.13999938964844,95
2026-05-23T08:38:53.830Z,0,77.13999938964844,95
2026-05-23T08:38:53.897Z,0,77.13999938964844,95
2026-05-23T08:38:53.964Z,0,77.13999938964844,95
2026-05-23T08:38:54.031Z,0,77.13999938964844,95
2026-05-23T08:38:54.098Z,0,77.13999938964844,95
2026-05-23T08:38:54.165Z,0,77.13999938964844,95
2026-05-23T08:38:54.232Z,0,77.13999938964844,95
2026-05-23T08:38:54.299Z,0,77.13999938964844,95
2026-05-23T08:38:54.366Z,0,77.13999938964844,95
2026-05-23T08:38:54.433Z,0,77.13999938964844,95
2026-05-23T08:38:54.499Z,0,77.13999938964844,95
2026-05-23T08:38:54.566Z,0,77.13999938964844,95
2026-05-23T08:38:54.633Z,0,76.8499984741211,95
2026-05-23T08:38:54.700Z,0,76.8499984741211,95
2026-05-23T08:38:54.767Z,0,76.8499984741211,95
2026-05-23T08:38:54.834Z,0,76.8499984741211,95
2026-05-23T08:38:54.901Z,0,76.8499984741211,95
2026-05-23T08:38:54.968Z,0,76.8499984741211,95
2026-05-23T08:38:55.035Z,0,76.8499984741211,95
2026-05-23T08:38:55.102Z,0,76.8499984741211,95
2026-05-23T08:38:55.168Z,0,76.8499984741211,95
2026-05-23T08:38:55.235Z,0,76.8499984741211,95
2026-05-23T08:38:55.302Z,0,76.8499984741211,95
2026-05-23T08:38:55.369Z,0,76.8499984741211,95
2026-05-23T08:38:55.436Z,0,76.8499984741211,95
2026-05-23T08:38:55.504Z,0,76.8499984741211,95
2026-05-23T08:38:55.571Z,0,76.8499984741211,95
2026-05-23T08:38:55.638Z,0,76.8499984741211,95
2026-05-23T08:38:55.706Z,0,76.56999969482422,95
2026-05-23T08:38:55.772Z,0,76.56999969482422,95
2026-05-23T08:38:55.838Z,0,76.56999969482422,95
2026-05-23T08:38:55.905Z,0,76.56999969482422,95
2026-05-23T08:38:55.972Z,0,76.56999969482422,95
2026-05-23T08:38:56.040Z,0,76.56999969482422,95
2026-05-23T08:38:56.105Z,0,76.56999969482422,95
2026-05-23T08:38:56.172Z,0,76.56999969482422,95
2026-05-23T08:38:56.239Z,0,76.56999969482422,95
2026-05-23T08:38:56.306Z,0,76.56999969482422,95
2026-05-23T08:38:56.373Z,0,76.56999969482422,95
2026-05-23T08:38:56.440Z,0,76.56999969482422,95
2026-05-23T08:38:56.507Z,0,76.56999969482422,95
2026-05-23T08:38:56.574Z,0,76.56999969482422,95
2026-05-23T08:38:56.640Z,0,76.56999969482422,95
2026-05-23T08:38:56.708Z,0,76.30000305175781,95
2026-05-23T08:38:56.774Z,0,76.30000305175781,95
2026-05-23T08:38:56.841Z,0,76.30000305175781,95
2026-05-23T08:38:56.908Z,0,76.30000305175781,95
2026-05-23T08:38:56.976Z,0,76.30000305175781,95
2026-05-23T08:38:57.042Z,0,76.30000305175781,95
2026-05-23T08:38:57.109Z,0,76.30000305175781,95
2026-05-23T08:38:57.176Z,0,76.30000305175781,95
2026-05-23T08:38:57.243Z,0,76.30000305175781,95
2026-05-23T08:38:57.310Z,0,76.30000305175781,95
2026-05-23T08:38:57.377Z,0,76.30000305175781,95
2026-05-23T08:38:57.443Z,0,76.30000305175781,95
2026-05-23T08:38:57.510Z,0,76.30000305175781,95
2026-05-23T08:38:57.577Z,0,76.30000305175781,95
2026-05-23T08:38:57.644Z,0,76.30000305175781,95
2026-05-23T08:38:57.711Z,0,76.0199966430664,95
2026-05-23T08:38:57.778Z,0,76.0199966430664,95
2026-05-23T08:38:57.845Z,0,76.0199966430664,95
2026-05-23T08:38:57.912Z,0,76.0199966430664,95
2026-05-23T08:38:57.979Z,0,76.0199966430664,95
2026-05-23T08:38:58.046Z,0,76.0199966430664,95
2026-05-23T08:38:58.112Z,0,76.0199966430664,95
2026-05-23T08:38:58.179Z,0,76.0199966430664,95
2026-05-23T08:38:58.246Z,0,76.0199966430664,95
2026-05-23T08:38:58.313Z,0,76.0199966430664,95
2026-05-23T08:38:58.380Z,0,76.0199966430664,95
2026-05-23T08:38:58.447Z,0,76.0199966430664,95
2026-05-23T08:38:58.514Z,0,76.0199966430664,95
2026-05-23T08:38:58.581Z,0,76.0199966430664,95
2026-05-23T08:38:58.648Z,0,76.0199966430664,95
2026-05-23T08:38:58.715Z,0,76.0199966430664,95
2026-05-23T08:38:58.782Z,0,76.0199966430664,95
2026-05-23T08:38:58.848Z,0,75.75,95
2026-05-23T08:38:58.915Z,0,75.75,95
2026-05-23T08:38:58.982Z,0,75.75,95
2026-05-23T08:38:59.049Z,0,75.75,95
2026-05-23T08:38:59.116Z,0,75.75,95
2026-05-23T08:38:59.183Z,0,75.75,95
2026-05-23T08:38:59.250Z,0,75.75,95
2026-05-23T08:38:59.317Z,0,75.75,95
2026-05-23T08:38:59.384Z,0,75.75,95
2026-05-23T08:38:59.451Z,0,75.75,95
2026-05-23T08:38:59.518Z,0,75.75,95
2026-05-23T08:38:59.584Z,0,75.75,95
2026-05-23T08:38:59.652Z,0,75.75,95
2026-05-23T08:38:59.718Z,0,75.75,95
2026-05-23T08:38:59.785Z,0,75.75,95
2026-05-23T08:38:59.852Z,0,75.75,95
2026-05-23T08:38:59.919Z,0,75.4800033569336,95
2026-05-23T08:38:59.986Z,0,75.4800033569336,95
2026-05-23T08:39:00.053Z,0,75.4800033569336,95
2026-05-23T08:39:00.120Z,0,75.4800033569336,95
2026-05-23T08:39:00.187Z,0,75.4800033569336,95
2026-05-23T08:39:00.254Z,0,75.4800033569336,95
2026-05-23T08:39:00.320Z,0,75.4800033569336,95
2026-05-23T08:39:00.387Z,0,75.4800033569336,95
2026-05-23T08:39:00.454Z,0,75.4800033569336,95
2026-05-23T08:39:00.522Z,0,75.4800033569336,95
2026-05-23T08:39:00.588Z,0,75.4800033569336,95
2026-05-23T08:39:00.655Z,0,75.4800033569336,95
2026-05-23T08:39:00.722Z,0,75.4800033569336,95
2026-05-23T08:39:00.789Z,0,75.4800033569336,95
2026-05-23T08:39:00.856Z,0,75.4800033569336,95
2026-05-23T08:39:00.924Z,0,75.4800033569336,95
2026-05-23T08:39:00.990Z,0,75.20999908447266,95
2026-05-23T08:39:01.057Z,0,75.20999908447266,95
2026-05-23T08:39:01.123Z,0,75.20999908447266,95
2026-05-23T08:39:01.191Z,0,75.20999908447266,95
2026-05-23T08:39:01.260Z,0,75.20999908447266,95
2026-05-23T08:39:01.329Z,0,75.20999908447266,95
2026-05-23T08:39:01.391Z,0,75.20999908447266,95
2026-05-23T08:39:01.458Z,0,75.20999908447266,95
2026-05-23T08:39:01.525Z,0,75.20999908447266,95
2026-05-23T08:39:01.592Z,0,75.20999908447266,95
2026-05-23T08:39:01.659Z,0,75.20999908447266,95
2026-05-23T08:39:01.726Z,0,75.20999908447266,95
2026-05-23T08:39:01.792Z,0,75.20999908447266,95
2026-05-23T08:39:01.859Z,0,75.20999908447266,95
2026-05-23T08:39:01.926Z,0,75.20999908447266,95
2026-05-23T08:39:01.993Z,0,75.20999908447266,95
2026-05-23T08:39:02.060Z,0,75.20999908447266,95
2026-05-23T08:39:02.127Z,0,74.94000244140625,95
2026-05-23T08:39:02.194Z,0,74.94000244140625,95
2026-05-23T08:39:02.261Z,0,74.94000244140625,95
2026-05-23T08:39:02.328Z,0,74.94000244140625,95
2026-05-23T08:39:02.395Z,0,74.94000244140625,95
2026-05-23T08:39:02.462Z,0,74.94000244140625,95
2026-05-23T08:39:02.528Z,0,74.94000244140625,95
2026-05-23T08:39:02.595Z,0,74.94000244140625,95
2026-05-23T08:39:02.662Z,0,74.94000244140625,95
2026-05-23T08:39:02.729Z,0,74.94000244140625,95
2026-05-23T08:39:02.796Z,0,74.94000244140625,95
2026-05-23T08:39:02.863Z,0,74.94000244140625,95
2026-05-23T08:39:02.930Z,0,74.94000244140625,95
2026-05-23T08:39:02.997Z,0,74.94000244140625,95
2026-05-23T08:39:03.064Z,0,74.94000244140625,95
2026-05-23T08:39:03.131Z,0,74.94000244140625,95
2026-05-23T08:39:03.197Z,0,74.94000244140625,95
2026-05-23T08:39:03.264Z,0,74.68000030517578,95
2026-05-23T08:39:03.331Z,0,74.68000030517578,95
2026-05-23T08:39:03.398Z,0,74.68000030517578,95
2026-05-23T08:39:03.465Z,0,74.68000030517578,95
2026-05-23T08:39:03.532Z,0,74.68000030517578,95
2026-05-23T08:39:03.599Z,0,74.68000030517578,95
2026-05-23T08:39:03.666Z,0,74.68000030517578,95
2026-05-23T08:39:03.733Z,0,74.68000030517578,95
2026-05-23T08:39:03.800Z,0,74.68000030517578,95
2026-05-23T08:39:03.867Z,0,74.68000030517578,95
2026-05-23T08:39:03.933Z,0,74.68000030517578,95
2026-05-23T08:39:04.000Z,0,74.68000030517578,95
2026-05-23T08:39:04.067Z,0,74.68000030517578,95
2026-05-23T08:39:04.134Z,0,74.68000030517578,95
2026-05-23T08:39:04.201Z,0,74.68000030517578,95
2026-05-23T08:39:04.268Z,0,74.68000030517578,95
2026-05-23T08:39:04.335Z,0,74.68000030517578,95
2026-05-23T08:39:04.402Z,0,74.41999816894531,95
2026-05-23T08:39:04.469Z,0,74.41999816894531,95
2026-05-23T08:39:04.536Z,0,74.41999816894531,95
2026-05-23T08:39:04.603Z,0,74.41999816894531,95
2026-05-23T08:39:04.670Z,0,74.41999816894531,95
2026-05-23T08:39:04.736Z,0,74.41999816894531,95
2026-05-23T08:39:04.803Z,0,74.41999816894531,95
2026-05-23T08:39:04.870Z,0,74.41999816894531,95
2026-05-23T08:39:04.937Z,0,74.41999816894531,95
2026-05-23T08:39:05.004Z,0,74.41999816894531,95
2026-05-23T08:39:05.071Z,0,74.41999816894531,95
2026-05-23T08:39:05.138Z,0,74.41999816894531,95
2026-05-23T08:39:05.205Z,0,74.41999816894531,95
2026-05-23T08:39:05.272Z,0,74.41999816894531,95
2026-05-23T08:39:05.339Z,0,74.41999816894531,95
2026-05-23T08:39:05.406Z,0,74.41999816894531,95
2026-05-23T08:39:05.473Z,0,74.41999816894531,95
2026-05-23T08:39:05.540Z,0,74.16000366210938,95
2026-05-23T08:39:05.607Z,0,74.16000366210938,95
2026-05-23T08:39:05.673Z,0,74.16000366210938,95
2026-05-23T08:39:05.741Z,0,74.16000366210938,95
2026-05-23T08:39:05.807Z,0,74.16000366210938,95
2026-05-23T08:39:05.874Z,0,74.16000366210938,95
2026-05-23T08:39:05.941Z,0,74.16000366210938,95
2026-05-23T08:39:06.008Z,0,74.16000366210938,95
2026-05-23T08:39:06.075Z,0,74.16000366210938,95
2026-05-23T08:39:06.142Z,0,74.16000366210938,95
2026-05-23T08:39:06.209Z,0,74.16000366210938,95
2026-05-23T08:39:06.275Z,0,74.16000366210938,95
2026-05-23T08:39:06.342Z,0,74.16000366210938,95
2026-05-23T08:39:06.409Z,0,74.16000366210938,95
2026-05-23T08:39:06.476Z,0,74.16000366210938,95
2026-05-23T08:39:06.543Z,0,74.16000366210938,95
2026-05-23T08:39:06.610Z,0,73.9000015258789,95
2026-05-23T08:39:06.677Z,0,73.9000015258789,95
2026-05-23T08:39:06.744Z,0,73.9000015258789,95
2026-05-23T08:39:06.811Z,0,73.9000015258789,95
2026-05-23T08:39:06.878Z,0,73.9000015258789,95
2026-05-23T08:39:06.945Z,0,73.9000015258789,95
2026-05-23T08:39:07.011Z,0,73.9000015258789,95
2026-05-23T08:39:07.078Z,0,73.9000015258789,95
2026-05-23T08:39:07.145Z,0,73.9000015258789,95
2026-05-23T08:39:07.212Z,0,73.9000015258789,95
2026-05-23T08:39:07.279Z,0,73.9000015258789,95
2026-05-23T08:39:07.346Z,0,73.9000015258789,95
2026-05-23T08:39:07.413Z,0,73.9000015258789,95
2026-05-23T08:39:07.480Z,0,73.9000015258789,95
2026-05-23T08:39:07.547Z,0,73.9000015258789,95
2026-05-23T08:39:07.613Z,0,73.9000015258789,95
2026-05-23T08:39:07.680Z,0,73.9000015258789,95
2026-05-23T08:39:07.747Z,0,73.63999938964844,95
2026-05-23T08:39:07.814Z,0,73.63999938964844,95
2026-05-23T08:39:07.881Z,0,73.63999938964844,95
2026-05-23T08:39:07.950Z,0,73.63999938964844,95
2026-05-23T08:39:08.015Z,0,73.63999938964844,95
2026-05-23T08:39:08.082Z,0,73.63999938964844,95
2026-05-23T08:39:08.149Z,0,73.63999938964844,95
2026-05-23T08:39:08.216Z,0,73.63999938964844,95
2026-05-23T08:39:08.283Z,0,73.63999938964844,95
2026-05-23T08:39:08.350Z,0,73.63999938964844,95
2026-05-23T08:39:08.416Z,0,73.63999938964844,95
2026-05-23T08:39:08.483Z,0,73.63999938964844,95
2026-05-23T08:39:08.550Z,0,73.63999938964844,95
2026-05-23T08:39:08.617Z,0,73.63999938964844,95
2026-05-23T08:39:08.684Z,0,73.63999938964844,95
2026-05-23T08:39:08.751Z,0,73.63999938964844,95
2026-05-23T08:39:08.818Z,0,73.63999938964844,95
2026-05-23T08:39:08.885Z,0,73.38999938964844,95
2026-05-23T08:39:08.952Z,0,73.38999938964844,95
2026-05-23T08:39:09.019Z,0,73.38999938964844,95
2026-05-23T08:39:09.086Z,0,73.38999938964844,95
2026-05-23T08:39:09.152Z,0,73.38999938964844,95
2026-05-23T08:39:09.219Z,0,73.38999938964844,95
2026-05-23T08:39:09.286Z,0,73.38999938964844,95
2026-05-23T08:39:09.353Z,0,73.38999938964844,95
2026-05-23T08:39:09.420Z,0,73.38999938964844,95
2026-05-23T08:39:09.487Z,0,73.38999938964844,95
2026-05-23T08:39:09.554Z,0,73.38999938964844,95
2026-05-23T08:39:09.621Z,0,73.38999938964844,95
2026-05-23T08:39:09.688Z,0,73.38999938964844,95
2026-05-23T08:39:09.755Z,0,73.38999938964844,95
2026-05-23T08:39:09.821Z,0,73.38999938964844,95
2026-05-23T08:39:09.888Z,0,73.38999938964844,95
2026-05-23T08:39:09.960Z,0,73.38999938964844,95
2026-05-23T08:39:10.022Z,0,73.13999938964844,95
2026-05-23T08:39:10.089Z,0,73.13999938964844,95
2026-05-23T08:39:10.156Z,0,73.13999938964844,95
2026-05-23T08:39:10.223Z,0,73.13999938964844,95
2026-05-23T08:39:10.290Z,0,73.13999938964844,95
2026-05-23T08:39:10.357Z,0,73.13999938964844,95
2026-05-23T08:39:10.424Z,0,73.13999938964844,95
2026-05-23T08:39:10.491Z,0,73.13999938964844,95
2026-05-23T08:39:10.558Z,0,73.13999938964844,95
2026-05-23T08:39:10.625Z,0,73.13999938964844,95
2026-05-23T08:39:10.692Z,0,73.13999938964844,95
2026-05-23T08:39:10.759Z,0,73.13999938964844,95
2026-05-23T08:39:10.825Z,0,73.13999938964844,95
2026-05-23T08:39:10.892Z,0,73.13999938964844,95
2026-05-23T08:39:10.959Z,0,73.13999938964844,95
2026-05-23T08:39:11.026Z,0,73.13999938964844,95
2026-05-23T08:39:11.103Z,0,72.88999938964844,95
2026-05-23T08:39:11.168Z,0,72.88999938964844,95
2026-05-23T08:39:11.235Z,0,72.88999938964844,95
2026-05-23T08:39:11.294Z,0,72.88999938964844,95
2026-05-23T08:39:11.361Z,0,72.88999938964844,95
2026-05-23T08:39:11.430Z,0,72.88999938964844,95
2026-05-23T08:39:11.494Z,0,72.88999938964844,95
2026-05-23T08:39:11.562Z,0,72.88999938964844,95
2026-05-23T08:39:11.628Z,0,72.88999938964844,95
2026-05-23T08:39:11.695Z,0,72.88999938964844,95
2026-05-23T08:39:11.762Z,0,72.88999938964844,95
2026-05-23T08:39:11.829Z,0,72.88999938964844,95
2026-05-23T08:39:11.896Z,0,72.88999938964844,95
2026-05-23T08:39:11.963Z,0,72.88999938964844,95
2026-05-23T08:39:12.029Z,0,72.88999938964844,95
2026-05-23T08:39:12.096Z,0,72.88999938964844,95
2026-05-23T08:39:12.163Z,0,72.88999938964844,95
2026-05-23T08:39:12.230Z,0,72.63999938964844,95
2026-05-23T08:39:12.297Z,0,72.63999938964844,95
2026-05-23T08:39:12.364Z,0,72.63999938964844,95
2026-05-23T08:39:12.431Z,0,72.63999938964844,95
2026-05-23T08:39:12.498Z,0,72.63999938964844,95
2026-05-23T08:39:12.565Z,0,72.63999938964844,95
2026-05-23T08:39:12.632Z,0,72.63999938964844,95
2026-05-23T08:39:12.699Z,0,72.63999938964844,95
2026-05-23T08:39:12.766Z,0,72.63999938964844,95
2026-05-23T08:39:12.832Z,0,72.63999938964844,95
2026-05-23T08:39:12.899Z,0,72.63999938964844,95
2026-05-23T08:39:12.966Z,0,72.63999938964844,95
2026-05-23T08:39:13.033Z,0,72.63999938964844,95
2026-05-23T08:39:13.100Z,0,72.63999938964844,95
2026-05-23T08:39:13.167Z,0,72.63999938964844,95
2026-05-23T08:39:13.234Z,0,72.63999938964844,95
2026-05-23T08:39:13.301Z,0,72.63999938964844,95
2026-05-23T08:39:13.516Z,0,72.38999938964844,95
2026-05-23T08:39:13.539Z,0,72.38999938964844,95
2026-05-23T08:39:13.539Z,0,72.38999938964844,95
2026-05-23T08:39:13.573Z,0,72.38999938964844,95
2026-05-23T08:39:13.635Z,0,72.38999938964844,95
2026-05-23T08:39:13.702Z,0,72.38999938964844,95
2026-05-23T08:39:13.769Z,0,72.38999938964844,95
2026-05-23T08:39:13.836Z,0,72.38999938964844,95
2026-05-23T08:39:13.903Z,0,72.38999938964844,95
2026-05-23T08:39:13.970Z,0,72.38999938964844,95
2026-05-23T08:39:14.037Z,0,72.38999938964844,95
2026-05-23T08:39:14.104Z,0,72.38999938964844,95
2026-05-23T08:39:14.170Z,0,72.38999938964844,95
2026-05-23T08:39:14.237Z,0,72.38999938964844,95
2026-05-23T08:39:14.304Z,0,72.38999938964844,95
2026-05-23T08:39:14.371Z,0,72.38999938964844,95
2026-05-23T08:39:14.438Z,0,72.1500015258789,95
2026-05-23T08:39:14.510Z,0,72.1500015258789,95
2026-05-23T08:39:14.572Z,0,72.1500015258789,95
2026-05-23T08:39:14.639Z,0,72.1500015258789,95
2026-05-23T08:39:14.706Z,0,72.1500015258789,95
2026-05-23T08:39:14.773Z,0,72.1500015258789,95
2026-05-23T08:39:14.849Z,0,72.1500015258789,95
2026-05-23T08:39:14.907Z,0,72.1500015258789,95
2026-05-23T08:39:14.973Z,0,72.1500015258789,95
2026-05-23T08:39:15.040Z,0,72.1500015258789,95
2026-05-23T08:39:15.107Z,0,72.1500015258789,95
2026-05-23T08:39:15.174Z,0,72.1500015258789,95
2026-05-23T08:39:15.241Z,0,72.1500015258789,95
2026-05-23T08:39:15.308Z,0,72.1500015258789,95
2026-05-23T08:39:15.375Z,0,72.1500015258789,95
2026-05-23T08:39:15.442Z,0,72.1500015258789,95
2026-05-23T08:39:15.512Z,0,72.1500015258789,95
2026-05-23T08:39:15.576Z,0,71.9000015258789,95
2026-05-23T08:39:15.643Z,0,71.9000015258789,95
2026-05-23T08:39:15.710Z,0,71.9000015258789,95
2026-05-23T08:39:15.777Z,0,71.9000015258789,95
2026-05-23T08:39:15.844Z,0,71.9000015258789,95
2026-05-23T08:39:15.911Z,0,71.9000015258789,95
2026-05-23T08:39:15.977Z,0,71.9000015258789,95
2026-05-23T08:39:16.044Z,0,71.9000015258789,95
2026-05-23T08:39:16.111Z,0,71.9000015258789,95
2026-05-23T08:39:16.178Z,0,71.9000015258789,95
2026-05-23T08:39:16.245Z,0,71.9000015258789,95
2026-05-23T08:39:16.312Z,0,71.9000015258789,95
2026-05-23T08:39:16.379Z,0,71.9000015258789,95
2026-05-23T08:39:16.445Z,0,71.9000015258789,95
2026-05-23T08:39:16.512Z,0,71.9000015258789,95
2026-05-23T08:39:16.579Z,0,71.9000015258789,95
2026-05-23T08:39:16.646Z,0,71.66000366210938,95
2026-05-23T08:39:16.713Z,0,71.66000366210938,95
2026-05-23T08:39:16.780Z,0,71.66000366210938,95
2026-05-23T08:39:16.847Z,0,71.66000366210938,95
2026-05-23T08:39:16.914Z,0,71.66000366210938,95
2026-05-23T08:39:16.981Z,0,71.66000366210938,95
2026-05-23T08:39:17.048Z,0,71.66000366210938,95
2026-05-23T08:39:17.115Z,0,71.66000366210938,95
2026-05-23T08:39:17.181Z,0,71.66000366210938,95
2026-05-23T08:39:17.248Z,0,71.66000366210938,95
2026-05-23T08:39:17.315Z,0,71.66000366210938,95
2026-05-23T08:39:17.383Z,0,71.66000366210938,95
2026-05-23T08:39:17.449Z,0,71.66000366210938,95
2026-05-23T08:39:17.516Z,0,71.66000366210938,95
2026-05-23T08:39:17.583Z,0,71.66000366210938,95
2026-05-23T08:39:17.650Z,0,71.66000366210938,95
2026-05-23T08:39:17.717Z,0,71.66000366210938,95
2026-05-23T08:39:17.784Z,0,71.41999816894531,95
2026-05-23T08:39:17.851Z,0,71.41999816894531,95
2026-05-23T08:39:17.917Z,0,71.41999816894531,95
2026-05-23T08:39:17.984Z,0,71.41999816894531,95
2026-05-23T08:39:18.051Z,0,71.41999816894531,95
2026-05-23T08:39:18.118Z,0,71.41999816894531,95
2026-05-23T08:39:18.185Z,0,71.41999816894531,95
2026-05-23T08:39:18.252Z,0,71.41999816894531,95
2026-05-23T08:39:18.319Z,0,71.41999816894531,95
2026-05-23T08:39:18.386Z,0,71.41999816894531,95
2026-05-23T08:39:18.453Z,0,71.41999816894531,95
2026-05-23T08:39:18.520Z,0,71.41999816894531,95
2026-05-23T08:39:18.587Z,0,71.41999816894531,95
2026-05-23T08:39:18.653Z,0,71.41999816894531,95
2026-05-23T08:39:18.720Z,0,71.41999816894531,95
2026-05-23T08:39:18.787Z,0,71.41999816894531,95
2026-05-23T08:39:18.854Z,0,71.19000244140625,95
2026-05-23T08:39:18.921Z,0,71.19000244140625,95
2026-05-23T08:39:19.007Z,0,71.19000244140625,95
2026-05-23T08:39:19.064Z,0,71.19000244140625,95
2026-05-23T08:39:19.122Z,0,71.19000244140625,95
2026-05-23T08:39:19.189Z,0,71.19000244140625,95
2026-05-23T08:39:19.256Z,0,71.19000244140625,95
2026-05-23T08:39:19.323Z,0,71.19000244140625,95
2026-05-23T08:39:19.389Z,0,71.19000244140625,95
2026-05-23T08:39:19.456Z,0,71.19000244140625,95
2026-05-23T08:39:19.523Z,0,71.19000244140625,95
2026-05-23T08:39:19.590Z,0,71.19000244140625,95
2026-05-23T08:39:19.657Z,0,71.19000244140625,95
2026-05-23T08:39:19.724Z,0,71.19000244140625,95
2026-05-23T08:39:19.791Z,0,71.19000244140625,95
2026-05-23T08:39:19.858Z,0,71.19000244140625,95
2026-05-23T08:39:19.925Z,0,71.19000244140625,95
2026-05-23T08:39:19.992Z,0,70.94999694824219,95
2026-05-23T08:39:20.059Z,0,70.94999694824219,95
2026-05-23T08:39:20.125Z,0,70.94999694824219,95
2026-05-23T08:39:20.192Z,0,70.94999694824219,95
2026-05-23T08:39:20.259Z,0,70.94999694824219,95
2026-05-23T08:39:20.326Z,0,70.94999694824219,95
2026-05-23T08:39:20.393Z,0,70.94999694824219,95
2026-05-23T08:39:20.461Z,0,70.94999694824219,95
2026-05-23T08:39:20.527Z,0,70.94999694824219,95
2026-05-23T08:39:20.594Z,0,70.94999694824219,95
2026-05-23T08:39:20.661Z,0,70.94999694824219,95
2026-05-23T08:39:20.730Z,0,70.94999694824219,95
2026-05-23T08:39:20.795Z,0,70.94999694824219,95
2026-05-23T08:39:20.862Z,0,70.94999694824219,95
2026-05-23T08:39:20.929Z,0,70.94999694824219,95
2026-05-23T08:39:20.996Z,0,70.94999694824219,95
2026-05-23T08:39:21.064Z,0,70.72000122070312,95
2026-05-23T08:39:21.130Z,0,70.72000122070312,95
2026-05-23T08:39:21.196Z,0,70.72000122070312,95
2026-05-23T08:39:21.263Z,0,70.72000122070312,95
2026-05-23T08:39:21.330Z,0,70.72000122070312,95
2026-05-23T08:39:21.397Z,0,70.72000122070312,95
2026-05-23T08:39:21.464Z,0,70.72000122070312,95
2026-05-23T08:39:21.531Z,0,70.72000122070312,95
2026-05-23T08:39:21.599Z,0,70.72000122070312,95
2026-05-23T08:39:21.664Z,0,70.72000122070312,95
2026-05-23T08:39:21.731Z,0,70.72000122070312,95
2026-05-23T08:39:21.798Z,0,70.72000122070312,95
2026-05-23T08:39:21.865Z,0,70.72000122070312,95
2026-05-23T08:39:21.932Z,0,70.72000122070312,95
2026-05-23T08:39:21.999Z,0,70.72000122070312,95
2026-05-23T08:39:22.066Z,0,70.72000122070312,95
2026-05-23T08:39:22.133Z,0,70.72000122070312,95
2026-05-23T08:39:22.200Z,0,70.4800033569336,95
2026-05-23T08:39:22.267Z,0,70.4800033569336,95
2026-05-23T08:39:22.333Z,0,70.4800033569336,95
2026-05-23T08:39:22.400Z,0,70.4800033569336,95
2026-05-23T08:39:22.467Z,0,70.4800033569336,95
2026-05-23T08:39:22.534Z,0,70.4800033569336,95
2026-05-23T08:39:22.601Z,0,70.4800033569336,95
2026-05-23T08:39:22.668Z,0,70.4800033569336,95
2026-05-23T08:39:22.735Z,0,70.4800033569336,95
2026-05-23T08:39:22.802Z,0,70.4800033569336,95
2026-05-23T08:39:22.869Z,0,70.4800033569336,95
2026-05-23T08:39:22.936Z,0,70.4800033569336,95
2026-05-23T08:39:23.003Z,0,70.4800033569336,95
2026-05-23T08:39:23.069Z,0,70.4800033569336,95
2026-05-23T08:39:23.136Z,0,70.4800033569336,95
2026-05-23T08:39:23.203Z,0,70.4800033569336,95
2026-05-23T08:39:23.270Z,0,70.25,95
2026-05-23T08:39:23.337Z,0,70.25,95
2026-05-23T08:39:23.404Z,0,70.25,95
2026-05-23T08:39:23.471Z,0,70.25,95
2026-05-23T08:39:23.538Z,0,70.25,95
2026-05-23T08:39:23.605Z,0,70.25,95
2026-05-23T08:39:23.672Z,0,70.25,95
2026-05-23T08:39:23.739Z,0,70.25,95
2026-05-23T08:39:23.805Z,0,70.25,95
2026-05-23T08:39:23.876Z,0,70.25,95
2026-05-23T08:39:23.939Z,0,70.25,95
2026-05-23T08:39:24.006Z,0,70.25,95
2026-05-23T08:39:24.073Z,0,70.25,95
2026-05-23T08:39:24.140Z,0,70.25,95
2026-05-23T08:39:24.207Z,0,70.25,95
2026-05-23T08:39:24.274Z,0,70.25,95
2026-05-23T08:39:24.341Z,0,70.25,95
2026-05-23T08:39:24.408Z,0,70.0199966430664,95
2026-05-23T08:39:24.475Z,0,70.0199966430664,95
2026-05-23T08:39:24.541Z,0,70.0199966430664,95
2026-05-23T08:39:24.608Z,0,70.0199966430664,95
2026-05-23T08:39:24.675Z,0,70.0199966430664,95
2026-05-23T08:39:24.742Z,0,70.0199966430664,95
2026-05-23T08:39:24.809Z,0,70.0199966430664,95
2026-05-23T08:39:24.876Z,0,70.0199966430664,95
2026-05-23T08:39:24.943Z,0,70.0199966430664,95
2026-05-23T08:39:25.010Z,0,70.0199966430664,95
2026-05-23T08:39:25.077Z,0,70.0199966430664,95
2026-05-23T08:39:25.144Z,0,70.0199966430664,95
2026-05-23T08:39:25.211Z,0,70.0199966430664,95
2026-05-23T08:39:25.277Z,0,70.0199966430664,95
2026-05-23T08:39:25.344Z,0,70.0199966430664,95
2026-05-23T08:39:25.412Z,0,70.0199966430664,95
2026-05-23T08:39:25.479Z,0,69.79000091552734,95
2026-05-23T08:39:25.545Z,0,69.79000091552734,95
2026-05-23T08:39:25.613Z,0,69.79000091552734,95
2026-05-23T08:39:25.680Z,0,69.79000091552734,95
2026-05-23T08:39:25.746Z,0,69.79000091552734,95
2026-05-23T08:39:25.813Z,0,69.79000091552734,95
2026-05-23T08:39:25.880Z,0,69.79000091552734,95
2026-05-23T08:39:25.947Z,0,69.79000091552734,95
2026-05-23T08:39:26.014Z,0,69.79000091552734,95
2026-05-23T08:39:26.080Z,0,69.79000091552734,95
2026-05-23T08:39:26.147Z,0,69.79000091552734,95
2026-05-23T08:39:26.214Z,0,69.79000091552734,95
2026-05-23T08:39:26.281Z,0,69.79000091552734,95
2026-05-23T08:39:26.348Z,0,69.79000091552734,95
2026-05-23T08:39:26.415Z,0,69.79000091552734,95
2026-05-23T08:39:26.482Z,0,69.79000091552734,95
2026-05-23T08:39:26.549Z,0,69.79000091552734,95
2026-05-23T08:39:26.616Z,0,69.56999969482422,95
2026-05-23T08:39:26.682Z,0,69.56999969482422,95
2026-05-23T08:39:26.749Z,0,69.56999969482422,95
2026-05-23T08:39:26.817Z,0,69.56999969482422,95
2026-05-23T08:39:26.883Z,0,69.56999969482422,95
2026-05-23T08:39:26.950Z,0,69.56999969482422,95
2026-05-23T08:39:27.017Z,0,69.56999969482422,95
2026-05-23T08:39:27.084Z,0,69.56999969482422,95
2026-05-23T08:39:27.151Z,0,69.56999969482422,95
2026-05-23T08:39:27.218Z,0,69.56999969482422,95
2026-05-23T08:39:27.285Z,0,69.56999969482422,95
2026-05-23T08:39:27.352Z,0,69.56999969482422,95
2026-05-23T08:39:27.419Z,0,69.56999969482422,95
2026-05-23T08:39:27.485Z,0,69.56999969482422,95
2026-05-23T08:39:27.552Z,0,69.56999969482422,95
2026-05-23T08:39:27.619Z,0,69.56999969482422,95
2026-05-23T08:39:27.686Z,0,69.56999969482422,95
2026-05-23T08:39:27.753Z,0,69.33999633789062,95
2026-05-23T08:39:27.820Z,0,69.33999633789062,95
2026-05-23T08:39:27.887Z,0,69.33999633789062,95
2026-05-23T08:39:27.954Z,0,69.33999633789062,95
2026-05-23T08:39:28.021Z,0,69.33999633789062,95
2026-05-23T08:39:28.088Z,0,69.33999633789062,95
2026-05-23T08:39:28.154Z,0,69.33999633789062,95
2026-05-23T08:39:28.221Z,0,69.33999633789062,95
2026-05-23T08:39:28.288Z,0,69.33999633789062,95
2026-05-23T08:39:28.355Z,0,69.33999633789062,95
2026-05-23T08:39:28.422Z,0,69.33999633789062,95
2026-05-23T08:39:28.489Z,0,69.33999633789062,95
2026-05-23T08:39:28.556Z,0,69.33999633789062,95
2026-05-23T08:39:28.623Z,0,69.33999633789062,95
2026-05-23T08:39:28.690Z,0,69.33999633789062,95
2026-05-23T08:39:28.757Z,0,69.33999633789062,95
2026-05-23T08:39:28.824Z,0,69.33999633789062,95
2026-05-23T08:39:28.891Z,0,69.12000274658203,95
2026-05-23T08:39:28.957Z,0,69.12000274658203,95
2026-05-23T08:39:29.024Z,0,69.12000274658203,95
2026-05-23T08:39:29.091Z,0,69.12000274658203,95
2026-05-23T08:39:29.158Z,0,69.12000274658203,95
2026-05-23T08:39:29.225Z,0,69.12000274658203,95
2026-05-23T08:39:29.292Z,0,69.12000274658203,95
2026-05-23T08:39:29.359Z,0,69.12000274658203,95
2026-05-23T08:39:29.426Z,0,69.12000274658203,95
2026-05-23T08:39:29.493Z,0,69.12000274658203,95
2026-05-23T08:39:29.560Z,0,69.12000274658203,95
2026-05-23T08:39:29.627Z,0,69.12000274658203,95
2026-05-23T08:39:29.695Z,0,69.12000274658203,95
2026-05-23T08:39:29.760Z,0,69.12000274658203,95
2026-05-23T08:39:29.827Z,0,69.12000274658203,95
2026-05-23T08:39:29.894Z,0,69.12000274658203,95
2026-05-23T08:39:29.961Z,0,69.12000274658203,95
2026-05-23T08:39:30.028Z,0,68.88999938964844,95
2026-05-23T08:39:30.095Z,0,68.88999938964844,95
2026-05-23T08:39:30.162Z,0,68.88999938964844,95
2026-05-23T08:39:30.229Z,0,68.88999938964844,95
2026-05-23T08:39:30.296Z,0,68.88999938964844,95
2026-05-23T08:39:30.363Z,0,68.88999938964844,95
2026-05-23T08:39:30.430Z,0,68.88999938964844,95
2026-05-23T08:39:30.497Z,0,68.88999938964844,95
2026-05-23T08:39:30.564Z,0,68.88999938964844,95
2026-05-23T08:39:30.630Z,0,68.88999938964844,95
2026-05-23T08:39:30.697Z,0,68.88999938964844,95
2026-05-23T08:39:30.764Z,0,68.88999938964844,95
2026-05-23T08:39:30.831Z,0,68.88999938964844,95
2026-05-23T08:39:30.898Z,0,68.88999938964844,95
2026-05-23T08:39:30.965Z,0,68.88999938964844,95
2026-05-23T08:39:31.032Z,0,68.88999938964844,95
2026-05-23T08:39:31.099Z,0,68.88999938964844,95
2026-05-23T08:39:31.165Z,0,68.66999816894531,95
2026-05-23T08:39:31.233Z,0,68.66999816894531,95
2026-05-23T08:39:31.299Z,0,68.66999816894531,95
2026-05-23T08:39:31.366Z,0,68.66999816894531,95
2026-05-23T08:39:31.433Z,0,68.66999816894531,95
2026-05-23T08:39:31.500Z,0,68.66999816894531,95
2026-05-23T08:39:31.567Z,0,68.66999816894531,95
2026-05-23T08:39:31.634Z,0,68.66999816894531,95
2026-05-23T08:39:31.701Z,0,68.66999816894531,95
2026-05-23T08:39:31.768Z,0,68.66999816894531,95
2026-05-23T08:39:31.835Z,0,68.66999816894531,95
2026-05-23T08:39:31.901Z,0,68.66999816894531,95
2026-05-23T08:39:31.968Z,0,68.66999816894531,95
2026-05-23T08:39:32.035Z,0,68.66999816894531,95
2026-05-23T08:39:32.102Z,0,68.66999816894531,95
2026-05-23T08:39:32.169Z,0,68.66999816894531,95
2026-05-23T08:39:32.236Z,0,68.44999694824219,95
2026-05-23T08:39:32.303Z,0,68.44999694824219,95
2026-05-23T08:39:32.372Z,0,68.44999694824219,95
2026-05-23T08:39:32.449Z,0,68.44999694824219,95
2026-05-23T08:39:32.504Z,0,68.44999694824219,95
2026-05-23T08:39:32.570Z,0,68.44999694824219,95
2026-05-23T08:39:32.638Z,0,68.44999694824219,95
2026-05-23T08:39:32.705Z,0,68.44999694824219,95
2026-05-23T08:39:32.772Z,0,68.44999694824219,95
2026-05-23T08:39:32.838Z,0,68.44999694824219,95
2026-05-23T08:39:32.905Z,0,68.44999694824219,95
2026-05-23T08:39:32.972Z,0,68.44999694824219,95
2026-05-23T08:39:33.039Z,0,68.44999694824219,95
2026-05-23T08:39:33.106Z,0,68.44999694824219,95
2026-05-23T08:39:33.173Z,0,68.44999694824219,95
2026-05-23T08:39:33.240Z,0,68.44999694824219,95
2026-05-23T08:39:33.306Z,0,68.44999694824219,95
2026-05-23T08:39:33.373Z,0,68.2300033569336,95
2026-05-23T08:39:33.440Z,0,68.2300033569336,95
2026-05-23T08:39:33.507Z,0,68.2300033569336,95
2026-05-23T08:39:33.574Z,0,68.2300033569336,95
2026-05-23T08:39:33.641Z,0,68.2300033569336,95
2026-05-23T08:39:33.708Z,0,68.2300033569336,95
2026-05-23T08:39:33.775Z,0,68.2300033569336,95
2026-05-23T08:39:33.842Z,0,68.2300033569336,95
2026-05-23T08:39:33.909Z,0,68.2300033569336,95
2026-05-23T08:39:33.975Z,0,68.2300033569336,95
2026-05-23T08:39:34.042Z,0,68.2300033569336,95
2026-05-23T08:39:34.109Z,0,68.2300033569336,95
2026-05-23T08:39:34.176Z,0,68.2300033569336,95
2026-05-23T08:39:34.243Z,0,68.2300033569336,95
2026-05-23T08:39:34.310Z,0,68.2300033569336,95
2026-05-23T08:39:34.377Z,0,68.2300033569336,95
2026-05-23T08:39:34.444Z,0,68.2300033569336,95
2026-05-23T08:39:34.511Z,0,68.2300033569336,95
2026-05-23T08:39:34.578Z,0,68.0199966430664,95
2026-05-23T08:39:34.645Z,0,68.0199966430664,95
2026-05-23T08:39:34.712Z,0,68.0199966430664,95
2026-05-23T08:39:34.778Z,0,68.0199966430664,95
2026-05-23T08:39:34.845Z,0,68.0199966430664,95
2026-05-23T08:39:34.912Z,0,68.0199966430664,95
2026-05-23T08:39:34.979Z,0,68.0199966430664,95
2026-05-23T08:39:35.046Z,0,68.0199966430664,95
2026-05-23T08:39:35.113Z,0,68.0199966430664,95
2026-05-23T08:39:35.180Z,0,68.0199966430664,95
2026-05-23T08:39:35.247Z,0,68.0199966430664,95
2026-05-23T08:39:35.314Z,0,68.0199966430664,95
2026-05-23T08:39:35.381Z,0,68.0199966430664,95
2026-05-23T08:39:35.448Z,0,68.0199966430664,95
2026-05-23T08:39:35.515Z,0,68.0199966430664,95
2026-05-23T08:39:35.582Z,0,68.0199966430664,95
2026-05-23T08:39:35.648Z,0,68.0199966430664,95
2026-05-23T08:39:35.715Z,0,67.80000305175781,95
2026-05-23T08:39:35.782Z,0,67.80000305175781,95
2026-05-23T08:39:35.849Z,0,67.80000305175781,95
2026-05-23T08:39:35.916Z,0,67.80000305175781,95
2026-05-23T08:39:35.983Z,0,67.80000305175781,95
2026-05-23T08:39:36.050Z,0,67.80000305175781,95
2026-05-23T08:39:36.117Z,0,67.80000305175781,95
2026-05-23T08:39:36.184Z,0,67.80000305175781,95
2026-05-23T08:39:36.251Z,0,67.80000305175781,95
2026-05-23T08:39:36.322Z,0,67.80000305175781,95
2026-05-23T08:39:36.385Z,0,67.80000305175781,95
2026-05-23T08:39:36.451Z,0,67.80000305175781,95
2026-05-23T08:39:36.518Z,0,67.80000305175781,95
2026-05-23T08:39:36.585Z,0,67.80000305175781,95
2026-05-23T08:39:36.652Z,0,67.80000305175781,95
2026-05-23T08:39:36.719Z,0,67.80000305175781,95
2026-05-23T08:39:36.790Z,0,67.80000305175781,95
2026-05-23T08:39:36.853Z,0,67.80000305175781,95
2026-05-23T08:39:36.920Z,0,67.58999633789062,95
2026-05-23T08:39:36.986Z,0,67.58999633789062,95
2026-05-23T08:39:37.053Z,0,67.58999633789062,95
2026-05-23T08:39:37.120Z,0,67.58999633789062,95
2026-05-23T08:39:37.187Z,0,67.58999633789062,95
2026-05-23T08:39:37.254Z,0,67.58999633789062,95
2026-05-23T08:39:37.321Z,0,67.58999633789062,95
2026-05-23T08:39:37.388Z,0,67.58999633789062,95
2026-05-23T08:39:37.455Z,0,67.58999633789062,95
2026-05-23T08:39:37.522Z,0,67.58999633789062,95
2026-05-23T08:39:37.589Z,0,67.58999633789062,95
2026-05-23T08:39:37.655Z,0,67.58999633789062,95
2026-05-23T08:39:37.722Z,0,67.58999633789062,95
2026-05-23T08:39:37.789Z,0,67.58999633789062,95
2026-05-23T08:39:37.856Z,0,67.58999633789062,95
2026-05-23T08:39:37.923Z,0,67.58999633789062,95
2026-05-23T08:39:37.990Z,0,67.58999633789062,95
2026-05-23T08:39:38.057Z,0,67.37999725341797,95
2026-05-23T08:39:38.124Z,0,67.37999725341797,95
2026-05-23T08:39:38.191Z,0,67.37999725341797,95
2026-05-23T08:39:38.258Z,0,67.37999725341797,95
2026-05-23T08:39:38.325Z,0,67.37999725341797,95
2026-05-23T08:39:38.391Z,0,67.37999725341797,95
2026-05-23T08:39:38.458Z,0,67.37999725341797,95
2026-05-23T08:39:38.525Z,0,67.37999725341797,95
2026-05-23T08:39:38.592Z,0,67.37999725341797,95
2026-05-23T08:39:38.659Z,0,67.37999725341797,95
2026-05-23T08:39:38.726Z,0,67.37999725341797,95
2026-05-23T08:39:38.793Z,0,67.37999725341797,95
2026-05-23T08:39:38.860Z,0,67.37999725341797,95